anchor,replication,origin_index,fixed_point_indicator,basin_fraction,d_hat_at_r_true,ARI_at_r_true,r0_released,end_to_end_success,released_stop_state,released_terminal_r,released_n_iter
S0,0,0,1,0.5555555555555556,2.0,0.6419549516868384,6,0,wrong_fixed_point,6.0,1.0
S0,0,124,1,0.5555555555555556,2.0,0.6761525694119922,6,0,wrong_fixed_point,6.0,1.0
S0,0,249,1,0.5555555555555556,2.0,0.6627289620387576,6,0,wrong_fixed_point,6.0,1.0
S0,0,374,1,0.5555555555555556,2.0,0.6705348460291735,7,0,wrong_fixed_point,7.0,1.0
S0,0,498,1,0.5555555555555556,2.0,0.7113317893263575,6,0,wrong_fixed_point,6.0,1.0
S0,1,0,1,0.4444444444444444,2.0,0.7373839449251564,6,0,wrong_fixed_point,6.0,1.0
S0,1,124,1,0.4444444444444444,2.0,0.7110013485628869,6,0,wrong_fixed_point,6.0,1.0
S0,1,249,1,0.4444444444444444,2.0,0.8154092029033762,7,0,wrong_fixed_point,7.0,1.0
S0,1,374,1,0.4444444444444444,2.0,0.7019244752532842,7,0,wrong_fixed_point,7.0,1.0
S0,1,498,1,0.5555555555555556,2.0,0.7657095573024411,7,0,wrong_fixed_point,7.0,1.0
S0,2,0,1,0.5555555555555556,2.0,0.5855114288525235,6,0,wrong_fixed_point,6.0,1.0
S0,2,124,1,0.5555555555555556,2.0,0.6580875074242725,6,0,wrong_fixed_point,6.0,1.0
S0,2,249,1,0.5555555555555556,2.0,0.5679517198166408,6,0,wrong_fixed_point,6.0,1.0
S0,2,374,1,0.5555555555555556,2.0,0.528097115241881,6,0,wrong_fixed_point,6.0,1.0
S0,2,498,1,0.5555555555555556,3.0,0.5490324696621843,6,0,wrong_fixed_point,6.0,1.0
S0,3,0,1,0.4444444444444444,2.0,0.5062818177572276,7,0,wrong_fixed_point,7.0,1.0
S0,3,124,1,0.3333333333333333,2.0,0.6603334049267269,7,0,wrong_fixed_point,7.0,1.0
S0,3,249,1,0.3333333333333333,2.0,0.5813682765208047,7,0,wrong_fixed_point,7.0,1.0
S0,3,374,1,0.3333333333333333,2.0,0.5563066776586975,7,0,wrong_fixed_point,7.0,1.0
S0,3,498,1,0.3333333333333333,2.0,0.5982991495747874,7,0,wrong_fixed_point,7.0,1.0
S0,4,0,1,0.4444444444444444,2.0,0.6197967607711818,6,0,wrong_fixed_point,6.0,1.0
S0,4,124,1,0.4444444444444444,2.0,0.5926466684364216,7,0,wrong_fixed_point,7.0,1.0
S0,4,249,1,0.4444444444444444,2.0,0.6398571334082942,7,0,wrong_fixed_point,7.0,1.0
S0,4,374,1,0.4444444444444444,2.0,0.6360374725931832,7,0,wrong_fixed_point,7.0,1.0
S0,4,498,1,0.4444444444444444,2.0,0.6206270926454337,7,0,wrong_fixed_point,7.0,1.0
S0,5,0,1,0.5555555555555556,2.0,0.6301231236296171,6,0,wrong_fixed_point,6.0,1.0
S0,5,124,1,0.5555555555555556,2.0,0.5790479576870083,6,0,wrong_fixed_point,6.0,1.0
S0,5,249,1,0.5555555555555556,2.0,0.6379344326916759,6,0,wrong_fixed_point,6.0,1.0
S0,5,374,1,0.5555555555555556,2.0,0.6610933684012775,6,0,wrong_fixed_point,6.0,1.0
S0,5,498,1,0.5555555555555556,2.0,0.5623189249785258,6,0,wrong_fixed_point,6.0,1.0
S0,6,0,1,0.5555555555555556,3.0,0.5333478368970661,6,0,wrong_fixed_point,6.0,1.0
S0,6,124,1,0.5555555555555556,2.0,0.6071366788809033,6,0,wrong_fixed_point,6.0,1.0
S0,6,249,1,0.5555555555555556,2.0,0.6252710364433594,6,0,wrong_fixed_point,6.0,1.0
S0,6,374,1,0.5555555555555556,2.0,0.5804180734142662,6,0,wrong_fixed_point,6.0,1.0
S0,6,498,1,0.5555555555555556,2.0,0.591753707178559,6,0,wrong_fixed_point,6.0,1.0
S0,7,0,1,0.5555555555555556,2.0,0.6612,6,0,wrong_fixed_point,6.0,1.0
S0,7,124,1,0.8888888888888888,2.0,0.6725646414780782,5,1,correct_fixed_point,5.0,1.0
S0,7,249,1,0.5555555555555556,2.0,0.633491428656388,6,0,wrong_fixed_point,6.0,1.0
S0,7,374,1,0.5555555555555556,2.0,0.668783609120937,6,0,wrong_fixed_point,6.0,1.0
S0,7,498,1,0.5555555555555556,2.0,0.7998290401591241,6,0,wrong_fixed_point,6.0,1.0
S0,8,0,1,0.8888888888888888,2.0,0.6661127132313407,5,1,correct_fixed_point,5.0,1.0
S0,8,124,1,0.5555555555555556,2.0,0.6464501724511389,5,1,correct_fixed_point,5.0,1.0
S0,8,249,1,0.5555555555555556,2.0,0.6333742448634777,6,0,wrong_fixed_point,6.0,1.0
S0,8,374,1,0.5555555555555556,2.0,0.5399267277821064,6,0,wrong_fixed_point,6.0,1.0
S0,8,498,1,0.5555555555555556,2.0,0.5516616040259328,6,0,wrong_fixed_point,6.0,1.0
S0,9,0,1,0.5555555555555556,2.0,0.6727618694017728,6,0,wrong_fixed_point,6.0,1.0
S0,9,124,1,0.5555555555555556,2.0,0.7331594744870344,6,0,wrong_fixed_point,6.0,1.0
S0,9,249,1,0.5555555555555556,2.0,0.6566518587795184,6,0,wrong_fixed_point,6.0,1.0
S0,9,374,1,0.5555555555555556,2.0,0.6919286871961102,6,0,wrong_fixed_point,6.0,1.0
S0,9,498,1,0.5555555555555556,2.0,0.695464159811986,7,0,wrong_fixed_point,7.0,1.0
S0,10,0,1,0.5555555555555556,2.0,0.5706053658838838,7,0,wrong_fixed_point,7.0,1.0
S0,10,124,1,0.5555555555555556,2.0,0.5891616796246871,7,0,wrong_fixed_point,7.0,1.0
S0,10,249,1,0.5555555555555556,2.0,0.583376303664399,7,0,wrong_fixed_point,7.0,1.0
S0,10,374,1,0.5555555555555556,2.0,0.66590195002743,7,0,wrong_fixed_point,7.0,1.0
S0,10,498,1,0.5555555555555556,2.0,0.6136729712226632,7,0,wrong_fixed_point,7.0,1.0
S0,11,0,1,0.5555555555555556,3.0,0.6498308697465363,6,0,wrong_fixed_point,6.0,1.0
S0,11,124,1,0.5555555555555556,2.0,0.6404334695327767,6,0,wrong_fixed_point,6.0,1.0
S0,11,249,1,0.4444444444444444,2.0,0.6554103896529679,6,0,wrong_fixed_point,6.0,1.0
S0,11,374,1,0.5555555555555556,2.0,0.6948622777886306,6,0,wrong_fixed_point,6.0,1.0
S0,11,498,1,0.5555555555555556,2.0,0.638665199003534,6,0,wrong_fixed_point,6.0,1.0
S0,12,0,1,0.5555555555555556,2.0,0.6817338505650195,6,0,wrong_fixed_point,6.0,1.0
S0,12,124,1,0.5555555555555556,2.0,0.5981588984024384,6,0,wrong_fixed_point,6.0,1.0
S0,12,249,1,0.5555555555555556,2.0,0.6927175268416705,6,0,wrong_fixed_point,6.0,1.0
S0,12,374,1,0.5555555555555556,2.0,0.5726194611224136,6,0,wrong_fixed_point,6.0,1.0
S0,12,498,1,0.5555555555555556,2.0,0.5668276972624798,6,0,wrong_fixed_point,6.0,1.0
S0,13,0,1,0.5555555555555556,2.0,0.67827371870031,7,0,wrong_fixed_point,7.0,1.0
S0,13,124,1,0.5555555555555556,2.0,0.6777757652599167,7,0,wrong_fixed_point,7.0,1.0
S0,13,249,1,0.5555555555555556,2.0,0.6503434854205825,6,0,wrong_fixed_point,6.0,1.0
S0,13,374,1,0.5555555555555556,2.0,0.6953542141419518,6,0,wrong_fixed_point,6.0,1.0
S0,13,498,1,0.5555555555555556,2.0,0.5915627552829112,6,0,wrong_fixed_point,6.0,1.0
S0,14,0,1,0.8888888888888888,3.0,0.4871203702167891,5,1,correct_fixed_point,5.0,1.0
S0,14,124,1,1.0,3.0,0.6349185474988904,5,1,correct_fixed_point,5.0,1.0
S0,14,249,1,1.0,3.0,0.6231110667797117,5,1,correct_fixed_point,5.0,1.0
S0,14,374,1,0.8888888888888888,2.0,0.6398520419214556,5,1,correct_fixed_point,5.0,1.0
S0,14,498,1,0.5555555555555556,2.0,0.6574470566672777,5,1,correct_fixed_point,5.0,1.0
S0,15,0,1,0.5555555555555556,2.0,0.6727618694017728,7,0,wrong_fixed_point,7.0,1.0
S0,15,124,1,0.4444444444444444,2.0,0.6059716250430718,7,0,wrong_fixed_point,7.0,1.0
S0,15,249,1,0.4444444444444444,2.0,0.6528835690968444,7,0,wrong_fixed_point,7.0,1.0
S0,15,374,1,0.4444444444444444,2.0,0.6227322467315556,7,0,wrong_fixed_point,7.0,1.0
S0,15,498,1,0.3333333333333333,2.0,0.6600720273011779,7,0,wrong_fixed_point,7.0,1.0
S0,16,0,1,0.4444444444444444,2.0,0.6390517338301666,6,0,wrong_fixed_point,6.0,1.0
S0,16,124,1,0.5555555555555556,2.0,0.6789189189189189,6,0,wrong_fixed_point,6.0,1.0
S0,16,249,1,0.5555555555555556,2.0,0.633844927247359,6,0,wrong_fixed_point,6.0,1.0
S0,16,374,1,0.4444444444444444,2.0,0.5971475191877682,6,0,wrong_fixed_point,6.0,1.0
S0,16,498,1,0.5555555555555556,2.0,0.6277776962905378,6,0,wrong_fixed_point,6.0,1.0
S0,17,0,1,0.5555555555555556,2.0,0.7113317893263575,7,0,wrong_fixed_point,7.0,1.0
S0,17,124,1,0.5555555555555556,2.0,0.7244445151336821,7,0,wrong_fixed_point,7.0,1.0
S0,17,249,1,0.5555555555555556,2.0,0.7277370350969093,6,0,wrong_fixed_point,6.0,1.0
S0,17,374,1,0.5555555555555556,2.0,0.6888423258250392,6,0,wrong_fixed_point,6.0,1.0
S0,17,498,1,0.4444444444444444,2.0,0.695675044794766,6,0,wrong_fixed_point,6.0,1.0
S0,18,0,1,0.5555555555555556,3.0,0.5738208997587397,7,0,wrong_fixed_point,7.0,1.0
S0,18,124,1,0.5555555555555556,2.0,0.6251270793122247,7,0,wrong_fixed_point,7.0,1.0
S0,18,249,1,0.5555555555555556,2.0,0.6756385781676475,6,0,wrong_fixed_point,6.0,1.0
S0,18,374,1,0.5555555555555556,2.0,0.6045200534098215,6,0,wrong_fixed_point,6.0,1.0
S0,18,498,1,0.5555555555555556,2.0,0.6349882397813235,6,0,wrong_fixed_point,6.0,1.0
S0,19,0,1,0.5555555555555556,2.0,0.5609575625680087,6,0,wrong_fixed_point,6.0,1.0
S0,19,124,1,0.5555555555555556,2.0,0.5566490282379705,6,0,wrong_fixed_point,6.0,1.0
S0,19,249,1,0.5555555555555556,2.0,0.5598687807545106,5,1,correct_fixed_point,5.0,1.0
S0,19,374,1,1.0,2.0,0.5581795614398014,5,1,correct_fixed_point,5.0,1.0
S0,19,498,1,0.5555555555555556,2.0,0.5656042097944091,6,0,wrong_fixed_point,6.0,1.0
S1,0,0,1,0.4444444444444444,2.0,0.6147774391766998,7,0,wrong_fixed_point,7.0,1.0
S1,0,124,1,0.4444444444444444,2.0,0.56159811524492,7,0,wrong_fixed_point,7.0,1.0
S1,0,249,1,0.3333333333333333,2.0,0.5242549274242598,7,0,wrong_fixed_point,7.0,1.0
S1,0,374,1,0.4444444444444444,2.0,0.5704153271728631,7,0,wrong_fixed_point,7.0,1.0
S1,0,498,1,0.3333333333333333,2.0,0.6572564157084676,7,0,wrong_fixed_point,7.0,1.0
S1,1,0,1,0.3333333333333333,2.0,0.7054346312711747,7,0,wrong_fixed_point,7.0,1.0
S1,1,124,1,0.2222222222222222,2.0,0.8493853483026285,6,0,wrong_fixed_point,7.0,2.0
S1,1,249,1,0.2222222222222222,2.0,0.7912662033614274,7,0,wrong_fixed_point,7.0,1.0
S1,1,374,1,0.2222222222222222,2.0,0.7573125686333233,7,0,wrong_fixed_point,7.0,1.0
S1,1,498,1,0.2222222222222222,2.0,0.77916341475565,7,0,wrong_fixed_point,7.0,1.0
S1,2,0,1,0.5555555555555556,2.0,0.473954576899866,6,0,wrong_fixed_point,6.0,1.0
S1,2,124,1,0.5555555555555556,2.0,0.6117066606862526,6,0,wrong_fixed_point,6.0,1.0
S1,2,249,1,0.5555555555555556,2.0,0.5829860015609173,6,0,wrong_fixed_point,6.0,1.0
S1,2,374,1,0.5555555555555556,2.0,0.4871632484045403,6,0,wrong_fixed_point,6.0,1.0
S1,2,498,1,0.5555555555555556,3.0,0.486185719096259,6,0,wrong_fixed_point,6.0,1.0
S1,3,0,1,0.3333333333333333,2.0,0.2249993380814954,7,0,wrong_fixed_point,7.0,1.0
S1,3,124,1,0.2222222222222222,2.0,0.3200621295210321,7,0,wrong_fixed_point,7.0,1.0
S1,3,249,1,0.2222222222222222,2.0,0.3710292249047014,7,0,wrong_fixed_point,7.0,1.0
S1,3,374,1,0.3333333333333333,2.0,0.4735079771518613,7,0,wrong_fixed_point,7.0,1.0
S1,3,498,1,0.3333333333333333,2.0,0.6071749318267174,7,0,wrong_fixed_point,7.0,1.0
S1,4,0,1,0.4444444444444444,2.0,0.5920420166776725,6,0,wrong_fixed_point,6.0,1.0
S1,4,124,1,0.4444444444444444,2.0,0.6858914146158182,6,0,wrong_fixed_point,6.0,1.0
S1,4,249,1,0.3333333333333333,2.0,0.6922991969455532,6,0,wrong_fixed_point,6.0,1.0
S1,4,374,1,0.4444444444444444,2.0,0.7090673450775212,6,0,wrong_fixed_point,6.0,1.0
S1,4,498,1,0.3333333333333333,2.0,0.6598813371279726,6,0,wrong_fixed_point,6.0,1.0
S1,5,0,1,0.3333333333333333,2.0,0.5964577237024488,7,0,wrong_fixed_point,7.0,1.0
S1,5,124,1,0.4444444444444444,2.0,0.5962597689570572,7,0,wrong_fixed_point,7.0,1.0
S1,5,249,1,0.4444444444444444,2.0,0.5846687825393599,7,0,wrong_fixed_point,7.0,1.0
S1,5,374,1,0.4444444444444444,2.0,0.6004196782466775,7,0,wrong_fixed_point,7.0,1.0
S1,5,498,1,0.5555555555555556,2.0,0.7329014390979675,6,0,wrong_fixed_point,6.0,1.0
S1,6,0,1,0.5555555555555556,3.0,0.4796191609639988,6,0,wrong_fixed_point,6.0,1.0
S1,6,124,1,0.5555555555555556,2.0,0.5304974009251753,6,0,wrong_fixed_point,6.0,1.0
S1,6,249,1,0.5555555555555556,2.0,0.6343535998133862,6,0,wrong_fixed_point,6.0,1.0
S1,6,374,1,0.5555555555555556,2.0,0.6580875074242725,6,0,wrong_fixed_point,6.0,1.0
S1,6,498,1,0.5555555555555556,2.0,0.6655530749586418,6,0,wrong_fixed_point,6.0,1.0
S1,7,0,1,0.5555555555555556,2.0,0.4239789030860516,6,0,wrong_fixed_point,6.0,1.0
S1,7,124,1,0.5555555555555556,2.0,0.6005881744424905,6,0,wrong_fixed_point,6.0,1.0
S1,7,249,1,0.5555555555555556,2.0,0.3594096288961192,6,0,wrong_fixed_point,6.0,1.0
S1,7,374,1,0.5555555555555556,2.0,0.4207388673109927,6,0,wrong_fixed_point,6.0,1.0
S1,7,498,1,0.5555555555555556,2.0,0.7508384687825268,6,0,wrong_fixed_point,6.0,1.0
S1,8,0,1,0.4444444444444444,2.0,0.6551193350292464,6,0,wrong_fixed_point,6.0,1.0
S1,8,124,1,0.4444444444444444,2.0,0.5780294886810313,6,0,wrong_fixed_point,6.0,1.0
S1,8,249,1,0.4444444444444444,2.0,0.5069163854161715,6,0,wrong_fixed_point,6.0,1.0
S1,8,374,1,0.3333333333333333,2.0,0.4976278334211914,6,0,wrong_fixed_point,6.0,1.0
S1,8,498,1,0.4444444444444444,2.0,0.5738973897389739,6,0,wrong_fixed_point,6.0,1.0
S1,9,0,1,0.4444444444444444,2.0,0.6395690987980649,7,0,wrong_fixed_point,7.0,1.0
S1,9,124,1,0.4444444444444444,2.0,0.6890440645316639,7,0,wrong_fixed_point,7.0,1.0
S1,9,249,1,0.4444444444444444,2.0,0.7016868748859659,6,0,wrong_fixed_point,6.0,1.0
S1,9,374,1,0.4444444444444444,2.0,0.7587550582005296,7,0,wrong_fixed_point,7.0,1.0
S1,9,498,1,0.4444444444444444,2.0,0.7037150061836462,7,0,wrong_fixed_point,7.0,1.0
S1,10,0,1,0.3333333333333333,2.0,0.6230787309048179,7,0,wrong_fixed_point,7.0,1.0
S1,10,124,1,0.4444444444444444,2.0,0.619303875586275,7,0,wrong_fixed_point,7.0,1.0
S1,10,249,1,0.5555555555555556,2.0,0.58118256649067,7,0,wrong_fixed_point,7.0,1.0
S1,10,374,1,0.5555555555555556,2.0,0.5961595861108347,7,0,wrong_fixed_point,7.0,1.0
S1,10,498,1,0.4444444444444444,2.0,0.5972317659762443,7,0,wrong_fixed_point,7.0,1.0
S1,11,0,1,0.5555555555555556,2.0,0.5965336557839581,6,0,wrong_fixed_point,6.0,1.0
S1,11,124,1,0.5555555555555556,2.0,0.653876724070755,6,0,wrong_fixed_point,6.0,1.0
S1,11,249,1,0.3333333333333333,2.0,0.6005089058524173,6,0,wrong_fixed_point,6.0,1.0
S1,11,374,1,0.4444444444444444,2.0,0.6095953202077967,6,0,wrong_fixed_point,6.0,1.0
S1,11,498,1,0.3333333333333333,2.0,0.5834333368777628,6,0,wrong_fixed_point,6.0,1.0
S1,12,0,1,0.5555555555555556,2.0,0.5354721495989719,6,0,wrong_fixed_point,6.0,1.0
S1,12,124,1,0.5555555555555556,2.0,0.624348419155259,6,0,wrong_fixed_point,6.0,1.0
S1,12,249,1,0.5555555555555556,2.0,0.6349739682962126,6,0,wrong_fixed_point,6.0,1.0
S1,12,374,1,0.5555555555555556,2.0,0.5301825203438922,6,0,wrong_fixed_point,6.0,1.0
S1,12,498,1,0.5555555555555556,2.0,0.4474837466891403,6,0,wrong_fixed_point,6.0,1.0
S1,13,0,0,0.0,2.0,0.2742547772741106,7,0,wrong_fixed_point,7.0,1.0
S1,13,124,0,0.0,2.0,0.1523545706371191,7,0,wrong_fixed_point,7.0,1.0
S1,13,249,0,0.0,2.0,0.1314011183744191,6,0,wrong_fixed_point,6.0,1.0
S1,13,374,0,0.0,2.0,0.1139522910588639,6,0,wrong_fixed_point,6.0,1.0
S1,13,498,0,0.0,2.0,0.0878487848784878,6,0,wrong_fixed_point,6.0,1.0
S1,14,0,1,0.5555555555555556,3.0,0.4268401942754751,6,0,wrong_fixed_point,6.0,1.0
S1,14,124,1,0.5555555555555556,3.0,0.539109118472406,6,0,wrong_fixed_point,6.0,1.0
S1,14,249,1,0.5555555555555556,2.0,0.4589091989894486,6,0,wrong_fixed_point,6.0,1.0
S1,14,374,1,0.5555555555555556,2.0,0.4576579476861167,6,0,wrong_fixed_point,6.0,1.0
S1,14,498,1,0.5555555555555556,2.0,0.6106178715024206,6,0,wrong_fixed_point,6.0,1.0
S1,16,0,1,0.3333333333333333,2.0,0.6327486725954663,7,0,wrong_fixed_point,7.0,1.0
S1,16,124,1,0.3333333333333333,2.0,0.5793178647595529,7,0,wrong_fixed_point,7.0,1.0
S1,16,249,1,0.3333333333333333,2.0,0.7369026679598244,7,0,wrong_fixed_point,7.0,1.0
S1,16,374,1,0.2222222222222222,2.0,0.621641545242091,7,0,wrong_fixed_point,7.0,1.0
S1,16,498,0,0.0,2.0,0.3820344743869871,7,0,wrong_fixed_point,7.0,1.0
S1,17,0,0,0.0,2.0,0.2036962311355016,7,0,wrong_fixed_point,7.0,1.0
S1,17,124,1,0.4444444444444444,2.0,0.5372157396503999,7,0,wrong_fixed_point,7.0,1.0
S1,17,249,1,0.4444444444444444,2.0,0.696828250507183,7,0,wrong_fixed_point,7.0,1.0
S1,17,374,1,0.3333333333333333,2.0,0.7458722182340273,7,0,wrong_fixed_point,7.0,1.0
S1,17,498,0,0.0,2.0,0.2810480184128385,7,0,wrong_fixed_point,7.0,1.0
S1,18,0,1,0.5555555555555556,2.0,0.5340018405102656,6,0,wrong_fixed_point,6.0,1.0
S1,18,124,1,0.5555555555555556,2.0,0.429277331686226,6,0,wrong_fixed_point,6.0,1.0
S1,18,249,1,0.5555555555555556,2.0,0.498721044884894,6,0,wrong_fixed_point,6.0,1.0
S1,18,374,1,0.5555555555555556,2.0,0.6033322504292941,6,0,wrong_fixed_point,6.0,1.0
S1,18,498,1,0.5555555555555556,2.0,0.5228582571391429,6,0,wrong_fixed_point,6.0,1.0
S1,19,0,1,0.5555555555555556,2.0,0.5548490920278308,6,0,wrong_fixed_point,6.0,1.0
S1,19,124,1,0.5555555555555556,2.0,0.56163344362844,6,0,wrong_fixed_point,6.0,1.0
S1,19,249,1,0.5555555555555556,2.0,0.5940952725955443,5,1,correct_fixed_point,5.0,1.0
S1,19,374,1,0.5555555555555556,2.0,0.5194569299919956,5,1,correct_fixed_point,5.0,1.0
S1,19,498,1,0.5555555555555556,2.0,0.5381704606883296,6,0,wrong_fixed_point,6.0,1.0
S2,0,0,1,0.2222222222222222,2.0,0.3787861166032532,7,0,wrong_fixed_point,7.0,1.0
S2,0,124,1,0.2222222222222222,2.0,0.39718728025627,7,0,wrong_fixed_point,7.0,1.0
S2,0,249,1,0.3333333333333333,2.0,0.404723564143854,7,0,wrong_fixed_point,7.0,1.0
S2,0,374,1,0.2222222222222222,2.0,0.3968446014615496,7,0,wrong_fixed_point,7.0,1.0
S2,0,498,1,0.2222222222222222,2.0,0.3163429481331586,7,0,wrong_fixed_point,7.0,1.0
S2,1,0,1,0.2222222222222222,2.0,0.5929078892380083,7,0,wrong_fixed_point,7.0,1.0
S2,1,124,1,0.2222222222222222,2.0,0.4917815096111804,7,0,wrong_fixed_point,7.0,1.0
S2,1,249,1,0.2222222222222222,2.0,0.5919217533055606,7,0,wrong_fixed_point,7.0,1.0
S2,1,374,1,0.2222222222222222,2.0,0.6008697792729958,7,0,wrong_fixed_point,7.0,1.0
S2,1,498,1,0.2222222222222222,2.0,0.547945205479452,7,0,wrong_fixed_point,7.0,1.0
S2,2,0,1,0.4444444444444444,2.0,0.3602988953866147,6,0,wrong_fixed_point,6.0,1.0
S2,2,124,1,0.3333333333333333,2.0,0.3349638035609469,6,0,wrong_fixed_point,6.0,1.0
S2,2,249,1,0.4444444444444444,2.0,0.427278906427007,6,0,wrong_fixed_point,6.0,1.0
S2,2,374,1,0.3333333333333333,2.0,0.5745039893834887,6,0,wrong_fixed_point,6.0,1.0
S2,2,498,1,0.3333333333333333,2.0,0.463148090655076,6,0,wrong_fixed_point,6.0,1.0
S2,3,0,0,0.0,2.0,0.1309401206414594,7,0,wrong_fixed_point,7.0,1.0
S2,3,124,0,0.0,2.0,0.1425098000297722,7,0,wrong_fixed_point,7.0,1.0
S2,3,249,0,0.0,2.0,0.2821336864714717,7,0,wrong_fixed_point,7.0,1.0
S2,3,374,0,0.0,2.0,0.2963362239802146,7,0,wrong_fixed_point,7.0,1.0
S2,3,498,0,0.0,2.0,0.3023553469760052,7,0,wrong_fixed_point,7.0,1.0
S2,4,0,1,0.3333333333333333,2.0,0.5394582962997614,6,0,wrong_fixed_point,6.0,1.0
S2,4,124,1,0.2222222222222222,2.0,0.5482070174874113,6,0,wrong_fixed_point,6.0,1.0
S2,4,249,1,0.3333333333333333,2.0,0.49411989673965,6,0,wrong_fixed_point,6.0,1.0
S2,4,374,1,0.2222222222222222,2.0,0.4588942811537655,6,0,wrong_fixed_point,7.0,2.0
S2,4,498,1,0.2222222222222222,2.0,0.5147552905243254,7,0,wrong_fixed_point,7.0,1.0
S2,5,0,0,0.0,2.0,0.1029377203290246,7,0,wrong_fixed_point,7.0,1.0
S2,5,124,0,0.0,2.0,0.0607386220240599,7,0,wrong_fixed_point,7.0,1.0
S2,5,249,0,0.0,2.0,0.1291554467564259,7,0,wrong_fixed_point,7.0,1.0
S2,5,374,0,0.0,2.0,0.0937580770224864,7,0,wrong_fixed_point,7.0,1.0
S2,5,498,0,0.0,2.0,0.2987192305861067,7,0,wrong_fixed_point,7.0,1.0
S2,6,0,1,0.2222222222222222,2.0,0.4859006424402923,6,0,wrong_fixed_point,6.0,1.0
S2,6,124,1,0.2222222222222222,2.0,0.5234710968267621,6,0,wrong_fixed_point,6.0,1.0
S2,6,249,1,0.2222222222222222,2.0,0.5171217378186755,6,0,wrong_fixed_point,6.0,1.0
S2,6,374,1,0.2222222222222222,2.0,0.5234710968267621,6,0,wrong_fixed_point,6.0,1.0
S2,6,498,1,0.2222222222222222,2.0,0.5397996837111229,6,0,wrong_fixed_point,6.0,1.0
S2,7,0,1,0.3333333333333333,2.0,0.5463898946540623,6,0,wrong_fixed_point,6.0,1.0
S2,7,124,1,0.4444444444444444,2.0,0.7229554072626716,6,0,wrong_fixed_point,6.0,1.0
S2,7,249,1,0.4444444444444444,2.0,0.4871840197984797,6,0,wrong_fixed_point,6.0,1.0
S2,7,374,1,0.3333333333333333,2.0,0.8438,6,0,wrong_fixed_point,6.0,1.0
S2,7,498,1,0.4444444444444444,2.0,0.8165729271470749,6,0,wrong_fixed_point,6.0,1.0
S2,8,0,1,0.3333333333333333,2.0,0.4800532778896758,6,0,wrong_fixed_point,6.0,1.0
S2,8,124,1,0.4444444444444444,2.0,0.3322705254767306,6,0,wrong_fixed_point,6.0,1.0
S2,8,249,1,0.3333333333333333,2.0,0.3936504863766152,6,0,wrong_fixed_point,6.0,1.0
S2,8,374,1,0.3333333333333333,2.0,0.4542059398897385,6,0,wrong_fixed_point,6.0,1.0
S2,8,498,1,0.3333333333333333,2.0,0.3718583486584618,6,0,wrong_fixed_point,6.0,1.0
S2,9,0,0,0.0,2.0,0.1523388417921842,7,0,wrong_fixed_point,7.0,1.0
S2,9,124,0,0.0,2.0,0.0054536518857903,7,0,wrong_fixed_point,7.0,1.0
S2,9,249,1,0.2222222222222222,2.0,0.535420178184445,7,0,wrong_fixed_point,7.0,1.0
S2,9,374,1,0.2222222222222222,2.0,0.6196196683040708,7,0,wrong_fixed_point,7.0,1.0
S2,9,498,0,0.0,2.0,0.2271031777795565,7,0,wrong_fixed_point,7.0,1.0
S2,10,0,1,0.2222222222222222,2.0,0.4898700708851725,7,0,wrong_fixed_point,7.0,1.0
S2,10,124,1,0.4444444444444444,2.0,0.5174449812130971,7,0,wrong_fixed_point,7.0,1.0
S2,10,249,1,0.2222222222222222,2.0,0.4810722521137586,7,0,wrong_fixed_point,7.0,1.0
S2,10,374,1,0.2222222222222222,2.0,0.4943414046343489,7,0,wrong_fixed_point,7.0,1.0
S2,10,498,1,0.2222222222222222,2.0,0.404335873065745,7,0,wrong_fixed_point,7.0,1.0
S2,11,0,1,0.4444444444444444,2.0,0.5671974059913856,6,0,wrong_fixed_point,6.0,1.0
S2,11,124,1,0.3333333333333333,2.0,0.6033322504292941,6,0,wrong_fixed_point,6.0,1.0
S2,11,249,1,0.2222222222222222,2.0,0.5184884953544927,6,0,wrong_fixed_point,6.0,1.0
S2,11,374,1,0.2222222222222222,2.0,0.474523855543496,6,0,wrong_fixed_point,6.0,1.0
S2,11,498,1,0.2222222222222222,2.0,0.639896673345366,6,0,wrong_fixed_point,6.0,1.0
S2,12,0,1,0.4444444444444444,2.0,0.3243505705268269,6,0,wrong_fixed_point,6.0,1.0
S2,12,124,1,0.4444444444444444,2.0,0.4209968697327233,6,0,wrong_fixed_point,6.0,1.0
S2,12,249,1,0.4444444444444444,2.0,0.3674287879744837,6,0,wrong_fixed_point,6.0,1.0
S2,12,374,1,0.4444444444444444,2.0,0.324402814788811,6,0,wrong_fixed_point,6.0,1.0
S2,12,498,1,0.4444444444444444,2.0,0.3966856551009839,6,0,wrong_fixed_point,6.0,1.0
S2,13,0,0,0.0,2.0,0.2689975026757046,7,0,wrong_fixed_point,7.0,1.0
S2,13,124,0,0.0,2.0,0.1971926101008152,7,0,wrong_fixed_point,7.0,1.0
S2,13,249,0,0.0,2.0,0.2885241734322619,7,0,wrong_fixed_point,7.0,1.0
S2,13,374,0,0.0,2.0,0.2439417635393322,7,0,wrong_fixed_point,7.0,1.0
S2,13,498,0,0.0,2.0,0.3032045884240797,7,0,wrong_fixed_point,7.0,1.0
S2,14,0,1,0.4444444444444444,2.0,0.4256029866876258,6,0,wrong_fixed_point,6.0,1.0
S2,14,124,1,0.4444444444444444,2.0,0.3155505107832009,6,0,wrong_fixed_point,6.0,1.0
S2,14,249,1,0.5555555555555556,2.0,0.4128217154247523,6,0,wrong_fixed_point,6.0,1.0
S2,14,374,1,0.3333333333333333,2.0,0.4350231293814678,6,0,wrong_fixed_point,6.0,1.0
S2,14,498,1,0.3333333333333333,2.0,0.3753068520684712,6,0,wrong_fixed_point,6.0,1.0
S2,16,0,1,0.2222222222222222,2.0,0.5646154347330358,6,0,wrong_fixed_point,7.0,2.0
S2,16,124,1,0.2222222222222222,2.0,0.5015673981191222,7,0,wrong_fixed_point,7.0,1.0
S2,16,249,1,0.2222222222222222,2.0,0.7215512392045267,7,0,wrong_fixed_point,7.0,1.0
S2,16,374,1,0.2222222222222222,2.0,0.4968063122299455,7,0,wrong_fixed_point,7.0,1.0
S2,16,498,1,0.2222222222222222,2.0,0.5843122518666166,7,0,wrong_fixed_point,7.0,1.0
S2,17,0,0,0.0,2.0,0.0280746530547136,7,0,wrong_fixed_point,7.0,1.0
S2,17,124,0,0.0,2.0,0.2294226719884345,7,0,wrong_fixed_point,7.0,1.0
S2,17,249,0,0.0,2.0,0.3936528602815526,7,0,wrong_fixed_point,7.0,1.0
S2,17,374,1,0.2222222222222222,2.0,0.5715132066156504,7,0,wrong_fixed_point,7.0,1.0
S2,17,498,0,0.0,2.0,0.0874540253371475,7,0,wrong_fixed_point,7.0,1.0
S2,18,0,1,0.3333333333333333,2.0,0.470241023118544,7,0,wrong_fixed_point,7.0,1.0
S2,18,124,1,0.2222222222222222,2.0,0.475332718015899,7,0,wrong_fixed_point,7.0,1.0
S2,18,249,1,0.2222222222222222,2.0,0.4375517896891806,7,0,wrong_fixed_point,7.0,1.0
S2,18,374,1,0.2222222222222222,2.0,0.5237659523236214,7,0,wrong_fixed_point,7.0,1.0
S2,18,498,1,0.2222222222222222,2.0,0.5235299717576873,6,0,wrong_fixed_point,6.0,1.0
S2,19,0,1,0.5555555555555556,2.0,0.4003525523319868,6,0,wrong_fixed_point,6.0,1.0
S2,19,124,1,0.5555555555555556,2.0,0.3469990160708429,6,0,wrong_fixed_point,6.0,1.0
S2,19,249,1,0.5555555555555556,2.0,0.3750848761939251,6,0,wrong_fixed_point,6.0,1.0
S2,19,374,1,0.5555555555555556,2.0,0.5176400239186765,6,0,wrong_fixed_point,6.0,1.0
S2,19,498,1,0.5555555555555556,2.0,0.3146266018559434,6,0,wrong_fixed_point,6.0,1.0
S3,0,0,0,0.0,2.0,0.1461706076991364,6,0,wrong_fixed_point,6.0,1.0
S3,0,124,0,0.0,2.0,0.1703850656953297,6,0,wrong_fixed_point,6.0,1.0
S3,0,249,0,0.0,2.0,0.1527389937608706,6,0,wrong_fixed_point,6.0,1.0
S3,0,374,0,0.0,2.0,0.1740678254678285,6,0,wrong_fixed_point,6.0,1.0
S3,0,498,0,0.0,2.0,0.2748845309305671,6,0,wrong_fixed_point,6.0,1.0
S3,1,0,0,0.0,2.0,0.025207199254573,7,0,wrong_fixed_point,7.0,1.0
S3,1,124,0,0.0,2.0,0.03275583351023,7,0,wrong_fixed_point,7.0,1.0
S3,1,249,0,0.0,2.0,0.0147442150544512,7,0,wrong_fixed_point,7.0,1.0
S3,1,374,0,0.0,2.0,0.0169183551938434,7,0,wrong_fixed_point,7.0,1.0
S3,1,498,0,0.0,2.0,0.0235208645506969,7,0,wrong_fixed_point,7.0,1.0
S3,4,0,0,0.0,3.0,0.0085335222515617,7,0,wrong_fixed_point,7.0,1.0
S3,4,124,0,0.0,3.0,0.0146043783511567,7,0,wrong_fixed_point,7.0,1.0
S3,4,249,0,0.0,3.0,0.0178782256704334,7,0,wrong_fixed_point,7.0,1.0
S3,4,374,0,0.0,3.0,-0.0047310186951545,7,0,wrong_fixed_point,7.0,1.0
S3,4,498,0,0.0,3.0,0.0028763042425487,7,0,wrong_fixed_point,7.0,1.0
S3,5,0,0,0.0,2.0,0.0290157319671759,7,0,wrong_fixed_point,7.0,1.0
S3,5,124,0,0.0,2.0,0.0516518530940801,7,0,wrong_fixed_point,7.0,1.0
S3,5,249,0,0.0,2.0,-0.0066346762123713,7,0,wrong_fixed_point,7.0,1.0
S3,5,374,0,0.0,2.0,0.0226608729181806,7,0,wrong_fixed_point,7.0,1.0
S3,5,498,0,0.0,2.0,0.0372559660882702,7,0,wrong_fixed_point,7.0,1.0
S3,6,0,0,0.0,3.0,0.029796944242344,7,0,wrong_fixed_point,7.0,1.0
S3,6,124,0,0.0,2.0,0.0045144543153346,7,0,wrong_fixed_point,7.0,1.0
S3,6,249,0,0.0,2.0,0.0791803409909549,7,0,wrong_fixed_point,7.0,1.0
S3,6,374,0,0.0,2.0,0.1699443047957021,7,0,wrong_fixed_point,7.0,1.0
S3,6,498,0,0.0,2.0,0.1400224882598055,7,0,wrong_fixed_point,7.0,1.0
S3,7,0,1,0.1111111111111111,3.0,0.4583003793075619,6,0,wrong_fixed_point,6.0,1.0
S3,7,124,1,0.1111111111111111,2.0,0.4185605756412521,6,0,wrong_fixed_point,6.0,1.0
S3,7,249,1,0.1111111111111111,2.0,0.3699922045763722,6,0,wrong_fixed_point,6.0,1.0
S3,7,374,1,0.1111111111111111,2.0,0.3936349681596425,6,0,wrong_fixed_point,6.0,1.0
S3,7,498,1,0.1111111111111111,2.0,0.5017606483044715,6,0,wrong_fixed_point,6.0,1.0
S3,8,0,0,0.0,2.0,0.2942392186280063,6,0,wrong_fixed_point,6.0,1.0
S3,8,124,0,0.0,2.0,0.2381774580335731,6,0,wrong_fixed_point,6.0,1.0
S3,8,249,0,0.0,2.0,0.1254808572998717,6,0,wrong_fixed_point,6.0,1.0
S3,8,374,0,0.0,2.0,0.1493434335529713,6,0,wrong_fixed_point,6.0,1.0
S3,8,498,0,0.0,3.0,0.1098988705986565,6,0,wrong_fixed_point,6.0,1.0
S3,9,0,0,0.0,2.0,-0.013528530704933,7,0,wrong_fixed_point,7.0,1.0
S3,9,124,0,0.0,2.0,0.0246651073782691,7,0,wrong_fixed_point,7.0,1.0
S3,9,249,0,0.0,2.0,0.0542336675962736,7,0,wrong_fixed_point,7.0,1.0
S3,9,374,0,0.0,2.0,0.0612182822380533,7,0,wrong_fixed_point,7.0,1.0
S3,9,498,0,0.0,2.0,0.0419138246756295,7,0,wrong_fixed_point,7.0,1.0
S3,10,0,0,0.0,2.0,0.3455796850938119,7,0,wrong_fixed_point,7.0,1.0
S3,10,124,0,0.0,2.0,0.2499042865448151,7,0,wrong_fixed_point,7.0,1.0
S3,10,249,0,0.0,2.0,0.2933219204255384,7,0,wrong_fixed_point,7.0,1.0
S3,10,374,1,0.2222222222222222,2.0,0.2970328789093825,7,0,wrong_fixed_point,7.0,1.0
S3,10,498,1,0.2222222222222222,2.0,0.2938785234599521,7,0,wrong_fixed_point,7.0,1.0
S3,11,0,0,0.0,2.0,-0.0027736686390532,7,0,wrong_fixed_point,7.0,1.0
S3,11,124,0,0.0,2.0,0.0077383362577045,7,0,wrong_fixed_point,7.0,1.0
S3,11,249,0,0.0,2.0,-0.0008305031959542,7,0,wrong_fixed_point,7.0,1.0
S3,11,374,0,0.0,3.0,0.0252118678662987,7,0,wrong_fixed_point,7.0,1.0
S3,11,498,0,0.0,3.0,0.0058281141266527,7,0,wrong_fixed_point,7.0,1.0
S3,12,0,0,0.0,2.0,0.0080862931428824,7,0,wrong_fixed_point,7.0,1.0
S3,12,124,0,0.0,2.0,0.0708275894851927,7,0,wrong_fixed_point,7.0,1.0
S3,12,249,0,0.0,2.0,0.1098215000400224,7,0,wrong_fixed_point,7.0,1.0
S3,12,374,0,0.0,2.0,0.0608695652173913,7,0,wrong_fixed_point,7.0,1.0
S3,12,498,0,0.0,2.0,0.123042541821185,7,0,wrong_fixed_point,7.0,1.0
S3,13,0,1,0.1111111111111111,2.0,0.3680344080620349,7,0,wrong_fixed_point,7.0,1.0
S3,13,124,0,0.0,2.0,0.2836304446496486,7,0,wrong_fixed_point,7.0,1.0
S3,13,249,0,0.0,2.0,0.1991821383797982,7,0,wrong_fixed_point,7.0,1.0
S3,13,374,0,0.0,2.0,0.250647332988089,7,0,wrong_fixed_point,7.0,1.0
S3,13,498,0,0.0,2.0,0.2343399322054885,7,0,wrong_fixed_point,7.0,1.0
S3,14,0,0,0.0,2.0,0.1899596553711558,6,0,wrong_fixed_point,6.0,1.0
S3,14,124,0,0.0,2.0,0.2317742227787205,7,0,wrong_fixed_point,7.0,1.0
S3,14,249,1,0.2222222222222222,2.0,0.2630564687211543,7,0,wrong_fixed_point,7.0,1.0
S3,14,374,1,0.2222222222222222,2.0,0.2944254905290458,7,0,wrong_fixed_point,7.0,1.0
S3,14,498,0,0.0,2.0,0.0189773326304691,7,0,wrong_fixed_point,7.0,1.0
S3,15,0,0,0.0,2.0,0.140850012821724,7,0,wrong_fixed_point,7.0,1.0
S3,15,124,0,0.0,2.0,0.1986616676949361,7,0,wrong_fixed_point,7.0,1.0
S3,15,249,0,0.0,2.0,0.036981859609149,7,0,wrong_fixed_point,7.0,1.0
S3,15,374,0,0.0,2.0,0.0447226393493807,7,0,wrong_fixed_point,7.0,1.0
S3,15,498,0,0.0,2.0,0.0390631957018611,7,0,wrong_fixed_point,7.0,1.0
S3,16,0,0,0.0,2.0,0.3483465556515592,6,0,wrong_fixed_point,6.0,1.0
S3,16,124,0,0.0,2.0,0.4368968501494097,6,0,wrong_fixed_point,6.0,1.0
S3,16,249,0,0.0,2.0,0.4169573119811367,6,0,wrong_fixed_point,6.0,1.0
S3,16,374,1,0.1111111111111111,2.0,0.4900518390520859,6,0,wrong_fixed_point,6.0,1.0
S3,16,498,1,0.1111111111111111,2.0,0.4806125454010013,6,0,wrong_fixed_point,6.0,1.0
S3,17,0,0,0.0,2.0,0.24196164764498,6,0,wrong_fixed_point,6.0,1.0
S3,17,124,0,0.0,2.0,0.318255273923741,6,0,wrong_fixed_point,6.0,1.0
S3,17,249,0,0.0,2.0,0.2722528311212548,6,0,wrong_fixed_point,6.0,1.0
S3,17,374,0,0.0,2.0,0.2761399848525986,6,0,wrong_fixed_point,6.0,1.0
S3,17,498,0,0.0,3.0,0.2762566407846342,6,0,wrong_fixed_point,6.0,1.0
S3,18,0,0,0.0,2.0,0.3507670084315973,7,0,wrong_fixed_point,7.0,1.0
S3,18,124,0,0.0,2.0,0.4100675076303168,7,0,wrong_fixed_point,7.0,1.0
S3,18,249,0,0.0,2.0,0.2595630106461996,7,0,wrong_fixed_point,7.0,1.0
S3,18,374,0,0.0,2.0,0.2672536620507484,7,0,wrong_fixed_point,7.0,1.0
S3,18,498,0,0.0,2.0,0.4233287414676428,7,0,wrong_fixed_point,7.0,1.0
S3,19,0,0,0.0,2.0,0.0886475122634898,7,0,wrong_fixed_point,7.0,1.0
S3,19,124,0,0.0,2.0,0.0158439198559064,7,0,wrong_fixed_point,7.0,1.0
S3,19,249,0,0.0,2.0,0.0165990698257097,7,0,wrong_fixed_point,7.0,1.0
S3,19,374,0,0.0,2.0,0.0757064431346324,7,0,wrong_fixed_point,7.0,1.0
S3,19,498,0,0.0,2.0,0.0488922168876359,7,0,wrong_fixed_point,7.0,1.0
S4,0,0,0,0.0,9.0,0.0087042906476181,7,0,wrong_fixed_point,7.0,1.0
S4,0,124,0,0.0,10.0,-0.0077085781433607,7,0,wrong_fixed_point,7.0,1.0
S4,0,249,0,0.0,11.0,-0.0086972962752883,7,0,wrong_fixed_point,7.0,1.0
S4,0,374,0,0.0,9.0,-0.0090464990048851,7,0,wrong_fixed_point,7.0,1.0
S4,0,498,0,0.0,9.0,-0.0030684631860369,7,0,wrong_fixed_point,7.0,1.0
S4,1,0,0,0.0,11.0,0.0170811271576807,8,0,wrong_fixed_point,8.0,1.0
S4,1,124,0,0.0,10.0,0.0170948568060126,8,0,wrong_fixed_point,8.0,1.0
S4,1,249,0,0.0,11.0,-0.0001929477593941,8,0,wrong_fixed_point,8.0,1.0
S4,1,374,0,0.0,10.0,0.0278968899403617,8,0,wrong_fixed_point,8.0,1.0
S4,1,498,0,0.0,11.0,-0.0042448580721015,8,0,wrong_fixed_point,8.0,1.0
S4,3,0,0,0.0,13.0,0.0165901928446628,10,0,out_of_grid,,
S4,3,124,0,0.0,13.0,0.0139464007685427,10,0,out_of_grid,,
S4,3,249,0,0.0,13.0,0.0225669957686882,10,0,out_of_grid,,
S4,3,374,0,0.0,13.0,0.0427351796383207,10,0,out_of_grid,,
S4,3,498,0,0.0,13.0,0.0431366947578917,10,0,out_of_grid,,
S4,4,0,0,0.0,13.0,0.0015932287776947,9,0,wrong_fixed_point,9.0,1.0
S4,4,124,0,0.0,13.0,-0.000163561720015,9,0,wrong_fixed_point,9.0,1.0
S4,4,249,0,0.0,13.0,0.0227518959913326,9,0,wrong_fixed_point,9.0,1.0
S4,4,374,0,0.0,13.0,-0.0048945535772945,9,0,wrong_fixed_point,9.0,1.0
S4,4,498,0,0.0,13.0,0.000562997797685,9,0,wrong_fixed_point,9.0,1.0
S4,5,0,0,0.0,13.0,0.0100052743459011,10,0,out_of_grid,,
S4,5,124,0,0.0,13.0,-0.0010834236186348,10,0,out_of_grid,,
S4,5,249,0,0.0,13.0,0.0053095010388154,10,0,out_of_grid,,
S4,5,374,0,0.0,13.0,-0.0004916420845624,10,0,out_of_grid,,
S4,5,498,0,0.0,13.0,0.04457695879564,10,0,out_of_grid,,
S4,7,0,0,0.0,13.0,0.0153879104403842,10,0,out_of_grid,,
S4,7,124,0,0.0,13.0,0.0114079020589872,10,0,out_of_grid,,
S4,7,249,0,0.0,12.0,0.0409346132946929,10,0,out_of_grid,,
S4,7,374,0,0.0,13.0,0.0451467268623024,10,0,out_of_grid,,
S4,7,498,0,0.0,13.0,0.0672676520386217,10,0,out_of_grid,,
S4,8,0,0,0.0,9.0,-0.0119329868580131,7,0,wrong_fixed_point,7.0,1.0
S4,8,124,0,0.0,10.0,-0.0016424676433874,7,0,wrong_fixed_point,7.0,1.0
S4,8,249,0,0.0,10.0,-0.0131650046666994,7,0,wrong_fixed_point,7.0,1.0
S4,8,374,0,0.0,10.0,0.0038568607020108,7,0,wrong_fixed_point,7.0,1.0
S4,8,498,0,0.0,11.0,0.0017182414459662,7,0,wrong_fixed_point,7.0,1.0
S4,9,0,0,0.0,13.0,-0.0112754067553533,10,0,out_of_grid,,
S4,9,124,0,0.0,13.0,-0.0232004660064908,10,0,out_of_grid,,
S4,9,249,0,0.0,13.0,-0.0159525314916589,10,0,out_of_grid,,
S4,9,374,0,0.0,12.0,-0.0088341276298965,10,0,out_of_grid,,
S4,9,498,0,0.0,12.0,0.0,10,0,out_of_grid,,
S4,10,0,0,0.0,12.0,-0.0091463910814549,10,0,out_of_grid,,
S4,10,124,0,0.0,12.0,0.0066634778736248,10,0,out_of_grid,,
S4,10,249,0,0.0,12.0,0.0015022615568001,10,0,out_of_grid,,
S4,10,374,0,0.0,12.0,0.0153089119737561,10,0,out_of_grid,,
S4,10,498,0,0.0,12.0,0.0085040203831772,10,0,out_of_grid,,
S4,11,0,0,0.0,12.0,0.0053328343546802,10,0,out_of_grid,,
S4,11,124,0,0.0,12.0,0.0023437963567317,10,0,out_of_grid,,
S4,11,249,0,0.0,13.0,0.014817593547782,10,0,out_of_grid,,
S4,11,374,0,0.0,13.0,0.0079886694568659,10,0,out_of_grid,,
S4,11,498,0,0.0,13.0,-0.0160439235283481,10,0,out_of_grid,,
S4,12,0,0,0.0,14.0,-0.0044008287692134,9,0,wrong_fixed_point,9.0,1.0
S4,12,124,0,0.0,13.0,0.0125846566541372,9,0,wrong_fixed_point,9.0,1.0
S4,12,249,0,0.0,13.0,0.0101093801789857,9,0,wrong_fixed_point,9.0,1.0
S4,12,374,0,0.0,13.0,0.0040132239017089,9,0,wrong_fixed_point,9.0,1.0
S4,12,498,0,0.0,13.0,0.018801700811751,9,0,wrong_fixed_point,9.0,1.0
S4,13,0,0,0.0,11.0,0.0321192731399032,7,0,wrong_fixed_point,7.0,1.0
S4,13,124,0,0.0,12.0,0.0350315691466146,7,0,wrong_fixed_point,7.0,1.0
S4,13,249,0,0.0,11.0,0.0373751060946736,7,0,wrong_fixed_point,7.0,1.0
S4,13,374,0,0.0,11.0,0.0676162690921572,8,0,wrong_fixed_point,8.0,1.0
S4,13,498,0,0.0,11.0,0.0379763075738784,7,0,wrong_fixed_point,8.0,2.0
S4,14,0,0,0.0,9.0,0.0131804891632245,7,0,wrong_fixed_point,7.0,1.0
S4,14,124,0,0.0,9.0,0.0012796724038646,7,0,wrong_fixed_point,7.0,1.0
S4,14,249,0,0.0,9.0,6.263799934230101e-05,7,0,wrong_fixed_point,7.0,1.0
S4,14,374,0,0.0,9.0,0.0036391070873829,7,0,wrong_fixed_point,7.0,1.0
S4,14,498,0,0.0,9.0,0.0523841725906744,7,0,wrong_fixed_point,7.0,1.0
S4,15,0,0,0.0,12.0,0.0053837895031664,10,0,out_of_grid,,
S4,15,124,0,0.0,13.0,0.0199219646545788,10,0,out_of_grid,,
S4,15,249,0,0.0,13.0,0.0278917956579793,10,0,out_of_grid,,
S4,15,374,0,0.0,13.0,0.0194011782745541,10,0,out_of_grid,,
S4,15,498,0,0.0,13.0,0.0459970043967724,10,0,out_of_grid,,
S4,16,0,0,0.0,12.0,0.0326515115561672,9,0,wrong_fixed_point,9.0,1.0
S4,16,124,0,0.0,12.0,0.0649401523394994,9,0,wrong_fixed_point,9.0,1.0
S4,16,249,0,0.0,12.0,0.0771036281353072,8,0,wrong_fixed_point,9.0,2.0
S4,16,374,0,0.0,12.0,0.0109833533550712,9,0,wrong_fixed_point,9.0,1.0
S4,16,498,0,0.0,12.0,0.0531502498715613,9,0,wrong_fixed_point,9.0,1.0
S4,17,0,0,0.0,12.0,0.0042277157425934,10,0,out_of_grid,,
S4,17,124,0,0.0,11.0,-0.0133955424056703,10,0,out_of_grid,,
S4,17,249,0,0.0,11.0,-0.0152361769865505,10,0,out_of_grid,,
S4,17,374,0,0.0,12.0,-0.015108351205147,10,0,out_of_grid,,
S4,17,498,0,0.0,12.0,-0.0115527613333546,10,0,out_of_grid,,
S4,18,0,0,0.0,13.0,0.0256908140403286,10,0,out_of_grid,,
S4,18,124,0,0.0,14.0,0.0040046884157061,10,0,out_of_grid,,
S4,18,249,0,0.0,13.0,0.0014220517229975,10,0,out_of_grid,,
S4,18,374,0,0.0,13.0,0.0079701038428467,10,0,out_of_grid,,
S4,18,498,0,0.0,13.0,0.0421257922964407,10,0,out_of_grid,,
loading_scale_negative_gap,0,0,0,0.0,2.0,0.2309460385113022,6,0,wrong_fixed_point,6.0,1.0
loading_scale_negative_gap,0,124,0,0.0,2.0,0.1955576785287795,6,0,wrong_fixed_point,6.0,1.0
loading_scale_negative_gap,0,249,0,0.0,2.0,0.1643602558065349,6,0,wrong_fixed_point,6.0,1.0
loading_scale_negative_gap,0,374,0,0.0,2.0,0.183946724730301,6,0,wrong_fixed_point,6.0,1.0
loading_scale_negative_gap,0,498,0,0.0,2.0,0.2079270818947659,6,0,wrong_fixed_point,6.0,1.0
loading_scale_negative_gap,1,0,1,0.5555555555555556,2.0,0.2193456522442639,5,1,correct_fixed_point,5.0,1.0
loading_scale_negative_gap,1,124,0,0.0,2.0,0.2570791760781439,5,0,wrong_fixed_point,6.0,2.0
loading_scale_negative_gap,1,249,1,0.5555555555555556,2.0,0.3397625416490685,6,0,wrong_fixed_point,6.0,1.0
loading_scale_negative_gap,1,374,0,0.0,2.0,0.3209530483531885,7,0,wrong_fixed_point,7.0,1.0
loading_scale_negative_gap,1,498,0,0.0,2.0,0.3110173958882446,6,0,wrong_fixed_point,6.0,1.0
loading_scale_negative_gap,2,0,1,0.5555555555555556,2.0,0.1609191908445673,6,0,wrong_fixed_point,6.0,1.0
loading_scale_negative_gap,2,124,1,0.5555555555555556,2.0,0.20087090003446,5,1,correct_fixed_point,5.0,1.0
loading_scale_negative_gap,2,249,1,0.5555555555555556,2.0,0.1810277765066581,5,1,correct_fixed_point,5.0,1.0
loading_scale_negative_gap,2,374,1,0.8888888888888888,2.0,0.2420063288150002,5,1,correct_fixed_point,5.0,1.0
loading_scale_negative_gap,2,498,1,0.5555555555555556,3.0,0.2339408218418682,5,1,correct_fixed_point,5.0,1.0
loading_scale_negative_gap,3,0,1,0.5555555555555556,2.0,0.0937505154299097,5,1,correct_fixed_point,5.0,1.0
loading_scale_negative_gap,3,124,1,0.1111111111111111,2.0,0.1018264911649163,5,1,correct_fixed_point,5.0,1.0
loading_scale_negative_gap,3,249,1,0.1111111111111111,2.0,0.1446168968086624,6,0,wrong_fixed_point,6.0,1.0
loading_scale_negative_gap,3,374,1,0.1111111111111111,2.0,0.1315388756440821,6,0,wrong_fixed_point,6.0,1.0
loading_scale_negative_gap,3,498,1,0.1111111111111111,2.0,0.1255797359971459,6,0,wrong_fixed_point,6.0,1.0
loading_scale_negative_gap,4,0,1,0.5555555555555556,2.0,0.1085649717514124,5,1,correct_fixed_point,5.0,1.0
loading_scale_negative_gap,4,124,1,0.5555555555555556,3.0,0.1937780578089312,6,0,wrong_fixed_point,6.0,1.0
loading_scale_negative_gap,4,249,1,0.5555555555555556,2.0,0.1186361074582002,6,0,wrong_fixed_point,6.0,1.0
loading_scale_negative_gap,4,374,1,0.5555555555555556,2.0,0.1568664287056171,6,0,wrong_fixed_point,6.0,1.0
loading_scale_negative_gap,4,498,1,0.1111111111111111,2.0,0.1024937454604148,6,0,wrong_fixed_point,6.0,1.0
loading_scale_negative_gap,5,0,1,0.5555555555555556,2.0,0.2622982321291314,6,0,wrong_fixed_point,6.0,1.0
loading_scale_negative_gap,5,124,0,0.0,2.0,0.2024657058517103,6,0,wrong_fixed_point,6.0,1.0
loading_scale_negative_gap,5,249,0,0.0,2.0,0.0910094782368639,6,0,wrong_fixed_point,6.0,1.0
loading_scale_negative_gap,5,374,0,0.0,2.0,0.2053536136101317,6,0,wrong_fixed_point,6.0,1.0
loading_scale_negative_gap,5,498,0,0.0,2.0,0.250012342631449,6,0,wrong_fixed_point,6.0,1.0
loading_scale_negative_gap,6,0,1,0.5555555555555556,3.0,0.3760091568103777,5,1,correct_fixed_point,5.0,1.0
loading_scale_negative_gap,6,124,1,0.5555555555555556,2.0,0.5134021849441824,6,0,wrong_fixed_point,6.0,1.0
loading_scale_negative_gap,6,249,1,0.5555555555555556,2.0,0.2449004315893087,6,0,wrong_fixed_point,6.0,1.0
loading_scale_negative_gap,6,374,0,0.0,2.0,0.1567955868089234,6,0,wrong_fixed_point,6.0,1.0
loading_scale_negative_gap,6,498,1,0.5555555555555556,2.0,0.1797598927676438,6,0,wrong_fixed_point,6.0,1.0
loading_scale_negative_gap,7,0,1,0.5555555555555556,2.0,0.4352517409749459,5,1,correct_fixed_point,5.0,1.0
loading_scale_negative_gap,7,124,1,1.0,2.0,0.5791693544385451,5,1,correct_fixed_point,5.0,1.0
loading_scale_negative_gap,7,249,1,0.5555555555555556,2.0,0.4817367444112662,4,1,correct_fixed_point,5.0,2.0
loading_scale_negative_gap,7,374,1,0.5555555555555556,2.0,0.5322158027504272,6,0,wrong_fixed_point,6.0,1.0
loading_scale_negative_gap,7,498,1,0.4444444444444444,2.0,0.1635882169114623,6,0,wrong_fixed_point,6.0,1.0
loading_scale_negative_gap,8,0,1,0.5555555555555556,2.0,0.2669729043863735,5,1,correct_fixed_point,5.0,1.0
loading_scale_negative_gap,8,124,1,0.5555555555555556,2.0,0.3108358015967283,5,1,correct_fixed_point,5.0,1.0
loading_scale_negative_gap,8,249,1,0.5555555555555556,2.0,0.2948199530103729,5,1,correct_fixed_point,5.0,1.0
loading_scale_negative_gap,8,374,1,0.5555555555555556,2.0,0.2647863541845812,5,1,correct_fixed_point,5.0,1.0
loading_scale_negative_gap,8,498,1,0.5555555555555556,2.0,0.2436931525656427,5,1,correct_fixed_point,5.0,1.0
loading_scale_negative_gap,9,0,1,0.2222222222222222,2.0,0.2729643665076872,6,0,wrong_fixed_point,6.0,1.0
loading_scale_negative_gap,9,124,1,0.2222222222222222,3.0,0.3749197728955813,6,0,wrong_fixed_point,6.0,1.0
loading_scale_negative_gap,9,249,0,0.0,2.0,0.3026439273809909,6,0,wrong_fixed_point,6.0,1.0
loading_scale_negative_gap,9,374,0,0.0,2.0,0.2346732645359307,6,0,wrong_fixed_point,6.0,1.0
loading_scale_negative_gap,9,498,1,0.5555555555555556,2.0,0.2859499320784009,6,0,wrong_fixed_point,6.0,1.0
loading_scale_negative_gap,10,0,0,0.0,2.0,0.4287776947971122,6,0,wrong_fixed_point,6.0,1.0
loading_scale_negative_gap,10,124,0,0.0,2.0,0.4163995948257252,6,0,wrong_fixed_point,6.0,1.0
loading_scale_negative_gap,10,249,0,0.0,2.0,0.2674372783396821,6,0,wrong_fixed_point,6.0,1.0
loading_scale_negative_gap,10,374,1,0.1111111111111111,2.0,0.2787718069812135,6,0,wrong_fixed_point,6.0,1.0
loading_scale_negative_gap,10,498,1,0.1111111111111111,2.0,0.287037037037037,6,0,wrong_fixed_point,6.0,1.0
loading_scale_negative_gap,11,0,1,0.5555555555555556,2.0,0.2430949860456164,6,0,wrong_fixed_point,6.0,1.0
loading_scale_negative_gap,11,124,1,0.1111111111111111,2.0,0.2630614999036051,6,0,wrong_fixed_point,6.0,1.0
loading_scale_negative_gap,11,249,0,0.0,2.0,0.1919676283634162,6,0,wrong_fixed_point,6.0,1.0
loading_scale_negative_gap,11,374,0,0.0,2.0,0.2123716264628612,6,0,wrong_fixed_point,6.0,1.0
loading_scale_negative_gap,11,498,0,0.0,2.0,0.2061892187801893,6,0,wrong_fixed_point,6.0,1.0
loading_scale_negative_gap,12,0,1,0.5555555555555556,2.0,0.1942485078676071,5,1,correct_fixed_point,5.0,1.0
loading_scale_negative_gap,12,124,1,0.3333333333333333,2.0,0.072517020008042,5,1,correct_fixed_point,5.0,1.0
loading_scale_negative_gap,12,249,1,0.1111111111111111,2.0,0.254530409598676,5,1,correct_fixed_point,5.0,1.0
loading_scale_negative_gap,12,374,1,0.1111111111111111,3.0,0.1804233043007355,5,1,correct_fixed_point,5.0,1.0
loading_scale_negative_gap,12,498,1,0.1111111111111111,2.0,0.2535046228154161,5,1,correct_fixed_point,5.0,1.0
loading_scale_negative_gap,13,0,0,0.0,2.0,0.1767195098844186,7,0,wrong_fixed_point,7.0,1.0
loading_scale_negative_gap,13,124,0,0.0,2.0,0.2382461936866544,7,0,wrong_fixed_point,7.0,1.0
loading_scale_negative_gap,13,249,0,0.0,2.0,0.3184063381314901,6,0,wrong_fixed_point,6.0,1.0
loading_scale_negative_gap,13,374,0,0.0,2.0,0.1746060496286904,6,0,wrong_fixed_point,6.0,1.0
loading_scale_negative_gap,13,498,0,0.0,2.0,0.2519303108295387,6,0,wrong_fixed_point,6.0,1.0
loading_scale_negative_gap,14,0,0,0.0,3.0,0.0799412725284273,4,0,wrong_fixed_point,4.0,1.0
loading_scale_negative_gap,14,124,0,0.0,3.0,0.0967974957861786,4,0,wrong_fixed_point,4.0,1.0
loading_scale_negative_gap,14,249,0,0.0,2.0,0.1184151283205763,4,0,wrong_fixed_point,4.0,1.0
loading_scale_negative_gap,14,374,0,0.0,2.0,0.0979196182238461,4,0,wrong_fixed_point,4.0,1.0
loading_scale_negative_gap,14,498,1,0.2222222222222222,2.0,0.1290756202111929,4,0,wrong_fixed_point,4.0,1.0
loading_scale_negative_gap,15,0,0,0.0,2.0,0.1628743483005294,7,0,wrong_fixed_point,7.0,1.0
loading_scale_negative_gap,15,124,0,0.0,2.0,0.1957088267462428,7,0,wrong_fixed_point,7.0,1.0
loading_scale_negative_gap,15,249,0,0.0,2.0,0.1942376884836167,7,0,wrong_fixed_point,7.0,1.0
loading_scale_negative_gap,15,374,0,0.0,2.0,0.1547856617702222,7,0,wrong_fixed_point,7.0,1.0
loading_scale_negative_gap,15,498,0,0.0,2.0,0.2001605857296444,6,0,wrong_fixed_point,6.0,1.0
loading_scale_negative_gap,16,0,1,0.5555555555555556,2.0,0.3642608536361971,6,0,wrong_fixed_point,6.0,1.0
loading_scale_negative_gap,16,124,0,0.0,2.0,0.2454195336545434,6,0,wrong_fixed_point,6.0,1.0
loading_scale_negative_gap,16,249,0,0.0,2.0,0.2243786904389874,6,0,wrong_fixed_point,6.0,1.0
loading_scale_negative_gap,16,374,0,0.0,2.0,0.0922321640668303,6,0,wrong_fixed_point,6.0,1.0
loading_scale_negative_gap,16,498,0,0.0,2.0,0.116479898336414,6,0,wrong_fixed_point,6.0,1.0
loading_scale_negative_gap,17,0,0,0.0,2.0,0.2309050962822556,7,0,wrong_fixed_point,7.0,1.0
loading_scale_negative_gap,17,124,0,0.0,2.0,0.3059932014048549,6,0,wrong_fixed_point,6.0,1.0
loading_scale_negative_gap,17,249,0,0.0,2.0,0.2828206850235057,6,0,wrong_fixed_point,6.0,1.0
loading_scale_negative_gap,17,374,0,0.0,2.0,0.304736916084899,6,0,wrong_fixed_point,6.0,1.0
loading_scale_negative_gap,17,498,0,0.0,2.0,0.3159956930071185,6,0,wrong_fixed_point,6.0,1.0
loading_scale_negative_gap,18,0,1,0.1111111111111111,3.0,0.086008183492819,5,1,correct_fixed_point,5.0,1.0
loading_scale_negative_gap,18,124,1,0.1111111111111111,3.0,0.1245926415718131,5,1,correct_fixed_point,5.0,1.0
loading_scale_negative_gap,18,249,1,0.1111111111111111,2.0,0.1840261408157625,5,1,correct_fixed_point,5.0,1.0
loading_scale_negative_gap,18,374,0,0.0,2.0,0.1477161977779221,5,0,wrong_fixed_point,6.0,2.0
loading_scale_negative_gap,18,498,0,0.0,2.0,0.1788265928879485,6,0,wrong_fixed_point,6.0,1.0
loading_scale_negative_gap,19,0,1,0.5555555555555556,2.0,0.2995072006124109,6,0,wrong_fixed_point,6.0,1.0
loading_scale_negative_gap,19,124,1,0.5555555555555556,2.0,0.4101862261107581,6,0,wrong_fixed_point,6.0,1.0
loading_scale_negative_gap,19,249,1,0.1111111111111111,2.0,0.4130371046030556,5,1,correct_fixed_point,5.0,1.0
loading_scale_negative_gap,19,374,1,1.0,2.0,0.3171935721037706,5,1,correct_fixed_point,5.0,1.0
loading_scale_negative_gap,19,498,1,0.1111111111111111,2.0,0.4316272709513576,6,0,wrong_fixed_point,6.0,1.0
loading_scale_positive_gap,0,0,1,0.5555555555555556,2.0,0.6733320134626807,6,0,wrong_fixed_point,6.0,1.0
loading_scale_positive_gap,0,124,1,0.5555555555555556,2.0,0.6835586335486449,6,0,wrong_fixed_point,6.0,1.0
loading_scale_positive_gap,0,249,1,0.3333333333333333,2.0,0.67,7,0,wrong_fixed_point,7.0,1.0
loading_scale_positive_gap,0,374,1,0.5555555555555556,2.0,0.6846296787894877,7,0,wrong_fixed_point,7.0,1.0
loading_scale_positive_gap,0,498,1,0.4444444444444444,2.0,0.7008,7,0,wrong_fixed_point,7.0,1.0
loading_scale_positive_gap,1,0,1,0.4444444444444444,2.0,0.7210343112879165,7,0,wrong_fixed_point,7.0,1.0
loading_scale_positive_gap,1,124,1,0.4444444444444444,2.0,0.7110013485628869,6,0,wrong_fixed_point,6.0,1.0
loading_scale_positive_gap,1,249,1,0.2222222222222222,2.0,0.8154092029033762,7,0,wrong_fixed_point,7.0,1.0
loading_scale_positive_gap,1,374,1,0.2222222222222222,2.0,0.7110013485628869,7,0,wrong_fixed_point,7.0,1.0
loading_scale_positive_gap,1,498,1,0.2222222222222222,2.0,0.7809928324926998,7,0,wrong_fixed_point,7.0,1.0
loading_scale_positive_gap,2,0,1,0.5555555555555556,2.0,0.5462851000940481,6,0,wrong_fixed_point,6.0,1.0
loading_scale_positive_gap,2,124,1,0.5555555555555556,2.0,0.6005757638413945,6,0,wrong_fixed_point,6.0,1.0
loading_scale_positive_gap,2,249,1,0.5555555555555556,2.0,0.5625103057085381,6,0,wrong_fixed_point,6.0,1.0
loading_scale_positive_gap,2,374,1,0.5555555555555556,2.0,0.5704453643209815,6,0,wrong_fixed_point,6.0,1.0
loading_scale_positive_gap,2,498,1,0.5555555555555556,3.0,0.5642427556041553,6,0,wrong_fixed_point,6.0,1.0
loading_scale_positive_gap,3,0,1,0.4444444444444444,2.0,0.6146930155377885,7,0,wrong_fixed_point,7.0,1.0
loading_scale_positive_gap,3,124,1,0.3333333333333333,2.0,0.7235675446188011,7,0,wrong_fixed_point,7.0,1.0
loading_scale_positive_gap,3,249,1,0.3333333333333333,2.0,0.6153312822290592,7,0,wrong_fixed_point,7.0,1.0
loading_scale_positive_gap,3,374,1,0.3333333333333333,2.0,0.6243114212265883,7,0,wrong_fixed_point,7.0,1.0
loading_scale_positive_gap,3,498,1,0.3333333333333333,2.0,0.6208347432068615,7,0,wrong_fixed_point,7.0,1.0
loading_scale_positive_gap,4,0,1,0.3333333333333333,2.0,0.650215122892043,6,0,wrong_fixed_point,6.0,1.0
loading_scale_positive_gap,4,124,1,0.3333333333333333,2.0,0.6855287113123063,7,0,wrong_fixed_point,7.0,1.0
loading_scale_positive_gap,4,249,1,0.3333333333333333,2.0,0.6572564157084676,7,0,wrong_fixed_point,7.0,1.0
loading_scale_positive_gap,4,374,1,0.3333333333333333,2.0,0.6733977611071376,7,0,wrong_fixed_point,7.0,1.0
loading_scale_positive_gap,4,498,1,0.3333333333333333,2.0,0.7098184644783081,7,0,wrong_fixed_point,7.0,1.0
loading_scale_positive_gap,5,0,1,0.5555555555555556,2.0,0.6278688785329155,6,0,wrong_fixed_point,6.0,1.0
loading_scale_positive_gap,5,124,1,0.5555555555555556,2.0,0.5812529578797918,6,0,wrong_fixed_point,6.0,1.0
loading_scale_positive_gap,5,249,1,0.5555555555555556,2.0,0.6631431140842181,6,0,wrong_fixed_point,6.0,1.0
loading_scale_positive_gap,5,374,1,0.5555555555555556,2.0,0.7248313247020208,6,0,wrong_fixed_point,6.0,1.0
loading_scale_positive_gap,5,498,1,0.5555555555555556,2.0,0.6664285825194478,6,0,wrong_fixed_point,6.0,1.0
loading_scale_positive_gap,6,0,1,0.5555555555555556,3.0,0.5230579571444792,6,0,wrong_fixed_point,6.0,1.0
loading_scale_positive_gap,6,124,1,0.5555555555555556,2.0,0.5925654397920589,6,0,wrong_fixed_point,6.0,1.0
loading_scale_positive_gap,6,249,1,0.5555555555555556,2.0,0.6230685492387931,6,0,wrong_fixed_point,6.0,1.0
loading_scale_positive_gap,6,374,1,0.5555555555555556,2.0,0.6295764536970567,6,0,wrong_fixed_point,6.0,1.0
loading_scale_positive_gap,6,498,1,0.5555555555555556,2.0,0.5803201835319934,6,0,wrong_fixed_point,6.0,1.0
loading_scale_positive_gap,7,0,1,0.5555555555555556,2.0,0.7061288632792038,6,0,wrong_fixed_point,6.0,1.0
loading_scale_positive_gap,7,124,1,0.8888888888888888,2.0,0.6714892487390497,5,1,correct_fixed_point,5.0,1.0
loading_scale_positive_gap,7,249,1,0.5555555555555556,2.0,0.6697713392526226,6,0,wrong_fixed_point,6.0,1.0
loading_scale_positive_gap,7,374,1,0.5555555555555556,2.0,0.6946970997082547,6,0,wrong_fixed_point,6.0,1.0
loading_scale_positive_gap,7,498,1,0.5555555555555556,2.0,0.7998290401591241,6,0,wrong_fixed_point,6.0,1.0
loading_scale_positive_gap,8,0,1,0.7777777777777778,2.0,0.6243114212265883,5,1,correct_fixed_point,5.0,1.0
loading_scale_positive_gap,8,124,1,0.5555555555555556,2.0,0.6547347760275454,5,1,correct_fixed_point,5.0,1.0
loading_scale_positive_gap,8,249,1,0.4444444444444444,2.0,0.6333742448634777,6,0,wrong_fixed_point,6.0,1.0
loading_scale_positive_gap,8,374,1,0.4444444444444444,2.0,0.6848357791754018,6,0,wrong_fixed_point,6.0,1.0
loading_scale_positive_gap,8,498,1,0.4444444444444444,2.0,0.6358554075808576,6,0,wrong_fixed_point,6.0,1.0
loading_scale_positive_gap,9,0,1,0.4444444444444444,2.0,0.7561102106969206,6,0,wrong_fixed_point,6.0,1.0
loading_scale_positive_gap,9,124,1,0.5555555555555556,2.0,0.6864595846919512,6,0,wrong_fixed_point,6.0,1.0
loading_scale_positive_gap,9,249,1,0.4444444444444444,2.0,0.7177281392052397,6,0,wrong_fixed_point,6.0,1.0
loading_scale_positive_gap,9,374,1,0.4444444444444444,2.0,0.7061288632792038,6,0,wrong_fixed_point,6.0,1.0
loading_scale_positive_gap,9,498,1,0.4444444444444444,2.0,0.715730543012813,7,0,wrong_fixed_point,7.0,1.0
loading_scale_positive_gap,10,0,1,0.3333333333333333,2.0,0.5152224824355972,7,0,wrong_fixed_point,7.0,1.0
loading_scale_positive_gap,10,124,1,0.5555555555555556,2.0,0.6123279246889636,7,0,wrong_fixed_point,7.0,1.0
loading_scale_positive_gap,10,249,1,0.5555555555555556,2.0,0.6560962274466922,7,0,wrong_fixed_point,7.0,1.0
loading_scale_positive_gap,10,374,1,0.4444444444444444,2.0,0.6583488186886116,7,0,wrong_fixed_point,7.0,1.0
loading_scale_positive_gap,10,498,1,0.5555555555555556,2.0,0.6470500174653604,7,0,wrong_fixed_point,7.0,1.0
loading_scale_positive_gap,11,0,1,0.5555555555555556,3.0,0.7101177330167218,6,0,wrong_fixed_point,6.0,1.0
loading_scale_positive_gap,11,124,1,0.5555555555555556,2.0,0.6755588953597595,6,0,wrong_fixed_point,6.0,1.0
loading_scale_positive_gap,11,249,1,0.4444444444444444,2.0,0.7061100443019792,6,0,wrong_fixed_point,6.0,1.0
loading_scale_positive_gap,11,374,1,0.5555555555555556,2.0,0.7035928143712575,6,0,wrong_fixed_point,6.0,1.0
loading_scale_positive_gap,11,498,1,0.4444444444444444,2.0,0.6404334695327767,6,0,wrong_fixed_point,6.0,1.0
loading_scale_positive_gap,12,0,1,0.5555555555555556,2.0,0.6897054579149641,6,0,wrong_fixed_point,6.0,1.0
loading_scale_positive_gap,12,124,1,0.5555555555555556,2.0,0.6285740680862857,6,0,wrong_fixed_point,6.0,1.0
loading_scale_positive_gap,12,249,1,0.5555555555555556,2.0,0.6499809233117131,6,0,wrong_fixed_point,6.0,1.0
loading_scale_positive_gap,12,374,1,0.5555555555555556,2.0,0.5865073437888972,6,0,wrong_fixed_point,6.0,1.0
loading_scale_positive_gap,12,498,1,0.5555555555555556,2.0,0.5987630110122191,6,0,wrong_fixed_point,6.0,1.0
loading_scale_positive_gap,13,0,1,0.4444444444444444,2.0,0.7036339703750604,7,0,wrong_fixed_point,7.0,1.0
loading_scale_positive_gap,13,124,1,0.5555555555555556,2.0,0.67827371870031,7,0,wrong_fixed_point,7.0,1.0
loading_scale_positive_gap,13,249,1,0.4444444444444444,2.0,0.7492,6,0,wrong_fixed_point,6.0,1.0
loading_scale_positive_gap,13,374,1,0.5555555555555556,2.0,0.680459169510622,6,0,wrong_fixed_point,6.0,1.0
loading_scale_positive_gap,13,498,1,0.5555555555555556,2.0,0.6899678076341896,6,0,wrong_fixed_point,6.0,1.0
loading_scale_positive_gap,14,0,1,1.0,3.0,0.5955458057131957,5,1,correct_fixed_point,5.0,1.0
loading_scale_positive_gap,14,124,1,1.0,3.0,0.64872312158638,5,1,correct_fixed_point,5.0,1.0
loading_scale_positive_gap,14,249,1,0.8888888888888888,3.0,0.6513852900139525,5,1,correct_fixed_point,5.0,1.0
loading_scale_positive_gap,14,374,1,0.8888888888888888,2.0,0.6799492845499003,5,1,correct_fixed_point,5.0,1.0
loading_scale_positive_gap,14,498,1,0.5555555555555556,2.0,0.71688774500099,5,1,correct_fixed_point,5.0,1.0
loading_scale_positive_gap,15,0,1,0.3333333333333333,2.0,0.6672196271881957,7,0,wrong_fixed_point,7.0,1.0
loading_scale_positive_gap,15,124,1,0.4444444444444444,2.0,0.6790248215751911,7,0,wrong_fixed_point,7.0,1.0
loading_scale_positive_gap,15,249,1,0.3333333333333333,2.0,0.6661127132313407,7,0,wrong_fixed_point,7.0,1.0
loading_scale_positive_gap,15,374,1,0.3333333333333333,2.0,0.6618784051331705,7,0,wrong_fixed_point,7.0,1.0
loading_scale_positive_gap,15,498,1,0.3333333333333333,2.0,0.6618784051331705,7,0,wrong_fixed_point,7.0,1.0
loading_scale_positive_gap,16,0,1,0.4444444444444444,2.0,0.6855287113123063,6,0,wrong_fixed_point,6.0,1.0
loading_scale_positive_gap,16,124,1,0.5555555555555556,2.0,0.7523236741388737,6,0,wrong_fixed_point,6.0,1.0
loading_scale_positive_gap,16,249,1,0.4444444444444444,2.0,0.6593187372200888,6,0,wrong_fixed_point,6.0,1.0
loading_scale_positive_gap,16,374,1,0.4444444444444444,2.0,0.6602652940011878,6,0,wrong_fixed_point,6.0,1.0
loading_scale_positive_gap,16,498,1,0.4444444444444444,2.0,0.6466503472048759,6,0,wrong_fixed_point,6.0,1.0
loading_scale_positive_gap,17,0,1,0.5555555555555556,2.0,0.6846296787894877,7,0,wrong_fixed_point,7.0,1.0
loading_scale_positive_gap,17,124,1,0.5555555555555556,2.0,0.6790923824959482,7,0,wrong_fixed_point,7.0,1.0
loading_scale_positive_gap,17,249,1,0.4444444444444444,2.0,0.7657095573024411,6,0,wrong_fixed_point,6.0,1.0
loading_scale_positive_gap,17,374,1,0.4444444444444444,2.0,0.7536668412781561,6,0,wrong_fixed_point,6.0,1.0
loading_scale_positive_gap,17,498,1,0.4444444444444444,2.0,0.6919286871961102,6,0,wrong_fixed_point,6.0,1.0
loading_scale_positive_gap,18,0,1,0.5555555555555556,3.0,0.7098935316967304,7,0,wrong_fixed_point,7.0,1.0
loading_scale_positive_gap,18,124,1,0.5555555555555556,2.0,0.6839930822444273,7,0,wrong_fixed_point,7.0,1.0
loading_scale_positive_gap,18,249,1,0.5555555555555556,2.0,0.6858914146158182,6,0,wrong_fixed_point,6.0,1.0
loading_scale_positive_gap,18,374,1,0.5555555555555556,2.0,0.6044792201979344,6,0,wrong_fixed_point,6.0,1.0
loading_scale_positive_gap,18,498,1,0.5555555555555556,2.0,0.6395690987980649,6,0,wrong_fixed_point,6.0,1.0
loading_scale_positive_gap,19,0,1,0.5555555555555556,2.0,0.5257182476058413,6,0,wrong_fixed_point,6.0,1.0
loading_scale_positive_gap,19,124,1,0.5555555555555556,2.0,0.5829860015609173,6,0,wrong_fixed_point,6.0,1.0
loading_scale_positive_gap,19,249,1,0.5555555555555556,2.0,0.5629030386419773,5,1,correct_fixed_point,5.0,1.0
loading_scale_positive_gap,19,374,1,0.8888888888888888,2.0,0.5581795614398014,5,1,correct_fixed_point,5.0,1.0
loading_scale_positive_gap,19,498,1,0.5555555555555556,2.0,0.57040824112934,6,0,wrong_fixed_point,6.0,1.0
