anchor,metric,n,mean,sd,mcse,ci_low,ci_high
S0,fixed_point_indicator,20,1.0,0.0,0.0,1.0,1.0
S0,basin_fraction,20,0.5522222222222222,0.09971369019846497,0.022296658957112216,0.5055547786920489,0.5988896657523954
S0,end_to_end_success,20,0.1,0.24708830724853692,0.055250625145308256,-0.01564088745022421,0.21564088745022422
S0,r0_released,20,6.2,0.5191085476184402,0.11607620001760187,5.957049721218855,6.4429502787811455
S0,d_hat_at_r_true,20,2.0700000000000003,0.14903196407411898,0.033324560249003654,2.000250893796258,2.1397491062037424
S0,ARI_at_r_true,20,0.6353045548305944,0.047874864221771764,0.010705145081345423,0.6128984286694081,0.6577106809917808
S0,delta,20,8.714841819220124,2.7539347953460727,0.615798540799579,7.425960660657098,10.003722977783152
S0,delta_over_lambda_max_Gamma_xi,20,1.3220837560802432,0.47964135297978366,0.10725106700827676,1.0976046929709675,1.5465628191895189
S0,actual_spectral_radius,20,0.9129335703075144,0.01761366913176346,0.00393853615118128,0.9046901194039355,0.9211770212110933
S0,realised_offdiag_density,20,0.2938030303030303,0.004087875694243754,0.0009140767935898179,0.2918898455864704,0.29571621501959017
S1,fixed_point_indicator,19,0.9157894736842105,0.2432720422689537,0.055810434107322324,0.7985361025927212,1.0330428447756999
S1,basin_fraction,19,0.4175438596491228,0.15263195237942861,0.03501617136722325,0.343977613458869,0.49111010583937653
S1,end_to_end_success,19,0.021052631578947368,0.0917662935482247,0.021052631578947364,-0.023177306110335995,0.06528256926823073
S1,r0_released,19,6.389473684210526,0.49204193231664184,0.11288216099751165,6.152317064220825,6.626630304200227
S1,d_hat_at_r_true,19,2.0421052631578944,0.10706067580626216,0.02456140350877193,1.990503669187064,2.093706857128725
S1,ARI_at_r_true,19,0.5535532734233994,0.12771179585877512,0.029299095370868264,0.4919981581996204,0.6151083886471784
S1,delta,19,6.872915437671373,3.121042084908098,0.7160161603500994,5.368621305223144,8.377209570119602
S1,delta_over_lambda_max_Gamma_xi,19,0.9137527195435259,0.48816597852321697,0.1119929562135447,0.6784642494827491,1.1490411896043027
S1,actual_spectral_radius,19,0.9170693523443345,0.023213040599192998,0.005325436744431006,0.9058810249140503,0.9282576797746187
S1,realised_offdiag_density,19,0.2953907496012759,0.004105288569797303,0.0009418177899904772,0.2934120638483939,0.29736943535415794
S2,fixed_point_indicator,19,0.7684210526315789,0.40695704329538185,0.09336234874140399,0.5722740364321004,0.9645680688310574
S2,basin_fraction,19,0.24561403508771926,0.1616909420000311,0.03709444611915957,0.16768149566544616,0.32354657450999236
S2,end_to_end_success,19,0.0,0.0,0.0,0.0,0.0
S2,r0_released,19,6.515789473684211,0.4867844125765382,0.11167600324799681,6.281166897094473,6.750412050273948
S2,d_hat_at_r_true,19,2.0,0.0,0.0,2.0,2.0
S2,ARI_at_r_true,19,0.41797676173250814,0.13836185806321613,0.03174238720726723,0.35128848083889774,0.48466504262611854
S2,delta,19,3.5690306053737153,4.27777307705527,0.9813884498043659,1.507209981141814,5.630851229605616
S2,delta_over_lambda_max_Gamma_xi,19,0.405390829234222,0.3913957247833805,0.08979233743497965,0.2167441284723198,0.5940375299961241
S2,actual_spectral_radius,19,0.9201229219259952,0.02296975213098628,0.005269622541955117,0.9090518557838511,0.9311939880681394
S2,realised_offdiag_density,19,0.2968314726209463,0.005071584576071985,0.0011635012974061762,0.2943870471013767,0.29927589814051586
S3,fixed_point_indicator,18,0.13333333333333333,0.2656844656620286,0.06262242910851495,0.0012115568784344666,0.26545510978823217
S3,basin_fraction,18,0.019753086419753086,0.03725426492339704,0.008780914451818063,0.0012269763216868346,0.03827919651781934
S3,end_to_end_success,18,0.0,0.0,0.0,0.0,0.0
S3,r0_released,18,6.711111111111111,0.45618480374010567,0.10752378939962769,6.484255745248123,6.9379664769741
S3,d_hat_at_r_true,18,2.1222222222222222,0.24865652084648238,0.05860890402560061,1.9985682435092802,2.245876200935164
S3,ARI_at_r_true,18,0.1672455605943109,0.14451489714633292,0.03406248791821615,0.09537999296470395,0.23911112822391783
S3,delta,18,-43.45299148017412,125.1139676526506,29.4896449827812,-105.67070384961599,18.764720889267757
S3,delta_over_lambda_max_Gamma_xi,18,-0.2193529552084052,0.399489387243036,0.09416055157720314,-0.41801435374335305,-0.020691556673457345
S3,actual_spectral_radius,18,0.9234115303971061,0.033542103343529174,0.007905949576489817,0.9067314348230643,0.9400916259711479
S3,realised_offdiag_density,18,0.2975476992143659,0.004631820364296638,0.0010917305296106992,0.2952443491361972,0.29985104929253464
S4,fixed_point_indicator,17,0.0,0.0,0.0,0.0,0.0
S4,basin_fraction,17,0.0,0.0,0.0,0.0,0.0
S4,end_to_end_success,17,0.0,0.0,0.0,0.0,0.0
S4,r0_released,17,9.0,1.2569805089976533,0.3048625534082338,8.353720257495837,9.646279742504163
S4,d_hat_at_r_true,17,11.894117647058822,1.3511433067199488,0.3277003864089805,11.199423861353651,12.588811432763993
S4,ARI_at_r_true,17,0.012956406203109278,0.017588724093400034,0.004265892191584387,0.003913118740264003,0.021999693665954553
S4,delta,17,-175.12190964525422,289.9749547213278,70.32925688821959,-324.21327401286675,-26.030545277641693
S4,delta_over_lambda_max_Gamma_xi,17,-0.7993589159070806,0.13176940284278502,0.03195877447913922,-0.8671084912820171,-0.7316093405321442
S4,actual_spectral_radius,17,0.9202002572590088,0.03656204222918508,0.008867597764660203,0.9014017897663452,0.9389987247516723
S4,realised_offdiag_density,17,0.30039809863339273,0.00474565710264427,0.001150990911597941,0.29795810690054103,0.30283809036624443
loading_scale_negative_gap,fixed_point_indicator,20,0.5399999999999999,0.4057481718349061,0.09072804939691155,0.35010401020272297,0.7298959897972769
loading_scale_negative_gap,basin_fraction,20,0.22777777777777777,0.21985582138354065,0.04916125618626487,0.12488208603499837,0.3306734695205572
loading_scale_negative_gap,end_to_end_success,20,0.27,0.3510885328442626,0.07850578255604387,0.10568550870005558,0.4343144912999445
loading_scale_negative_gap,r0_released,20,5.68,0.6135316231716006,0.1371898415757484,5.392858361561499,5.9671416384385
loading_scale_negative_gap,d_hat_at_r_true,20,2.09,0.13726654823065196,0.030693733288049124,2.0257572779085216,2.154242722091478
loading_scale_negative_gap,ARI_at_r_true,20,0.23669641099216526,0.08674020773778952,0.019395700088415062,0.19610074415502407,0.2772920778293065
loading_scale_negative_gap,delta,20,-3.1922161054863745,2.047604076551535,0.45785819061749156,-4.150524311956628,-2.233907899016121
loading_scale_negative_gap,delta_over_lambda_max_Gamma_xi,20,-0.41947906097993914,0.11991033824494592,0.02681276675206919,-0.47559882675725806,-0.3633592952026202
loading_scale_negative_gap,actual_spectral_radius,20,0.9129335703075144,0.01761366913176346,0.00393853615118128,0.9046901194039355,0.9211770212110933
loading_scale_negative_gap,realised_offdiag_density,20,0.2938030303030303,0.004087875694243754,0.0009140767935898179,0.2918898455864704,0.29571621501959017
loading_scale_positive_gap,fixed_point_indicator,20,1.0,0.0,0.0,1.0,1.0
loading_scale_positive_gap,basin_fraction,20,0.51,0.12287967775298876,0.027476731250895146,0.45249054055536525,0.5675094594446348
loading_scale_positive_gap,end_to_end_success,20,0.1,0.24708830724853692,0.055250625145308256,-0.01564088745022421,0.21564088745022422
loading_scale_positive_gap,r0_released,20,6.23,0.536165724576391,0.11989030073582399,5.9790667166696805,6.48093328333032
loading_scale_positive_gap,d_hat_at_r_true,20,2.0700000000000003,0.14903196407411898,0.033324560249003654,2.000250893796258,2.1397491062037424
loading_scale_positive_gap,ARI_at_r_true,20,0.6605173560915588,0.04942165761541063,0.011051018598877832,0.6373873083383944,0.6836474038447232
loading_scale_positive_gap,delta,20,28.5599383603976,4.6652021938238315,1.0431709234171236,26.376556524826277,30.74332019596892
loading_scale_positive_gap,delta_over_lambda_max_Gamma_xi,20,4.224688451180542,1.079193044204512,0.2413149007686224,3.7196105591846726,4.729766343176412
loading_scale_positive_gap,actual_spectral_radius,20,0.9129335703075144,0.01761366913176346,0.00393853615118128,0.9046901194039355,0.9211770212110933
loading_scale_positive_gap,realised_offdiag_density,20,0.2938030303030303,0.004087875694243754,0.0009140767935898179,0.2918898455864704,0.29571621501959017
