dgp,K_branch,variant,baing_branch,r0,n_worlds,P_reach_r_true,sd,mcse,ci_low,ci_high,mean_n_iter
strong_sbm,primary_fixed_K,A_incremental,released,1,20,0.0,0.0,0.0,0.0,0.0,5.81
strong_sbm,primary_fixed_K,A_incremental,released,2,20,0.0,0.0,0.0,0.0,0.0,5.930000000000001
strong_sbm,primary_fixed_K,A_incremental,released,3,20,0.0,0.0,0.0,0.0,0.0,5.9799999999999995
strong_sbm,primary_fixed_K,A_incremental,released,4,20,0.0,0.0,0.0,0.0,0.0,6.0
strong_sbm,primary_fixed_K,A_incremental,released,5,20,0.0,0.0,0.0,0.0,0.0,5.0
strong_sbm,primary_fixed_K,A_incremental,released,6,20,0.0,0.0,0.0,0.0,0.0,4.0
strong_sbm,primary_fixed_K,A_incremental,released,7,20,0.0,0.0,0.0,0.0,0.0,3.0
strong_sbm,primary_fixed_K,A_incremental,released,8,20,0.0,0.0,0.0,0.0,0.0,2.0
strong_sbm,primary_fixed_K,A_incremental,released,9,20,0.0,0.0,0.0,0.0,0.0,1.0
strong_sbm,primary_fixed_K,A_incremental,zero_fixed,1,20,0.8100000000000002,0.3210181172129501,0.07178183320971517,0.6597588964225445,0.9602411035774558,2.0100000000000002
strong_sbm,primary_fixed_K,A_incremental,zero_fixed,2,20,0.93,0.19761738683361685,0.04418859104958392,0.8375122160028112,1.0224877839971889,2.0
strong_sbm,primary_fixed_K,A_incremental,zero_fixed,3,20,0.9800000000000001,0.08944271909999157,0.019999999999999997,0.9381395189118349,1.0218604810881653,2.0
strong_sbm,primary_fixed_K,A_incremental,zero_fixed,4,20,1.0,0.0,0.0,1.0,1.0,2.0
strong_sbm,primary_fixed_K,A_incremental,zero_fixed,5,20,1.0,0.0,0.0,1.0,1.0,1.0
strong_sbm,primary_fixed_K,A_incremental,zero_fixed,6,20,0.0,0.0,0.0,0.0,0.0,1.04
strong_sbm,primary_fixed_K,A_incremental,zero_fixed,7,20,0.0,0.0,0.0,0.0,0.0,1.0
strong_sbm,primary_fixed_K,A_incremental,zero_fixed,8,20,0.0,0.0,0.0,0.0,0.0,1.0
strong_sbm,primary_fixed_K,A_incremental,zero_fixed,9,20,0.0,0.0,0.0,0.0,0.0,1.0
strong_sbm,primary_fixed_K,B_absolute,released,1,20,0.8100000000000002,0.3210181172129501,0.07178183320971517,0.6597588964225445,0.9602411035774558,2.0100000000000002
strong_sbm,primary_fixed_K,B_absolute,released,2,20,0.9400000000000001,0.18467610337532775,0.041294832096701116,0.8535689230988542,1.026431076901146,2.0
strong_sbm,primary_fixed_K,B_absolute,released,3,20,0.9800000000000001,0.08944271909999157,0.019999999999999997,0.9381395189118349,1.0218604810881653,2.0
strong_sbm,primary_fixed_K,B_absolute,released,4,20,1.0,0.0,0.0,1.0,1.0,2.0
strong_sbm,primary_fixed_K,B_absolute,released,5,20,1.0,0.0,0.0,1.0,1.0,1.0
strong_sbm,primary_fixed_K,B_absolute,released,6,20,0.030000000000000006,0.09787209698591859,0.021884866196096624,-0.01580555137593649,0.0758055513759365,1.04
strong_sbm,primary_fixed_K,B_absolute,released,7,20,0.06999999999999999,0.18666040089734595,0.041738534511382826,-0.017359756728073703,0.15735975672807367,1.5299999999999998
strong_sbm,primary_fixed_K,B_absolute,released,8,20,0.06999999999999999,0.18666040089734595,0.041738534511382826,-0.017359756728073703,0.15735975672807367,2.0200000000000005
strong_sbm,primary_fixed_K,B_absolute,released,9,20,0.06999999999999999,0.18666040089734595,0.041738534511382826,-0.017359756728073703,0.15735975672807367,2.0200000000000005
strong_sbm,primary_fixed_K,B_absolute,zero_fixed,1,20,0.8100000000000002,0.3210181172129501,0.07178183320971517,0.6597588964225445,0.9602411035774558,2.0100000000000002
strong_sbm,primary_fixed_K,B_absolute,zero_fixed,2,20,0.9400000000000001,0.18467610337532775,0.041294832096701116,0.8535689230988542,1.026431076901146,2.0
strong_sbm,primary_fixed_K,B_absolute,zero_fixed,3,20,0.9800000000000001,0.08944271909999157,0.019999999999999997,0.9381395189118349,1.0218604810881653,2.0
strong_sbm,primary_fixed_K,B_absolute,zero_fixed,4,20,1.0,0.0,0.0,1.0,1.0,2.0
strong_sbm,primary_fixed_K,B_absolute,zero_fixed,5,20,1.0,0.0,0.0,1.0,1.0,1.0
strong_sbm,primary_fixed_K,B_absolute,zero_fixed,6,20,0.030000000000000006,0.09787209698591859,0.021884866196096624,-0.01580555137593649,0.0758055513759365,1.04
strong_sbm,primary_fixed_K,B_absolute,zero_fixed,7,20,0.06999999999999999,0.18666040089734595,0.041738534511382826,-0.017359756728073703,0.15735975672807367,1.5299999999999998
strong_sbm,primary_fixed_K,B_absolute,zero_fixed,8,20,0.06999999999999999,0.18666040089734595,0.041738534511382826,-0.017359756728073703,0.15735975672807367,2.0200000000000005
strong_sbm,primary_fixed_K,B_absolute,zero_fixed,9,20,0.06999999999999999,0.18666040089734595,0.041738534511382826,-0.017359756728073703,0.15735975672807367,2.0200000000000005
strong_sbm,primary_fixed_K,C_criterion,released,1,20,0.96,0.13917047478769184,0.031119464208619958,0.8948662128510614,1.0251337871489385,2.0
strong_sbm,primary_fixed_K,C_criterion,released,2,20,0.99,0.04472135954999579,0.009999999999999998,0.9690697594559173,1.0109302405440825,2.0
strong_sbm,primary_fixed_K,C_criterion,released,3,20,0.99,0.04472135954999579,0.009999999999999998,0.9690697594559173,1.0109302405440825,2.0
strong_sbm,primary_fixed_K,C_criterion,released,4,20,1.0,0.0,0.0,1.0,1.0,2.0
strong_sbm,primary_fixed_K,C_criterion,released,5,20,1.0,0.0,0.0,1.0,1.0,1.0
strong_sbm,primary_fixed_K,C_criterion,released,6,20,0.04,0.08207826816681232,0.01835325870964494,0.0015861880439351841,0.07841381195606481,1.0799999999999998
strong_sbm,primary_fixed_K,C_criterion,released,7,20,0.07,0.18666040089734592,0.04173853451138282,-0.017359756728073675,0.15735975672807367,1.3599999999999999
strong_sbm,primary_fixed_K,C_criterion,released,8,20,0.07,0.14903196407411895,0.03332456024900365,0.0002508937962579644,0.13974910620374204,2.06
strong_sbm,primary_fixed_K,C_criterion,released,9,20,0.04,0.10462967275611938,0.023395906074624072,-0.008968194188864582,0.08896819418886459,2.05
strong_sbm,primary_fixed_K,C_criterion,zero_fixed,1,20,0.96,0.13917047478769184,0.031119464208619958,0.8948662128510614,1.0251337871489385,2.0
strong_sbm,primary_fixed_K,C_criterion,zero_fixed,2,20,0.99,0.04472135954999579,0.009999999999999998,0.9690697594559173,1.0109302405440825,2.0
strong_sbm,primary_fixed_K,C_criterion,zero_fixed,3,20,0.99,0.04472135954999579,0.009999999999999998,0.9690697594559173,1.0109302405440825,2.0
strong_sbm,primary_fixed_K,C_criterion,zero_fixed,4,20,1.0,0.0,0.0,1.0,1.0,2.0
strong_sbm,primary_fixed_K,C_criterion,zero_fixed,5,20,1.0,0.0,0.0,1.0,1.0,1.0
strong_sbm,primary_fixed_K,C_criterion,zero_fixed,6,20,0.04,0.08207826816681232,0.01835325870964494,0.0015861880439351841,0.07841381195606481,1.0799999999999998
strong_sbm,primary_fixed_K,C_criterion,zero_fixed,7,20,0.07,0.18666040089734592,0.04173853451138282,-0.017359756728073675,0.15735975672807367,1.3599999999999999
strong_sbm,primary_fixed_K,C_criterion,zero_fixed,8,20,0.07,0.14903196407411895,0.03332456024900365,0.0002508937962579644,0.13974910620374204,2.06
strong_sbm,primary_fixed_K,C_criterion,zero_fixed,9,20,0.04,0.10462967275611938,0.023395906074624072,-0.008968194188864582,0.08896819418886459,2.05
strong_sbm,robustness_K_equals_d_hat,A_incremental,released,1,20,0.0,0.0,0.0,0.0,0.0,5.5200000000000005
strong_sbm,robustness_K_equals_d_hat,A_incremental,released,2,20,0.0,0.0,0.0,0.0,0.0,5.79
strong_sbm,robustness_K_equals_d_hat,A_incremental,released,3,20,0.0,0.0,0.0,0.0,0.0,5.9799999999999995
strong_sbm,robustness_K_equals_d_hat,A_incremental,released,4,20,0.0,0.0,0.0,0.0,0.0,6.0
strong_sbm,robustness_K_equals_d_hat,A_incremental,released,5,20,0.0,0.0,0.0,0.0,0.0,5.0
strong_sbm,robustness_K_equals_d_hat,A_incremental,released,6,20,0.0,0.0,0.0,0.0,0.0,4.0
strong_sbm,robustness_K_equals_d_hat,A_incremental,released,7,20,0.0,0.0,0.0,0.0,0.0,3.0
strong_sbm,robustness_K_equals_d_hat,A_incremental,released,8,20,0.0,0.0,0.0,0.0,0.0,2.0
strong_sbm,robustness_K_equals_d_hat,A_incremental,released,9,20,0.0,0.0,0.0,0.0,0.0,1.0
strong_sbm,robustness_K_equals_d_hat,A_incremental,zero_fixed,1,20,0.52,0.4514304749174678,0.10094292290304717,0.3087240342416435,0.7312759657583565,2.0300000000000002
strong_sbm,robustness_K_equals_d_hat,A_incremental,zero_fixed,2,20,0.7899999999999999,0.3210181172129501,0.07178183320971517,0.6397588964225442,0.9402411035774556,2.02
strong_sbm,robustness_K_equals_d_hat,A_incremental,zero_fixed,3,20,0.9800000000000001,0.08944271909999157,0.019999999999999997,0.9381395189118349,1.0218604810881653,2.0
strong_sbm,robustness_K_equals_d_hat,A_incremental,zero_fixed,4,20,1.0,0.0,0.0,1.0,1.0,2.0
strong_sbm,robustness_K_equals_d_hat,A_incremental,zero_fixed,5,20,1.0,0.0,0.0,1.0,1.0,1.0
strong_sbm,robustness_K_equals_d_hat,A_incremental,zero_fixed,6,20,0.0,0.0,0.0,0.0,0.0,1.05
strong_sbm,robustness_K_equals_d_hat,A_incremental,zero_fixed,7,20,0.0,0.0,0.0,0.0,0.0,1.0
strong_sbm,robustness_K_equals_d_hat,A_incremental,zero_fixed,8,20,0.0,0.0,0.0,0.0,0.0,1.0
strong_sbm,robustness_K_equals_d_hat,A_incremental,zero_fixed,9,20,0.0,0.0,0.0,0.0,0.0,1.0
strong_sbm,robustness_K_equals_d_hat,B_absolute,released,1,20,0.52,0.4514304749174678,0.10094292290304717,0.3087240342416435,0.7312759657583565,2.0100000000000002
strong_sbm,robustness_K_equals_d_hat,B_absolute,released,2,20,0.7899999999999999,0.3210181172129501,0.07178183320971517,0.6397588964225442,0.9402411035774556,2.0100000000000002
strong_sbm,robustness_K_equals_d_hat,B_absolute,released,3,20,0.9800000000000001,0.08944271909999157,0.019999999999999997,0.9381395189118349,1.0218604810881653,2.0
strong_sbm,robustness_K_equals_d_hat,B_absolute,released,4,20,1.0,0.0,0.0,1.0,1.0,2.0
strong_sbm,robustness_K_equals_d_hat,B_absolute,released,5,20,1.0,0.0,0.0,1.0,1.0,1.0
strong_sbm,robustness_K_equals_d_hat,B_absolute,released,6,20,0.01,0.0447213595499958,0.010000000000000002,-0.010930240544082632,0.03093024054408263,1.02
strong_sbm,robustness_K_equals_d_hat,B_absolute,released,7,20,0.05,0.14327007988227577,0.03203616377585937,-0.017052461393836302,0.11705246139383631,1.42
strong_sbm,robustness_K_equals_d_hat,B_absolute,released,8,20,0.04,0.13917047478769184,0.031119464208619958,-0.025133787148938568,0.10513378714893856,2.0200000000000005
strong_sbm,robustness_K_equals_d_hat,B_absolute,released,9,20,0.03,0.1341640786499874,0.03,-0.03279072163224789,0.09279072163224789,2.0100000000000002
strong_sbm,robustness_K_equals_d_hat,B_absolute,zero_fixed,1,20,0.52,0.4514304749174678,0.10094292290304717,0.3087240342416435,0.7312759657583565,2.0100000000000002
strong_sbm,robustness_K_equals_d_hat,B_absolute,zero_fixed,2,20,0.7899999999999999,0.3210181172129501,0.07178183320971517,0.6397588964225442,0.9402411035774556,2.0100000000000002
strong_sbm,robustness_K_equals_d_hat,B_absolute,zero_fixed,3,20,0.9800000000000001,0.08944271909999157,0.019999999999999997,0.9381395189118349,1.0218604810881653,2.0
strong_sbm,robustness_K_equals_d_hat,B_absolute,zero_fixed,4,20,1.0,0.0,0.0,1.0,1.0,2.0
strong_sbm,robustness_K_equals_d_hat,B_absolute,zero_fixed,5,20,1.0,0.0,0.0,1.0,1.0,1.0
strong_sbm,robustness_K_equals_d_hat,B_absolute,zero_fixed,6,20,0.01,0.0447213595499958,0.010000000000000002,-0.010930240544082632,0.03093024054408263,1.02
strong_sbm,robustness_K_equals_d_hat,B_absolute,zero_fixed,7,20,0.05,0.14327007988227577,0.03203616377585937,-0.017052461393836302,0.11705246139383631,1.42
strong_sbm,robustness_K_equals_d_hat,B_absolute,zero_fixed,8,20,0.04,0.13917047478769184,0.031119464208619958,-0.025133787148938568,0.10513378714893856,2.0200000000000005
strong_sbm,robustness_K_equals_d_hat,B_absolute,zero_fixed,9,20,0.03,0.1341640786499874,0.03,-0.03279072163224789,0.09279072163224789,2.0100000000000002
strong_sbm,robustness_K_equals_d_hat,C_criterion,released,1,20,0.8699999999999999,0.29217874846167646,0.06533315431411206,0.7332561364701964,1.0067438635298034,2.0
strong_sbm,robustness_K_equals_d_hat,C_criterion,released,2,20,0.96,0.10462967275611937,0.02339590607462407,0.9110318058111354,1.0089681941888646,2.0
strong_sbm,robustness_K_equals_d_hat,C_criterion,released,3,20,0.99,0.04472135954999579,0.009999999999999998,0.9690697594559173,1.0109302405440825,2.0
strong_sbm,robustness_K_equals_d_hat,C_criterion,released,4,20,1.0,0.0,0.0,1.0,1.0,2.0
strong_sbm,robustness_K_equals_d_hat,C_criterion,released,5,20,1.0,0.0,0.0,1.0,1.0,1.0
strong_sbm,robustness_K_equals_d_hat,C_criterion,released,6,20,0.030000000000000006,0.07326950970650466,0.016383560438182506,-0.004291186093967558,0.06429118609396757,1.0699999999999998
strong_sbm,robustness_K_equals_d_hat,C_criterion,released,7,20,0.02,0.06155870112510925,0.013764944032233706,-0.008810358967048616,0.04881035896704862,1.2
strong_sbm,robustness_K_equals_d_hat,C_criterion,released,8,20,0.030000000000000006,0.09787209698591859,0.021884866196096624,-0.01580555137593649,0.0758055513759365,2.0599999999999996
strong_sbm,robustness_K_equals_d_hat,C_criterion,released,9,20,0.04,0.10462967275611938,0.023395906074624072,-0.008968194188864582,0.08896819418886459,2.0799999999999996
strong_sbm,robustness_K_equals_d_hat,C_criterion,zero_fixed,1,20,0.8699999999999999,0.29217874846167646,0.06533315431411206,0.7332561364701964,1.0067438635298034,2.0
strong_sbm,robustness_K_equals_d_hat,C_criterion,zero_fixed,2,20,0.96,0.10462967275611937,0.02339590607462407,0.9110318058111354,1.0089681941888646,2.0
strong_sbm,robustness_K_equals_d_hat,C_criterion,zero_fixed,3,20,0.99,0.04472135954999579,0.009999999999999998,0.9690697594559173,1.0109302405440825,2.0
strong_sbm,robustness_K_equals_d_hat,C_criterion,zero_fixed,4,20,1.0,0.0,0.0,1.0,1.0,2.0
strong_sbm,robustness_K_equals_d_hat,C_criterion,zero_fixed,5,20,1.0,0.0,0.0,1.0,1.0,1.0
strong_sbm,robustness_K_equals_d_hat,C_criterion,zero_fixed,6,20,0.030000000000000006,0.07326950970650466,0.016383560438182506,-0.004291186093967558,0.06429118609396757,1.0699999999999998
strong_sbm,robustness_K_equals_d_hat,C_criterion,zero_fixed,7,20,0.02,0.06155870112510925,0.013764944032233706,-0.008810358967048616,0.04881035896704862,1.2
strong_sbm,robustness_K_equals_d_hat,C_criterion,zero_fixed,8,20,0.030000000000000006,0.09787209698591859,0.021884866196096624,-0.01580555137593649,0.0758055513759365,2.0599999999999996
strong_sbm,robustness_K_equals_d_hat,C_criterion,zero_fixed,9,20,0.04,0.10462967275611938,0.023395906074624072,-0.008968194188864582,0.08896819418886459,2.0799999999999996
weak_sbm,primary_fixed_K,A_incremental,released,1,17,0.0,0.0,0.0,0.0,0.0,5.0
weak_sbm,primary_fixed_K,A_incremental,released,2,17,0.0,0.0,0.0,0.0,0.0,4.988235294117647
weak_sbm,primary_fixed_K,A_incremental,released,3,17,0.0,0.0,0.0,0.0,0.0,5.0
weak_sbm,primary_fixed_K,A_incremental,released,4,17,0.0,0.0,0.0,0.0,0.0,4.964705882352941
weak_sbm,primary_fixed_K,A_incremental,released,5,17,0.0,0.0,0.0,0.0,0.0,4.3999999999999995
weak_sbm,primary_fixed_K,A_incremental,released,6,17,0.0,0.0,0.0,0.0,0.0,4.0
weak_sbm,primary_fixed_K,A_incremental,released,7,17,0.0,0.0,0.0,0.0,0.0,3.0
weak_sbm,primary_fixed_K,A_incremental,released,8,17,0.0,0.0,0.0,0.0,0.0,2.0
weak_sbm,primary_fixed_K,A_incremental,released,9,17,0.0,0.0,0.0,0.0,0.0,1.0
weak_sbm,primary_fixed_K,A_incremental,zero_fixed,1,17,0.0,0.0,0.0,0.0,0.0,2.8117647058823527
weak_sbm,primary_fixed_K,A_incremental,zero_fixed,2,17,0.0,0.0,0.0,0.0,0.0,2.8000000000000003
weak_sbm,primary_fixed_K,A_incremental,zero_fixed,3,17,0.0,0.0,0.0,0.0,0.0,2.8117647058823527
weak_sbm,primary_fixed_K,A_incremental,zero_fixed,4,17,0.0,0.0,0.0,0.0,0.0,2.7764705882352945
weak_sbm,primary_fixed_K,A_incremental,zero_fixed,5,17,0.0,0.0,0.0,0.0,0.0,2.2117647058823526
weak_sbm,primary_fixed_K,A_incremental,zero_fixed,6,17,0.0,0.0,0.0,0.0,0.0,1.811764705882353
weak_sbm,primary_fixed_K,A_incremental,zero_fixed,7,17,0.0,0.0,0.0,0.0,0.0,1.0
weak_sbm,primary_fixed_K,A_incremental,zero_fixed,8,17,0.0,0.0,0.0,0.0,0.0,1.0
weak_sbm,primary_fixed_K,A_incremental,zero_fixed,9,17,0.0,0.0,0.0,0.0,0.0,1.0
weak_sbm,primary_fixed_K,B_absolute,released,1,17,0.0,0.0,0.0,0.0,0.0,2.7411764705882353
weak_sbm,primary_fixed_K,B_absolute,released,2,17,0.0,0.0,0.0,0.0,0.0,2.7294117647058824
weak_sbm,primary_fixed_K,B_absolute,released,3,17,0.0,0.0,0.0,0.0,0.0,2.7411764705882353
weak_sbm,primary_fixed_K,B_absolute,released,4,17,0.0,0.0,0.0,0.0,0.0,2.7176470588235295
weak_sbm,primary_fixed_K,B_absolute,released,5,17,0.0,0.0,0.0,0.0,0.0,2.1882352941176473
weak_sbm,primary_fixed_K,B_absolute,released,6,17,0.0,0.0,0.0,0.0,0.0,1.7411764705882353
weak_sbm,primary_fixed_K,B_absolute,released,7,17,0.0,0.0,0.0,0.0,0.0,1.0588235294117647
weak_sbm,primary_fixed_K,B_absolute,released,8,17,0.0,0.0,0.0,0.0,0.0,2.0
weak_sbm,primary_fixed_K,B_absolute,released,9,17,0.0,0.0,0.0,0.0,0.0,2.0
weak_sbm,primary_fixed_K,B_absolute,zero_fixed,1,17,0.0,0.0,0.0,0.0,0.0,2.7411764705882353
weak_sbm,primary_fixed_K,B_absolute,zero_fixed,2,17,0.0,0.0,0.0,0.0,0.0,2.7294117647058824
weak_sbm,primary_fixed_K,B_absolute,zero_fixed,3,17,0.0,0.0,0.0,0.0,0.0,2.7411764705882353
weak_sbm,primary_fixed_K,B_absolute,zero_fixed,4,17,0.0,0.0,0.0,0.0,0.0,2.7176470588235295
weak_sbm,primary_fixed_K,B_absolute,zero_fixed,5,17,0.0,0.0,0.0,0.0,0.0,2.1882352941176473
weak_sbm,primary_fixed_K,B_absolute,zero_fixed,6,17,0.0,0.0,0.0,0.0,0.0,1.7411764705882353
weak_sbm,primary_fixed_K,B_absolute,zero_fixed,7,17,0.0,0.0,0.0,0.0,0.0,1.0588235294117647
weak_sbm,primary_fixed_K,B_absolute,zero_fixed,8,17,0.0,0.0,0.0,0.0,0.0,2.0
weak_sbm,primary_fixed_K,B_absolute,zero_fixed,9,17,0.0,0.0,0.0,0.0,0.0,2.0
weak_sbm,primary_fixed_K,C_criterion,released,1,17,0.011764705882352941,0.04850712500726659,0.01176470588235294,-0.013175356461423659,0.036704768226129544,2.0470588235294116
weak_sbm,primary_fixed_K,C_criterion,released,2,17,0.0,0.0,0.0,0.0,0.0,2.0470588235294116
weak_sbm,primary_fixed_K,C_criterion,released,3,17,0.011764705882352941,0.04850712500726659,0.01176470588235294,-0.013175356461423659,0.036704768226129544,2.0470588235294116
weak_sbm,primary_fixed_K,C_criterion,released,4,17,0.03529411764705882,0.14552137502179976,0.035294117647058816,-0.03952606938427097,0.11011430467838862,2.0470588235294116
weak_sbm,primary_fixed_K,C_criterion,released,5,17,0.03529411764705882,0.14552137502179976,0.035294117647058816,-0.03952606938427097,0.11011430467838862,1.964705882352941
weak_sbm,primary_fixed_K,C_criterion,released,6,17,0.0,0.0,0.0,0.0,0.0,1.788235294117647
weak_sbm,primary_fixed_K,C_criterion,released,7,17,0.0,0.0,0.0,0.0,0.0,1.0470588235294118
weak_sbm,primary_fixed_K,C_criterion,released,8,17,0.0,0.0,0.0,0.0,0.0,2.0
weak_sbm,primary_fixed_K,C_criterion,released,9,17,0.0,0.0,0.0,0.0,0.0,2.011764705882353
weak_sbm,primary_fixed_K,C_criterion,zero_fixed,1,17,0.011764705882352941,0.04850712500726659,0.01176470588235294,-0.013175356461423659,0.036704768226129544,2.0470588235294116
weak_sbm,primary_fixed_K,C_criterion,zero_fixed,2,17,0.0,0.0,0.0,0.0,0.0,2.0470588235294116
weak_sbm,primary_fixed_K,C_criterion,zero_fixed,3,17,0.011764705882352941,0.04850712500726659,0.01176470588235294,-0.013175356461423659,0.036704768226129544,2.0470588235294116
weak_sbm,primary_fixed_K,C_criterion,zero_fixed,4,17,0.03529411764705882,0.14552137502179976,0.035294117647058816,-0.03952606938427097,0.11011430467838862,2.0470588235294116
weak_sbm,primary_fixed_K,C_criterion,zero_fixed,5,17,0.03529411764705882,0.14552137502179976,0.035294117647058816,-0.03952606938427097,0.11011430467838862,1.964705882352941
weak_sbm,primary_fixed_K,C_criterion,zero_fixed,6,17,0.0,0.0,0.0,0.0,0.0,1.788235294117647
weak_sbm,primary_fixed_K,C_criterion,zero_fixed,7,17,0.0,0.0,0.0,0.0,0.0,1.0470588235294118
weak_sbm,primary_fixed_K,C_criterion,zero_fixed,8,17,0.0,0.0,0.0,0.0,0.0,2.0
weak_sbm,primary_fixed_K,C_criterion,zero_fixed,9,17,0.0,0.0,0.0,0.0,0.0,2.011764705882353
weak_sbm,robustness_K_equals_d_hat,A_incremental,released,1,17,0.0,0.0,0.0,0.0,0.0,5.0
weak_sbm,robustness_K_equals_d_hat,A_incremental,released,2,17,0.0,0.0,0.0,0.0,0.0,4.988235294117647
weak_sbm,robustness_K_equals_d_hat,A_incremental,released,3,17,0.0,0.0,0.0,0.0,0.0,5.0
weak_sbm,robustness_K_equals_d_hat,A_incremental,released,4,17,0.0,0.0,0.0,0.0,0.0,4.976470588235294
weak_sbm,robustness_K_equals_d_hat,A_incremental,released,5,17,0.0,0.0,0.0,0.0,0.0,4.376470588235294
weak_sbm,robustness_K_equals_d_hat,A_incremental,released,6,17,0.0,0.0,0.0,0.0,0.0,4.0
weak_sbm,robustness_K_equals_d_hat,A_incremental,released,7,17,0.0,0.0,0.0,0.0,0.0,3.0
weak_sbm,robustness_K_equals_d_hat,A_incremental,released,8,17,0.0,0.0,0.0,0.0,0.0,2.0
weak_sbm,robustness_K_equals_d_hat,A_incremental,released,9,17,0.0,0.0,0.0,0.0,0.0,1.0
weak_sbm,robustness_K_equals_d_hat,A_incremental,zero_fixed,1,17,0.0,0.0,0.0,0.0,0.0,2.823529411764706
weak_sbm,robustness_K_equals_d_hat,A_incremental,zero_fixed,2,17,0.0,0.0,0.0,0.0,0.0,2.8117647058823527
weak_sbm,robustness_K_equals_d_hat,A_incremental,zero_fixed,3,17,0.0,0.0,0.0,0.0,0.0,2.823529411764706
weak_sbm,robustness_K_equals_d_hat,A_incremental,zero_fixed,4,17,0.0,0.0,0.0,0.0,0.0,2.8000000000000003
weak_sbm,robustness_K_equals_d_hat,A_incremental,zero_fixed,5,17,0.0,0.0,0.0,0.0,0.0,2.1999999999999997
weak_sbm,robustness_K_equals_d_hat,A_incremental,zero_fixed,6,17,0.0,0.0,0.0,0.0,0.0,1.8235294117647058
weak_sbm,robustness_K_equals_d_hat,A_incremental,zero_fixed,7,17,0.0,0.0,0.0,0.0,0.0,1.0
weak_sbm,robustness_K_equals_d_hat,A_incremental,zero_fixed,8,17,0.0,0.0,0.0,0.0,0.0,1.0
weak_sbm,robustness_K_equals_d_hat,A_incremental,zero_fixed,9,17,0.0,0.0,0.0,0.0,0.0,1.0
weak_sbm,robustness_K_equals_d_hat,B_absolute,released,1,17,0.0,0.0,0.0,0.0,0.0,2.7294117647058824
weak_sbm,robustness_K_equals_d_hat,B_absolute,released,2,17,0.0,0.0,0.0,0.0,0.0,2.7176470588235295
weak_sbm,robustness_K_equals_d_hat,B_absolute,released,3,17,0.0,0.0,0.0,0.0,0.0,2.7294117647058824
weak_sbm,robustness_K_equals_d_hat,B_absolute,released,4,17,0.0,0.0,0.0,0.0,0.0,2.7176470588235295
weak_sbm,robustness_K_equals_d_hat,B_absolute,released,5,17,0.0,0.0,0.0,0.0,0.0,2.188235294117647
weak_sbm,robustness_K_equals_d_hat,B_absolute,released,6,17,0.0,0.0,0.0,0.0,0.0,1.7294117647058822
weak_sbm,robustness_K_equals_d_hat,B_absolute,released,7,17,0.0,0.0,0.0,0.0,0.0,1.0588235294117647
weak_sbm,robustness_K_equals_d_hat,B_absolute,released,8,17,0.0,0.0,0.0,0.0,0.0,2.0
weak_sbm,robustness_K_equals_d_hat,B_absolute,released,9,17,0.0,0.0,0.0,0.0,0.0,2.0
weak_sbm,robustness_K_equals_d_hat,B_absolute,zero_fixed,1,17,0.0,0.0,0.0,0.0,0.0,2.7294117647058824
weak_sbm,robustness_K_equals_d_hat,B_absolute,zero_fixed,2,17,0.0,0.0,0.0,0.0,0.0,2.7176470588235295
weak_sbm,robustness_K_equals_d_hat,B_absolute,zero_fixed,3,17,0.0,0.0,0.0,0.0,0.0,2.7294117647058824
weak_sbm,robustness_K_equals_d_hat,B_absolute,zero_fixed,4,17,0.0,0.0,0.0,0.0,0.0,2.7176470588235295
weak_sbm,robustness_K_equals_d_hat,B_absolute,zero_fixed,5,17,0.0,0.0,0.0,0.0,0.0,2.188235294117647
weak_sbm,robustness_K_equals_d_hat,B_absolute,zero_fixed,6,17,0.0,0.0,0.0,0.0,0.0,1.7294117647058822
weak_sbm,robustness_K_equals_d_hat,B_absolute,zero_fixed,7,17,0.0,0.0,0.0,0.0,0.0,1.0588235294117647
weak_sbm,robustness_K_equals_d_hat,B_absolute,zero_fixed,8,17,0.0,0.0,0.0,0.0,0.0,2.0
weak_sbm,robustness_K_equals_d_hat,B_absolute,zero_fixed,9,17,0.0,0.0,0.0,0.0,0.0,2.0
weak_sbm,robustness_K_equals_d_hat,C_criterion,released,1,17,0.0,0.0,0.0,0.0,0.0,2.0352941176470587
weak_sbm,robustness_K_equals_d_hat,C_criterion,released,2,17,0.0,0.0,0.0,0.0,0.0,2.0352941176470587
weak_sbm,robustness_K_equals_d_hat,C_criterion,released,3,17,0.011764705882352941,0.04850712500726659,0.01176470588235294,-0.013175356461423659,0.036704768226129544,2.0352941176470587
weak_sbm,robustness_K_equals_d_hat,C_criterion,released,4,17,0.058823529411764705,0.15434872662825794,0.03743506488634663,-0.02053526301748393,0.13818232184101334,2.023529411764706
weak_sbm,robustness_K_equals_d_hat,C_criterion,released,5,17,0.0823529411764706,0.2128241472367711,0.05161743757289483,-0.027071138266518885,0.1917770206194601,1.9294117647058822
weak_sbm,robustness_K_equals_d_hat,C_criterion,released,6,17,0.0,0.0,0.0,0.0,0.0,1.788235294117647
weak_sbm,robustness_K_equals_d_hat,C_criterion,released,7,17,0.0,0.0,0.0,0.0,0.0,1.035294117647059
weak_sbm,robustness_K_equals_d_hat,C_criterion,released,8,17,0.0,0.0,0.0,0.0,0.0,2.0
weak_sbm,robustness_K_equals_d_hat,C_criterion,released,9,17,0.0,0.0,0.0,0.0,0.0,2.011764705882353
weak_sbm,robustness_K_equals_d_hat,C_criterion,zero_fixed,1,17,0.0,0.0,0.0,0.0,0.0,2.0352941176470587
weak_sbm,robustness_K_equals_d_hat,C_criterion,zero_fixed,2,17,0.0,0.0,0.0,0.0,0.0,2.0352941176470587
weak_sbm,robustness_K_equals_d_hat,C_criterion,zero_fixed,3,17,0.011764705882352941,0.04850712500726659,0.01176470588235294,-0.013175356461423659,0.036704768226129544,2.0352941176470587
weak_sbm,robustness_K_equals_d_hat,C_criterion,zero_fixed,4,17,0.058823529411764705,0.15434872662825794,0.03743506488634663,-0.02053526301748393,0.13818232184101334,2.023529411764706
weak_sbm,robustness_K_equals_d_hat,C_criterion,zero_fixed,5,17,0.0823529411764706,0.2128241472367711,0.05161743757289483,-0.027071138266518885,0.1917770206194601,1.9294117647058822
weak_sbm,robustness_K_equals_d_hat,C_criterion,zero_fixed,6,17,0.0,0.0,0.0,0.0,0.0,1.788235294117647
weak_sbm,robustness_K_equals_d_hat,C_criterion,zero_fixed,7,17,0.0,0.0,0.0,0.0,0.0,1.035294117647059
weak_sbm,robustness_K_equals_d_hat,C_criterion,zero_fixed,8,17,0.0,0.0,0.0,0.0,0.0,2.0
weak_sbm,robustness_K_equals_d_hat,C_criterion,zero_fixed,9,17,0.0,0.0,0.0,0.0,0.0,2.011764705882353
