path,stage,role,size_bytes,sha256
.gitignore,repository,project_metadata,103,2a94ad8fd2eb199e4df1ed76e273ab63532052eae414be23789c28d3d4ea948c
LICENSE,repository,project_metadata,1083,9a4f847f16e51f2dac3ae13fde31c32a46b136e2c1a08f6129412b8b163b9ffe
README.md,repository,documentation,2221,2b8f43253e365748ebdcb3024730739df027237f8c8f17ea893a01677af79315
environment.yml,repository,project_metadata,232,f2fd3214689bbf20e65ae141a06d8713cd5c6d97eeaa039734d69f91dc1ac9fd
fnirvar/__init__.py,released_package,source_code,41,121a0659263887a1ad99f29979ee3101ab103b2db20a5b64f6c79ebc3ff79ed5
fnirvar/config.py,released_package,source_code,819,26e5011c35b6510bebf3c5f3a6be95667f1be580911947492d532807cb676586
fnirvar/dataset.py,released_package,source_code,767,7e8eb9e04767bf2174f038d08f65ab2355544faeca65c6987ac2b825ef94666a
fnirvar/features.py,released_package,source_code,770,2f12f3f0ffcc9dd55bd745e94bb52c99713bb593c25a23fff60382382ecbec22
fnirvar/modeling/__init__.py,released_package,source_code,0,e3b0c44298fc1c149afbf4c8996fb92427ae41e4649b934ca495991b7852b855
fnirvar/modeling/generativeVAR.py,released_package,source_code,23763,b49d7232f678d01f2dc9605b7374c7e150ebe18af62c7b97663c9cf93db8880a
fnirvar/modeling/numfactors.R,released_package,source_code,1462,3cf380e37ad2f781173fc01a7e9a7a73829b5f979cf2cc6b7b0125b2b32b2f6b
fnirvar/modeling/predict.py,released_package,source_code,841,5033d0ac749d20afe916828c67c0ad5f716b862b71f20af29b6c337e16354b47
fnirvar/modeling/statistics.py,released_package,source_code,4827,b5cbc05bc2f1fc6ef9dec87c4b9d1328f724787c0e427d9c81e1c56c8b3c51da
fnirvar/modeling/train.py,released_package,source_code,32291,5a10d23bbe3afefb06c3d2c7c072eaed3baf1c2eb4998ebe4f068c67d253281d
fnirvar/plots.py,released_package,source_code,761,cd9aa561056e9d95f8a982f6d4b394bc3f57a0768d5b923c279a576b2028c83d
models/SimulationStudies/mspe_factor_performance/description.txt,released_mspe_scaffold,documentation,136,f70ec8eca9f482b9c22f85dcf7c156070f7bebaacbd629789b1520d4c1e249e8
models/SimulationStudies/mspe_factor_performance/hyperparameters.yaml,released_mspe_scaffold,configuration,839,c478c61764325f97a6e52e3789a4d07054cdf4b77d9061275e22bfb607fdebd8
models/SimulationStudies/mspe_factor_performance/simulate.py,released_mspe_scaffold,source_code,13823,0384f2b7ce64f38ecc61143dc360591c5b3b6a6c6948d45ac60f33eddf1d057e
models/SimulationStudies/r_to_d_ari_diagnostic/README.md,diagnostic_suite,documentation,1359,c05516d74f31c7cf7882e1aab850f0c9ae3c50faafa89ba988b74c6708a129c1
models/SimulationStudies/r_to_d_ari_diagnostic/preliminary_suite/README.md,preliminary_suite,documentation,886,0f65d952aa361d038c3ad83e5248629dd82d74643f51d38e0653193c9fea8f3f
models/SimulationStudies/r_to_d_ari_diagnostic/preliminary_suite/mechanism_diagnostics/common_inputs/M1/freeze_inputs.py,preliminary_suite,source_code,4199,9ea7c6a65b59b2336a2fc22388aa6cff5b2ee4caadc6ff6626d1bb412009f39a
models/SimulationStudies/r_to_d_ari_diagnostic/preliminary_suite/mechanism_diagnostics/common_inputs/M1/replicate0_seed3674827978/manifest.json,preliminary_suite,configuration_or_frozen_manifest,882,9c18d1456601929f5968a3be43303e5d2b7e6b522787e3c8cc2550b9faf7f085
models/SimulationStudies/r_to_d_ari_diagnostic/preliminary_suite/mechanism_diagnostics/common_inputs/M1/replicate0_seed3674827978/omega.npy,preliminary_suite,frozen_input,80128,87e112dfa369f4b1cfac731ab346751ddecdc482e1d542428b0bb257957b01a6
models/SimulationStudies/r_to_d_ari_diagnostic/preliminary_suite/mechanism_diagnostics/common_inputs/M1/replicate0_seed3674827978/phi.npy,preliminary_suite,frozen_input,80128,d59371576c8b5e335b296bb872ed21019dd46f6011e4fb6425d9bf47591092f8
models/SimulationStudies/r_to_d_ari_diagnostic/preliminary_suite/mechanism_diagnostics/common_inputs/M1/replicate1_seed162215/manifest.json,preliminary_suite,configuration_or_frozen_manifest,878,861bc737cfc68d6331fe2538eb618737ba5c1988858f5a6de5f15bf29b37dea4
models/SimulationStudies/r_to_d_ari_diagnostic/preliminary_suite/mechanism_diagnostics/common_inputs/M1/replicate1_seed162215/omega.npy,preliminary_suite,frozen_input,80128,87e112dfa369f4b1cfac731ab346751ddecdc482e1d542428b0bb257957b01a6
models/SimulationStudies/r_to_d_ari_diagnostic/preliminary_suite/mechanism_diagnostics/common_inputs/M1/replicate1_seed162215/phi.npy,preliminary_suite,frozen_input,80128,90da475e235bf370f11ed678fba5177885e086259ceded6b306f9a01ac9cda77
models/SimulationStudies/r_to_d_ari_diagnostic/preliminary_suite/mechanism_diagnostics/common_inputs/M1/replicate2_seed2951145736/manifest.json,preliminary_suite,configuration_or_frozen_manifest,882,18159552641b66cc3d38a6a829947fd0a982f4ffbd4382a419e8beeccb0196c2
models/SimulationStudies/r_to_d_ari_diagnostic/preliminary_suite/mechanism_diagnostics/common_inputs/M1/replicate2_seed2951145736/omega.npy,preliminary_suite,frozen_input,80128,87e112dfa369f4b1cfac731ab346751ddecdc482e1d542428b0bb257957b01a6
models/SimulationStudies/r_to_d_ari_diagnostic/preliminary_suite/mechanism_diagnostics/common_inputs/M1/replicate2_seed2951145736/phi.npy,preliminary_suite,frozen_input,80128,d679a1c20a5bb8ef8dde8a3586b3d3e6007835026578fd68015ed3e419b573da
models/SimulationStudies/r_to_d_ari_diagnostic/preliminary_suite/mechanism_diagnostics/common_inputs/M1/replicate3_seed3141226789/manifest.json,preliminary_suite,configuration_or_frozen_manifest,882,c6a458588fe5600efe64e019e513f690ed6f140b3c8b179e68335afef07a8fac
models/SimulationStudies/r_to_d_ari_diagnostic/preliminary_suite/mechanism_diagnostics/common_inputs/M1/replicate3_seed3141226789/omega.npy,preliminary_suite,frozen_input,80128,87e112dfa369f4b1cfac731ab346751ddecdc482e1d542428b0bb257957b01a6
models/SimulationStudies/r_to_d_ari_diagnostic/preliminary_suite/mechanism_diagnostics/common_inputs/M1/replicate3_seed3141226789/phi.npy,preliminary_suite,frozen_input,80128,cc0cebddc8c5187f3819c63ed7900282e44991d2f759fc3beba1375945b82a79
models/SimulationStudies/r_to_d_ari_diagnostic/preliminary_suite/mechanism_diagnostics/common_inputs/M1/replicate4_seed827407145/manifest.json,preliminary_suite,configuration_or_frozen_manifest,881,86666a7331e628eff927ed0f96b58ef441b3116ef527fa71237c7deb708a860c
models/SimulationStudies/r_to_d_ari_diagnostic/preliminary_suite/mechanism_diagnostics/common_inputs/M1/replicate4_seed827407145/omega.npy,preliminary_suite,frozen_input,80128,87e112dfa369f4b1cfac731ab346751ddecdc482e1d542428b0bb257957b01a6
models/SimulationStudies/r_to_d_ari_diagnostic/preliminary_suite/mechanism_diagnostics/common_inputs/M1/replicate4_seed827407145/phi.npy,preliminary_suite,frozen_input,80128,16c25399f811c8669b2eb1dbb82bc8c08d09d6599eee1b12ad08e44ea00cb6cb
models/SimulationStudies/r_to_d_ari_diagnostic/preliminary_suite/preliminary_diagnostics.py,preliminary_suite,source_code,13412,800572adb06ee7bd4879f762164f94502ff0e7dce7a5a4ec075a68b567011c76
models/SimulationStudies/r_to_d_ari_diagnostic/preliminary_suite/preliminary_results.csv,preliminary_suite,result_data,34081,910a06dc060aff515e3cb12c7de6d8cd5938c5f026b5f717fadcd03850b9cbb5
models/SimulationStudies/r_to_d_ari_diagnostic/preliminary_suite/preliminary_summary.csv,preliminary_suite,result_data,3341,7f361eb337292bf08965f981d8e8c4eced4a9ba57c7dda4a6c6554c1136a9393
models/SimulationStudies/r_to_d_ari_diagnostic/stage_b_m1_population_spectrum/README.md,stage_b_m1_population_spectrum,documentation,1016,1ca574627279e1f514169eb3a07280fad0d5543f1a4077b02903a8d4f7a3ba60
models/SimulationStudies/r_to_d_ari_diagnostic/stage_b_m1_population_spectrum/configs/stage_b_config.json,stage_b_m1_population_spectrum,configuration_or_frozen_manifest,510,965708a4e817270f7b92a78b7c0b1cb12a6f36b02b0b70e60f41ac71789bceba
models/SimulationStudies/r_to_d_ari_diagnostic/stage_b_m1_population_spectrum/reports/STAGE_B_RESULTS.md,stage_b_m1_population_spectrum,documentation,6061,72d833a71b0b703b78762245faa74720b9cf1b2fc97c161f88a717fa3ab00c9b
models/SimulationStudies/r_to_d_ari_diagnostic/stage_b_m1_population_spectrum/results/across_world_summary.csv,stage_b_m1_population_spectrum,result_data,7569,f74685e085dffcf4d4b47455d0ab5f06e2efe7b4711e88beaa3549dd2fcc2d96
models/SimulationStudies/r_to_d_ari_diagnostic/stage_b_m1_population_spectrum/results/dhat_frequency_table.csv,stage_b_m1_population_spectrum,result_data,1852,a5ebb49877c0c75f42b4d6a17d344bd2c086bf72e2419643106d618f4e0783b7
models/SimulationStudies/r_to_d_ari_diagnostic/stage_b_m1_population_spectrum/results/figures/figure1_population_eigenvalue_profile.pdf,stage_b_m1_population_spectrum,figure,26739,1c1a1e7fdbefdb652afd5e644ae14cb54c9ae5277e7bd635f5fac1a69845c667
models/SimulationStudies/r_to_d_ari_diagnostic/stage_b_m1_population_spectrum/results/figures/figure1_population_eigenvalue_profile.png,stage_b_m1_population_spectrum,figure,68311,3993a153a931f41bcc5a8ba3ea08d45c64cfbda84ef2b2494cec0228744c954b
models/SimulationStudies/r_to_d_ari_diagnostic/stage_b_m1_population_spectrum/results/figures/figure2_mean_dhat_vs_T.pdf,stage_b_m1_population_spectrum,figure,20446,acead2142d429f1f73ac2affc5933cb772ced4cc066d56e397ecdc9873fd1a40
models/SimulationStudies/r_to_d_ari_diagnostic/stage_b_m1_population_spectrum/results/figures/figure2_mean_dhat_vs_T.png,stage_b_m1_population_spectrum,figure,46670,00cee513d46c8d84e0c33838ff486134787cd18a3844f7223a3ecf8efdfb2ee2
models/SimulationStudies/r_to_d_ari_diagnostic/stage_b_m1_population_spectrum/results/figures/figure3_pr_dhat_ge_j_vs_T.pdf,stage_b_m1_population_spectrum,figure,21941,0fd89f0be3890a29484b11ad52501a831362e1a02863441ff5477bb62398b2e5
models/SimulationStudies/r_to_d_ari_diagnostic/stage_b_m1_population_spectrum/results/figures/figure3_pr_dhat_ge_j_vs_T.png,stage_b_m1_population_spectrum,figure,47509,ceb23ce086e58c563d21280df92259f73c0995e96f860df704e5ba42213a6eeb
models/SimulationStudies/r_to_d_ari_diagnostic/stage_b_m1_population_spectrum/results/figures/figure4_paired_contrasts.pdf,stage_b_m1_population_spectrum,figure,22271,b9fd2a84017f9abfb8823df8d9d530f612a96ad246add23a91c37c50c11f5548
models/SimulationStudies/r_to_d_ari_diagnostic/stage_b_m1_population_spectrum/results/figures/figure4_paired_contrasts.png,stage_b_m1_population_spectrum,figure,55298,ddde1fd28782874692fbc690168544d86ad55f575186c8d81c4d5739b7f3003e
models/SimulationStudies/r_to_d_ari_diagnostic/stage_b_m1_population_spectrum/results/paired_contrasts.csv,stage_b_m1_population_spectrum,result_data,13594,0c6c725ebf8d3edcfde56be899e84b29c5accb82b945b65d2e47231655d38e68
models/SimulationStudies/r_to_d_ari_diagnostic/stage_b_m1_population_spectrum/results/population_spectra.csv,stage_b_m1_population_spectrum,result_data,7514,2a9a9d8e46f6448eae7c52e23d27c7f1415211fb2c15388b4f017fffa381f95e
models/SimulationStudies/r_to_d_ari_diagnostic/stage_b_m1_population_spectrum/results/population_summary.csv,stage_b_m1_population_spectrum,result_data,1408,ed3e5870b74fa321e0408a4155dfdd6464ca057f71b197b430fdc9715d9c0f8a
models/SimulationStudies/r_to_d_ari_diagnostic/stage_b_m1_population_spectrum/results/sample_spectra.csv,stage_b_m1_population_spectrum,result_data,7557422,70b2ec68291b358f2c87a998ab9f69f6f724bbe88f656343d273af16bd6d537a
models/SimulationStudies/r_to_d_ari_diagnostic/stage_b_m1_population_spectrum/results/within_world_summary.csv,stage_b_m1_population_spectrum,result_data,32701,89e20ea8e7dcc3ee32e84ca6b85d72e71987e216f99a60277bc9ad17ce820195
models/SimulationStudies/r_to_d_ari_diagnostic/stage_b_m1_population_spectrum/scripts/common_stage_b.py,stage_b_m1_population_spectrum,source_code,12032,cc1570611e9569f5c88ba8d4aa312d90bf061f2be8a84defb39519673af9c81a
models/SimulationStudies/r_to_d_ari_diagnostic/stage_b_m1_population_spectrum/scripts/make_stage_b_figures.py,stage_b_m1_population_spectrum,source_code,5403,ad2627c382d0ddb33bd922a55ea64a710378345085b716d5a86153dd92154344
models/SimulationStudies/r_to_d_ari_diagnostic/stage_b_m1_population_spectrum/scripts/run_stage_b.py,stage_b_m1_population_spectrum,source_code,13790,443153ebc59a1e6d658391695a2472ba3634619f880d1b0e502fd6c839258d21
models/SimulationStudies/r_to_d_ari_diagnostic/stage_b_m1_population_spectrum/scripts/summarize_stage_b.py,stage_b_m1_population_spectrum,source_code,11752,0551eac8f9548ed8f031e2fc9cdec888916d3ac60e2fbc1bc9d1324b0c3ff203
models/SimulationStudies/r_to_d_ari_diagnostic/stage_c_full_grid_extension/README.md,stage_c_full_grid_extension,documentation,955,965f56bd870b069b8bc70efb9c66ec224f36dab509f6bb25c1ffef9c3c3cea94
models/SimulationStudies/r_to_d_ari_diagnostic/stage_c_full_grid_extension/configs/full_grid_stage_c.json,stage_c_full_grid_extension,configuration_or_frozen_manifest,520,7ad1fe6e56baf10c49584164ff86ba23be44d3dbc1fb9c709508b1e6c4f5bca0
models/SimulationStudies/r_to_d_ari_diagnostic/stage_c_full_grid_extension/reports/FULL_GRID_MECHANISM_RESULTS.md,stage_c_full_grid_extension,documentation,3939,9dc9a10abc2035cfd438ab658898a8a8a8123181635be13221e0d2dcf446e632
models/SimulationStudies/r_to_d_ari_diagnostic/stage_c_full_grid_extension/reports/OBSERVABLE_FEASIBILITY_REPORT.md,stage_c_full_grid_extension,documentation,5785,0c0fbf2e86f2ca50562181f294ed3bb1c2b7890f3d9f2cb27640224ff3a0d502
models/SimulationStudies/r_to_d_ari_diagnostic/stage_c_full_grid_extension/results/combined_eigenvector_level.csv,stage_c_full_grid_extension,result_data,6885191,0be2952fd767e065115a4d469b535805afe117fad1fc137c046832ccd4efe145
models/SimulationStudies/r_to_d_ari_diagnostic/stage_c_full_grid_extension/results/combined_incremental_space_long.csv,stage_c_full_grid_extension,result_data,5407067,83d712e9772dd4e6214bcdc7418b1a492e9c6b3466492c378663184bc86fada7
models/SimulationStudies/r_to_d_ari_diagnostic/stage_c_full_grid_extension/results/combined_mechanism_cell_level.csv,stage_c_full_grid_extension,result_data,22824370,7caf3e9c66c82d08855c49cf4e3bf26a3bf38466d82ea4fa8e51de6b85d97000
models/SimulationStudies/r_to_d_ari_diagnostic/stage_c_full_grid_extension/results/dose_response_adjacent_contrasts.csv,stage_c_full_grid_extension,result_data,3942,2fc682854f817e3761aeec41cd74a890c5d2d41c281634940dbbd4d85c3e560a
models/SimulationStudies/r_to_d_ari_diagnostic/stage_c_full_grid_extension/results/dose_response_sequence_decisions.csv,stage_c_full_grid_extension,result_data,426,01890aab9b4dc4c18903e3489f0ce7e27852a2778de6d9500cc08eea315ef3de
models/SimulationStudies/r_to_d_ari_diagnostic/stage_c_full_grid_extension/results/figures/figure1_full_grid_context.pdf,stage_c_full_grid_extension,figure,20542,9dc3260cba629d4d15d84e1bdc4d3e3744c379651033c5cd92c676e7cedeb3f3
models/SimulationStudies/r_to_d_ari_diagnostic/stage_c_full_grid_extension/results/figures/figure1_full_grid_context.png,stage_c_full_grid_extension,figure,84038,464d35a32dba0cd2fce0e55914c602d99387eaf8c355a7e22fc18ce267161c0f
models/SimulationStudies/r_to_d_ari_diagnostic/stage_c_full_grid_extension/results/figures/figure2_under_grid_mechanism.pdf,stage_c_full_grid_extension,figure,15561,9ab918a1ff5ed0243614c2662e78865b5d11d11d10bf41674e0bf831b8454f88
models/SimulationStudies/r_to_d_ari_diagnostic/stage_c_full_grid_extension/results/figures/figure2_under_grid_mechanism.png,stage_c_full_grid_extension,figure,52099,ed053ab05427831fd1126b9b4ab4a26188b2a85b14b30c6a6e59ed58237a7828
models/SimulationStudies/r_to_d_ari_diagnostic/stage_c_full_grid_extension/results/figures/figure3_over_grid_mechanism.pdf,stage_c_full_grid_extension,figure,16801,4fe17c138e9cac162d295d56a98f43cc61b3f16219dd7096cafe3be43778876d
models/SimulationStudies/r_to_d_ari_diagnostic/stage_c_full_grid_extension/results/figures/figure3_over_grid_mechanism.png,stage_c_full_grid_extension,figure,49834,8bb90cb8bc79d51bda008a571b3ca921621360a84116ba78161d17e648c6e108
models/SimulationStudies/r_to_d_ari_diagnostic/stage_c_full_grid_extension/results/figures/figure4_primary_observable_curves.pdf,stage_c_full_grid_extension,figure,25608,351bdf63e37f8087baa878c310b6b0af2a615249064562af37f83b6794fcba8f
models/SimulationStudies/r_to_d_ari_diagnostic/stage_c_full_grid_extension/results/figures/figure4_primary_observable_curves.png,stage_c_full_grid_extension,figure,179753,931e153d76eb59742178cd2938328d856a848030c3c402b325ae686ee3af05e1
models/SimulationStudies/r_to_d_ari_diagnostic/stage_c_full_grid_extension/results/figures/figure5_mirror_contrasts.pdf,stage_c_full_grid_extension,figure,17034,37246aaf0fc47b2f84d00dbea4f3e78ce5f3a69ad873a6c3a616e50d91259b2b
models/SimulationStudies/r_to_d_ari_diagnostic/stage_c_full_grid_extension/results/figures/figure5_mirror_contrasts.png,stage_c_full_grid_extension,figure,45642,9dc17e4fa8c5eb42d4e5236956b20b270cd1dbb510ac0fb40c3ae23cb387ff9a
models/SimulationStudies/r_to_d_ari_diagnostic/stage_c_full_grid_extension/results/figures/figure6_mechanism_vs_observable_summary.pdf,stage_c_full_grid_extension,figure,17068,93731d2fb3835486798f8d0d570361ace90c07236b7e68aeb517f4183b139d8b
models/SimulationStudies/r_to_d_ari_diagnostic/stage_c_full_grid_extension/results/figures/figure6_mechanism_vs_observable_summary.png,stage_c_full_grid_extension,figure,84011,7f04e13df24fef979884446899218ff1a9032cbaa417420c61a887cefd80f2e5
models/SimulationStudies/r_to_d_ari_diagnostic/stage_c_full_grid_extension/results/full_grid_pairwise_contrasts.csv,stage_c_full_grid_extension,result_data,12957,16043b5b688890ab209808426e3349c9c55d5896ff65977b9f05ab3c579ad3a0
models/SimulationStudies/r_to_d_ari_diagnostic/stage_c_full_grid_extension/results/holm_family_decisions.csv,stage_c_full_grid_extension,result_data,56,592bf90927cdc4fb469608f6ec24d8b772b8b7be95adb56df99230eb9384ca82
models/SimulationStudies/r_to_d_ari_diagnostic/stage_c_full_grid_extension/results/new_eigenvector_level.csv,stage_c_full_grid_extension,result_data,4387013,aba515159d55824e741cbedf83e7085947ee4397c7b068d141d35e9eea70c756
models/SimulationStudies/r_to_d_ari_diagnostic/stage_c_full_grid_extension/results/new_incremental_space_long.csv,stage_c_full_grid_extension,result_data,4234098,fe190013dd1c14555b80461b1e857d1ad8db9163663fe4b252766b8bc625ce5d
models/SimulationStudies/r_to_d_ari_diagnostic/stage_c_full_grid_extension/results/new_mechanism_cell_level.csv,stage_c_full_grid_extension,result_data,16153348,98299d1bb601c6023737b28aff63d80d44546134fc57935856c50c4e4f62be92
models/SimulationStudies/r_to_d_ari_diagnostic/stage_c_full_grid_extension/results/observable_feasibility_tests.csv,stage_c_full_grid_extension,result_data,12924,789ea6795f5500be4d7fa5a2e26aadf45cffe5e41b326fb1bba4b568a6e89e3b
models/SimulationStudies/r_to_d_ari_diagnostic/stage_c_full_grid_extension/results/observable_full_grid_cell_level.csv,stage_c_full_grid_extension,result_data,3131907,c21ae9aa82c1d8ee978d7f4f8f7ed44516353bd323ab6ed537e1b959ecf22047
models/SimulationStudies/r_to_d_ari_diagnostic/stage_c_full_grid_extension/results/observable_signal_classification.csv,stage_c_full_grid_extension,result_data,551,7b0fb1e9e35d3e0087cfcaa37d7fb49ebf7e809f6db35457c854ccebd57d8c64
models/SimulationStudies/r_to_d_ari_diagnostic/stage_c_full_grid_extension/results/operational_stage6_decision.json,stage_c_full_grid_extension,result_data,1722,b9fce4cb914230c1abb6cad680230662939c831bb198511331aae86bb4abae92
models/SimulationStudies/r_to_d_ari_diagnostic/stage_c_full_grid_extension/results/stage6_gate_decision.json,stage_c_full_grid_extension,result_data,164,fb658e5a24f197be04dbf8af8a4a04a2aadfd92c5fbfdaf7d0562db9cded135c
models/SimulationStudies/r_to_d_ari_diagnostic/stage_c_full_grid_extension/results/within_replication_summary.csv,stage_c_full_grid_extension,result_data,93837,a689f6174cdb151a8c76d510446b78bcee397f0c5fb60d89efaed62fa69fd31c
models/SimulationStudies/r_to_d_ari_diagnostic/stage_c_full_grid_extension/scripts/common_full_grid.py,stage_c_full_grid_extension,source_code,10704,647f030513a38a62007dd54f960d2ef4cce0957bafb4354a2d7dbd1e3ba0a265
models/SimulationStudies/r_to_d_ari_diagnostic/stage_c_full_grid_extension/scripts/make_full_grid_figures.py,stage_c_full_grid_extension,source_code,9940,9b137095421b8a6f7230ee23c2964f542b532679e5df1874bee7e28cf508c438
models/SimulationStudies/r_to_d_ari_diagnostic/stage_c_full_grid_extension/scripts/run_full_grid_stage_c.py,stage_c_full_grid_extension,source_code,22149,6fb48a95eef60883953efd9681f606941c0f80e21c398cf24b5e8194ab9e6446
models/SimulationStudies/r_to_d_ari_diagnostic/stage_c_full_grid_extension/scripts/summarize_full_grid_stage_c.py,stage_c_full_grid_extension,source_code,23519,a3f4a56e87f9eb4de55a68167be22d6bacf37726fdba1bc1d90b3082ce86234d
models/SimulationStudies/r_to_d_ari_diagnostic/stage_c_subspace_alignment/README.md,stage_c_subspace_alignment,documentation,1004,1d412efbf14ecdbde5d5edcf756a7b479e3a90ef8828fc3bc796fe614d5bd595
models/SimulationStudies/r_to_d_ari_diagnostic/stage_c_subspace_alignment/configs/stage_c_config.json,stage_c_subspace_alignment,configuration_or_frozen_manifest,1801,a570bd7cdc0e5fb23f87494817686e8c88f29bd86f06f47a8b223f1bc9b78956
models/SimulationStudies/r_to_d_ari_diagnostic/stage_c_subspace_alignment/reports/STAGE_C_RESULTS.md,stage_c_subspace_alignment,documentation,9808,40d883a4c4eed93085baf3166ac0e7f53bf81cbf0aaf7d4dedec1b52967218a0
models/SimulationStudies/r_to_d_ari_diagnostic/stage_c_subspace_alignment/results/across_replication_summary.csv,stage_c_subspace_alignment,result_data,91271,8c4810b0cbc051e7c1995645e819435bf8f8393c706619f9f1a7bc96eb48dd2d
models/SimulationStudies/r_to_d_ari_diagnostic/stage_c_subspace_alignment/results/cell_level_alignment.csv,stage_c_subspace_alignment,result_data,7013302,b928b351b02ad05223d693ec6658d8d99ebae1aa935a0fa3ef6ebe70d46d9661
models/SimulationStudies/r_to_d_ari_diagnostic/stage_c_subspace_alignment/results/eigenvector_level_alignment.csv,stage_c_subspace_alignment,result_data,2180680,8a2e1f5ce81ffd6318e119d2da5fe6ea6c5d1578bcc4cdd6510220bda06852cc
models/SimulationStudies/r_to_d_ari_diagnostic/stage_c_subspace_alignment/results/figures/figure_stage_c_eigenvector_projection_profile.pdf,stage_c_subspace_alignment,figure,21760,cef03d95e1ebae14d6aa2dfc98965b5a21c1509a5cc63d965ff4ca9dcf699308
models/SimulationStudies/r_to_d_ari_diagnostic/stage_c_subspace_alignment/results/figures/figure_stage_c_eigenvector_projection_profile.png,stage_c_subspace_alignment,figure,117346,9f01d819fdcb7106559a1d889e5132b7ca8ab22f76b65cb865db1573948347c0
models/SimulationStudies/r_to_d_ari_diagnostic/stage_c_subspace_alignment/results/figures/figure_stage_c_paired_contrasts.pdf,stage_c_subspace_alignment,figure,18108,608c7df96585ef8da77ef6c9c6faa813a1201cbfc893feaafd22a6d7ef90c21b
models/SimulationStudies/r_to_d_ari_diagnostic/stage_c_subspace_alignment/results/figures/figure_stage_c_paired_contrasts.png,stage_c_subspace_alignment,figure,67468,cd491051dbeb5e1a887cf389e462587bcffbaebd0bafa1428b9d91e52a74dd3e
models/SimulationStudies/r_to_d_ari_diagnostic/stage_c_subspace_alignment/results/matched_incremental_space_alignment.csv,stage_c_subspace_alignment,result_data,1125673,997dcfe437e0f862f4fc9fc02a9e4e6a9ab356ddced88d22f83c981f56d1fed7
models/SimulationStudies/r_to_d_ari_diagnostic/stage_c_subspace_alignment/results/paired_contrasts.csv,stage_c_subspace_alignment,result_data,152371,37265f826d3826b3bb8055d8528db77926c8338809e549f677d219dd2b9dbc3c
models/SimulationStudies/r_to_d_ari_diagnostic/stage_c_subspace_alignment/results/within_replication_summary.csv,stage_c_subspace_alignment,result_data,848637,95732d4f2c36971aef37a151d97322d21ed60fb80580c4fb04c2f9cd5f4402f5
models/SimulationStudies/r_to_d_ari_diagnostic/stage_c_subspace_alignment/scripts/common_stage_c.py,stage_c_subspace_alignment,source_code,11871,d8ad086fb04097954d52e40bf8e8f3dd5ed10572262c36fc543400a8b3d90eed
models/SimulationStudies/r_to_d_ari_diagnostic/stage_c_subspace_alignment/scripts/make_stage_c_figures.py,stage_c_subspace_alignment,source_code,3539,c5d393ed6376bb9b8584871c53bec253096bfe313f84b61fd5c3d3a030714a2b
models/SimulationStudies/r_to_d_ari_diagnostic/stage_c_subspace_alignment/scripts/run_stage_c.py,stage_c_subspace_alignment,source_code,20964,64f7e3d4c523361635334fda1defe3741a34ca3cae2d8c9f19b4957480352543
models/SimulationStudies/r_to_d_ari_diagnostic/stage_c_subspace_alignment/scripts/summarize_stage_c.py,stage_c_subspace_alignment,source_code,7210,42885002305de0a566588db4972e5b30a06b775c383a67c18933dd76b2f23b5c
models/SimulationStudies/r_to_d_ari_diagnostic/stage_d_iterative_loop/README.md,stage_d_iterative_loop,documentation,1077,05ae175fc0772cf28635b5ec976a0b8725567b298da59ad20cfae2d69148533e
models/SimulationStudies/r_to_d_ari_diagnostic/stage_d_iterative_loop/configs/stage_d_config.json,stage_d_iterative_loop,configuration_or_frozen_manifest,914,c61c8ab62cfc30009aed6ccbf53536400c71c0514e3d182e8d925d07fd7e0b82
models/SimulationStudies/r_to_d_ari_diagnostic/stage_d_iterative_loop/reports/CLAIMS_AND_LIMITATIONS.md,stage_d_iterative_loop,documentation,6680,18041df57baabb92d77c88f8e0c5666870446cda91fbbb8937a93852510b9ead
models/SimulationStudies/r_to_d_ari_diagnostic/stage_d_iterative_loop/reports/STAGE_D_RESULTS.md,stage_d_iterative_loop,documentation,12089,1a7c3ce49432610f7ab21358498969e572958b75de8ca72ca4d421d1f77b9f93
models/SimulationStudies/r_to_d_ari_diagnostic/stage_d_iterative_loop/results/basin_summary.csv,stage_d_iterative_loop,result_data,25101,4e38903ec763b524bbbaba522cdcc010084f7079d7689b7d1c28d3343ea82a21
models/SimulationStudies/r_to_d_ari_diagnostic/stage_d_iterative_loop/results/end_to_end_summary.csv,stage_d_iterative_loop,result_data,12263,fc1dbe8028d3a2d90103e479b6011367cef3bc3e99987268e64e56e810d2df18
models/SimulationStudies/r_to_d_ari_diagnostic/stage_d_iterative_loop/results/end_to_end_trajectories.csv,stage_d_iterative_loop,result_data,889253,23a5171fbe0544714adbcfbf56f0cd393480f29900c9baf92fd08770cf8c8a83
models/SimulationStudies/r_to_d_ari_diagnostic/stage_d_iterative_loop/results/figures/fig_stage_d_basin.pdf,stage_d_iterative_loop,figure,26304,147d1f702dabfd8d86dd7cae5c31c6aa3af12fffeaefbc28af6b4a0917740d0d
models/SimulationStudies/r_to_d_ari_diagnostic/stage_d_iterative_loop/results/figures/fig_stage_d_transition_map.pdf,stage_d_iterative_loop,figure,32349,c8ab9e180e1af344135af99a4a6c3f826e6e5349febe372a7cc3aa5ae0be5f6f
models/SimulationStudies/r_to_d_ari_diagnostic/stage_d_iterative_loop/results/initialisation.csv,stage_d_iterative_loop,result_data,21174,117a84ed59aaa5766e9f2eeae11fd5b57d6d3c60f36fc0c2a8ccd9e82b75db6b
models/SimulationStudies/r_to_d_ari_diagnostic/stage_d_iterative_loop/results/initialisation_stable_worlds.csv,stage_d_iterative_loop,result_data,20825,087f7cf14b63c0c0a72f622d44e3cca4062f716fbca3e872133da97dd1be49c1
models/SimulationStudies/r_to_d_ari_diagnostic/stage_d_iterative_loop/results/stop_state_counts.csv,stage_d_iterative_loop,result_data,22303,982539f1b6f4a664a541955a7b536adc39dd9b3043d6cf2586d72f8e49753f73
models/SimulationStudies/r_to_d_ari_diagnostic/stage_d_iterative_loop/results/trajectories.csv,stage_d_iterative_loop,result_data,1917841,78f3a968b2d9a105efb28c0ea98a1350948d247a54a7b2c83b2ae3c6c3d5bb5d
models/SimulationStudies/r_to_d_ari_diagnostic/stage_d_iterative_loop/results/transition_map.csv,stage_d_iterative_loop,result_data,23213,ab8457848fc4858631d7143da8a3fff4fe3b3dde697f34fa7c8e5d1894b290cc
models/SimulationStudies/r_to_d_ari_diagnostic/stage_d_iterative_loop/results/within_world_summary.csv,stage_d_iterative_loop,result_data,263512,44e80ba22350805a4862ffe1836c3fc0058711e37e3fc01a809c367f22dd5185
models/SimulationStudies/r_to_d_ari_diagnostic/stage_d_iterative_loop/scripts/common_stage_d.py,stage_d_iterative_loop,source_code,15943,ec1c7ab9977d901f5253f00b054cec369539435de60e6ef67c95c5c52c2db5aa
models/SimulationStudies/r_to_d_ari_diagnostic/stage_d_iterative_loop/scripts/make_stage_d_figures.py,stage_d_iterative_loop,source_code,6952,7d27b50cf66b4546e4a2ee863f013af8b6eff2fd0bcb8363ff87d19ea09108df
models/SimulationStudies/r_to_d_ari_diagnostic/stage_d_iterative_loop/scripts/run_initialisation.py,stage_d_iterative_loop,source_code,6600,c10689681ca448ebc0310d0807c4105a57629aaba15d7ef5339bf2acfc6c9ec5
models/SimulationStudies/r_to_d_ari_diagnostic/stage_d_iterative_loop/scripts/run_stage_d.py,stage_d_iterative_loop,source_code,10414,b2f6212dd69afe04f23ed0c085962a249276c9cd481f7372ade76ffc290c1798
models/SimulationStudies/r_to_d_ari_diagnostic/stage_d_iterative_loop/scripts/summarize_stage_d.py,stage_d_iterative_loop,source_code,9876,dfdaf3b6c03465632a324b9809d155e6dd707749497cf932c732f9e5250f38ce
models/SimulationStudies/r_to_d_ari_diagnostic/stage_e_lite_heldout_r_selection/README.md,stage_e_lite_heldout_r_selection,documentation,1205,b876b7f88c9b557745ab00356d8434c1bacc2d4a13442d6f95af4fef25f32f5a
models/SimulationStudies/r_to_d_ari_diagnostic/stage_e_lite_heldout_r_selection/configs/stage_e_lite_config.json,stage_e_lite_heldout_r_selection,configuration_or_frozen_manifest,1140,d01023d0f16e6f08b26114c2b930bb32c1c381e16d7688f6288c62e755de223a
models/SimulationStudies/r_to_d_ari_diagnostic/stage_e_lite_heldout_r_selection/reports/STAGE_E_LITE_RESULTS.md,stage_e_lite_heldout_r_selection,documentation,5791,933262d1d37aca7a5180158b539f99ab9b073d836f117c9901fe124c829f1780
models/SimulationStudies/r_to_d_ari_diagnostic/stage_e_lite_heldout_r_selection/results/branch_summary.csv,stage_e_lite_heldout_r_selection,result_data,6186,cc168e82e5d939256c01e5f9b68628d93382d35f9c36ef39e0ec1c90d820181c
models/SimulationStudies/r_to_d_ari_diagnostic/stage_e_lite_heldout_r_selection/results/cell_split_metrics.csv,stage_e_lite_heldout_r_selection,result_data,79744,d2b6437044e34823a99358c026629337b5eebf029d7f45d1293c0a0874cca7d0
models/SimulationStudies/r_to_d_ari_diagnostic/stage_e_lite_heldout_r_selection/results/figures/fig_stage_e_lite_curves.pdf,stage_e_lite_heldout_r_selection,figure,25768,1e2f88f655a5fba575328d5546a7337f9f9f1e971aa9c33f34d7c5e68a93c14c
models/SimulationStudies/r_to_d_ari_diagnostic/stage_e_lite_heldout_r_selection/results/figures/fig_stage_e_lite_near_tie.pdf,stage_e_lite_heldout_r_selection,figure,23360,7a3f61cd7a797e358761e602b2447b1cc245726ec97873b0717bc62a8be8a68a
models/SimulationStudies/r_to_d_ari_diagnostic/stage_e_lite_heldout_r_selection/results/figures/fig_stage_e_lite_regret.pdf,stage_e_lite_heldout_r_selection,figure,23050,84b3024a5cd04f5756e44030b030073a82fb8a03bb3115b333d44c6e4fcca1aa
models/SimulationStudies/r_to_d_ari_diagnostic/stage_e_lite_heldout_r_selection/results/figures/fig_stage_e_lite_selection.pdf,stage_e_lite_heldout_r_selection,figure,23060,ee87ee7ba70b8b70e7ed67a70f52660512d7c013c7b61268a38cc36e1a5e66ea
models/SimulationStudies/r_to_d_ari_diagnostic/stage_e_lite_heldout_r_selection/results/near_tie_analysis.csv,stage_e_lite_heldout_r_selection,result_data,25263,6fee3126f81aad7ecc62e370696a79798a242d25254cb0adfca118bb35c600a4
models/SimulationStudies/r_to_d_ari_diagnostic/stage_e_lite_heldout_r_selection/results/near_tie_summary.csv,stage_e_lite_heldout_r_selection,result_data,2263,21e1ae389fa131e27a79057989cc683441cdb1b972de54be3b82d7dd3e952260
models/SimulationStudies/r_to_d_ari_diagnostic/stage_e_lite_heldout_r_selection/results/selection_distributions.csv,stage_e_lite_heldout_r_selection,result_data,872,17872cbfb44d1631d4930c5d0c7cd6fcb46971fd0335247a6cdf3ad3d09839d3
models/SimulationStudies/r_to_d_ari_diagnostic/stage_e_lite_heldout_r_selection/results/world_branch_selections.csv,stage_e_lite_heldout_r_selection,result_data,11831,07a2bab587c6bf7c4f601e80c76bcbe020e684d3bbce762c841daf45ee9330b9
models/SimulationStudies/r_to_d_ari_diagnostic/stage_e_lite_heldout_r_selection/scripts/make_stage_e_lite_figures.py,stage_e_lite_heldout_r_selection,source_code,7115,f9392d27174915dcda5ad36dc2c66da66d31f206135d72aea4945a75018dafa9
models/SimulationStudies/r_to_d_ari_diagnostic/stage_e_lite_heldout_r_selection/scripts/run_stage_e_lite.py,stage_e_lite_heldout_r_selection,source_code,11757,4f0224d7a59c9f5d7f8c08e42749d42c4ef09e0d60a975fad2a80cdcdd235b2f
models/SimulationStudies/r_to_d_ari_diagnostic/stage_e_lite_heldout_r_selection/scripts/sources.py,stage_e_lite_heldout_r_selection,source_code,4094,8ea14d4c00ffab2c1a1df392f4de6e37a3a216ba6cfeff945944db7a4e6ced8a
models/SimulationStudies/r_to_d_ari_diagnostic/stage_e_lite_heldout_r_selection/scripts/summarise_stage_e_lite.py,stage_e_lite_heldout_r_selection,source_code,7118,ae38778002d41b1947f6807c8da33fad800f32e21e2c0737962623c75c708159
models/SimulationStudies/r_to_d_ari_diagnostic/stage_e_lite_heldout_r_selection/scripts/tdist.py,stage_e_lite_heldout_r_selection,source_code,3354,3081baa15be0593b1775d48d2b10d80d3dd251bed81f836ac24a8fc306d8496a
models/SimulationStudies/r_to_d_ari_diagnostic/stage_f_dgp_boundary/README.md,stage_f_dgp_boundary,documentation,1305,136b594bd36de423182acaccdb650f4fb2f93bbb09d9ffaaef6541d742be7175
models/SimulationStudies/r_to_d_ari_diagnostic/stage_f_dgp_boundary/configs/stage_f_config.json,stage_f_dgp_boundary,configuration_or_frozen_manifest,393,1a802a3daf1c08c994ce0aab7010334281aad145251d5db20c495b93062bbd91
models/SimulationStudies/r_to_d_ari_diagnostic/stage_f_dgp_boundary/figures/stage_f_eigengap_vs_feasibility.pdf,stage_f_dgp_boundary,figure,24289,f129f29a3f6fbfe579c3f31d10203a9bf0c4205345dd0bb264d9d509e804c1a5
models/SimulationStudies/r_to_d_ari_diagnostic/stage_f_dgp_boundary/figures/stage_f_primary_metrics.pdf,stage_f_dgp_boundary,figure,22550,279ec9c8c3057b099e5396f1f1826dc0ac6a3d864551fd0a42089d7840a7d4e6
models/SimulationStudies/r_to_d_ari_diagnostic/stage_f_dgp_boundary/figures/stage_f_structure_and_feasibility.pdf,stage_f_dgp_boundary,figure,26341,3492e16374f39f2d1447bad2b535700c43f210fa74e9473626a628209438fdc6
models/SimulationStudies/r_to_d_ari_diagnostic/stage_f_dgp_boundary/reports/FORMAL_RESULTS_REPORT.md,stage_f_dgp_boundary,documentation,10888,ebd0fa5a0920f248669cfbb62deff99470b2d11c080d41a7da657ac44ddd7e83
models/SimulationStudies/r_to_d_ari_diagnostic/stage_f_dgp_boundary/results/formal_anchor_summary.csv,stage_f_dgp_boundary,result_data,8298,e300bab6ee08a81b1b6436c577cb00bb601f1fea4746b0892f26dcd286946b37
models/SimulationStudies/r_to_d_ari_diagnostic/stage_f_dgp_boundary/results/formal_instability_by_anchor.csv,stage_f_dgp_boundary,result_data,214,d5ea9a42d4ef310c7e0b0781058a250245332990a2919f21972aa45d0d642497
models/SimulationStudies/r_to_d_ari_diagnostic/stage_f_dgp_boundary/results/formal_origin_metrics.csv,stage_f_dgp_boundary,result_data,56108,0dc989af2e17dae9a7fd34526fd13fba924d0687a317a7cfa90f476d2f5cee45
models/SimulationStudies/r_to_d_ari_diagnostic/stage_f_dgp_boundary/results/formal_per_world_monotonicity.csv,stage_f_dgp_boundary,result_data,504,691b4345875d1c3e0cf24fddade74316945277597d5e6286fb09fc01130d5ba2
models/SimulationStudies/r_to_d_ari_diagnostic/stage_f_dgp_boundary/results/formal_registered_contrasts.csv,stage_f_dgp_boundary,result_data,4869,00cb9f9bb4ba8dd4b397a2aea00d20c6327ee9a260a5ebca377fc850bc1217b6
models/SimulationStudies/r_to_d_ari_diagnostic/stage_f_dgp_boundary/results/formal_released_stop_states.csv,stage_f_dgp_boundary,result_data,550,02dd357bc75c533431f417353f5fa8e4b2ad8e82cbaf90e1c313e17b0869819f
models/SimulationStudies/r_to_d_ari_diagnostic/stage_f_dgp_boundary/results/formal_secondary_initialisers.csv,stage_f_dgp_boundary,result_data,3494,5fa38dbe4ffc015f76debf3722319489bf406b6d58dbcd7713092c93f38b1f2d
models/SimulationStudies/r_to_d_ari_diagnostic/stage_f_dgp_boundary/results/formal_world_metrics.csv,stage_f_dgp_boundary,result_data,23323,0e472947c11d5073143f03286a48621a61631f366ce7f399f67379cbde2088a1
models/SimulationStudies/r_to_d_ari_diagnostic/stage_f_dgp_boundary/scripts/common_stage_f.py,stage_f_dgp_boundary,source_code,9917,81511a79588b45bc98a4eeb6d3002f538ad4ec1a0cb9495c111377af0eabd88a
models/SimulationStudies/r_to_d_ari_diagnostic/stage_f_dgp_boundary/scripts/make_supplementary_figures.py,stage_f_dgp_boundary,source_code,4639,028d6b0901fce6cb02b7ddeaa79f77f97a5a224aece1ff503c9db2404d51999d
models/SimulationStudies/r_to_d_ari_diagnostic/stage_f_dgp_boundary/scripts/reused_stage_d.py,stage_f_dgp_boundary,source_code,9810,914cb3ec94594f6cc8b926bb804ad631ce098c8c483be02da176f93fd45a575a
models/SimulationStudies/r_to_d_ari_diagnostic/stage_f_dgp_boundary/scripts/run_initialisation_stage_f.py,stage_f_dgp_boundary,source_code,6160,31166429706ffba145a112863c0d059044d125d30e17b1829ff77a762f646e7e
models/SimulationStudies/r_to_d_ari_diagnostic/stage_f_dgp_boundary/scripts/run_stage_f.py,stage_f_dgp_boundary,source_code,10191,3bef7e2b0b5ffa8ad5de5add37150ce8379035a88df9fb7fbf36ac31b7446658
models/SimulationStudies/r_to_d_ari_diagnostic/stage_f_dgp_boundary/scripts/summarize_stage_f.py,stage_f_dgp_boundary,source_code,15500,c17ca6ea8a76b1aa707f317f7995f441bf5766b956b5d2ac42ff2eab2d299b38
models/SimulationStudies/r_to_d_ari_diagnostic/thesis_main_completed_20260816/README.md,thesis_main_completed_20260816,documentation,1270,a8d73c0b327819802f828047a4a888b728b14f52e5cc45c9bf81242d14cbcbc1
models/SimulationStudies/r_to_d_ari_diagnostic/thesis_main_completed_20260816/configs/canonical_thesis.json,thesis_main_completed_20260816,configuration_or_frozen_manifest,800,52687cc31f7f7d432ae6cde718a4c501e2ed8b1314376fe8868fe04de692f42e
models/SimulationStudies/r_to_d_ari_diagnostic/thesis_main_completed_20260816/configs/formal_compute_environment.json,thesis_main_completed_20260816,configuration_or_frozen_manifest,480,c23419c3fbd64c972ba5215b58dd084b277088b7d595e61afeb60190a2318013
models/SimulationStudies/r_to_d_ari_diagnostic/thesis_main_completed_20260816/configs/reconstructed_reference.json,thesis_main_completed_20260816,configuration_or_frozen_manifest,617,b77611c6191ca8ca4f6ce79761b4ea7123498cb3c16a90be73524fa87d0527bf
models/SimulationStudies/r_to_d_ari_diagnostic/thesis_main_completed_20260816/formal_results_20260816/FORMAL_RESULTS_REPORT.md,thesis_main_completed_20260816,documentation,6407,f5b7baa03811bb2da7230d8a24effe4027705bb13e84f1257899c051817bb5a2
models/SimulationStudies/r_to_d_ari_diagnostic/thesis_main_completed_20260816/formal_results_20260816/across_replication_summary.csv,thesis_main_completed_20260816,result_data,13057,9d33f3d3cd802b0b179032705aac3ca54b417df4d38d57bf07b671c8f772555d
models/SimulationStudies/r_to_d_ari_diagnostic/thesis_main_completed_20260816/formal_results_20260816/branch_paired_contrasts.csv,thesis_main_completed_20260816,result_data,3244,a127482842d47416db0bebd6c330291c527b9926384d196e24751268ad08c10b
models/SimulationStudies/r_to_d_ari_diagnostic/thesis_main_completed_20260816/formal_results_20260816/figures/figure_ari_vs_r.pdf,thesis_main_completed_20260816,figure,20790,873853ad0f79370a1ed396215873c38bd1d0c37b396e9c039372b93b48aaeb63
models/SimulationStudies/r_to_d_ari_diagnostic/thesis_main_completed_20260816/formal_results_20260816/figures/figure_ari_vs_r.png,thesis_main_completed_20260816,figure,165185,566b8c1ff0f7f3b85f1eb29272b0341c5e9418b4fa5141f7d81184fb7a8c7e1b
models/SimulationStudies/r_to_d_ari_diagnostic/thesis_main_completed_20260816/formal_results_20260816/figures/figure_d_hat_vs_r.pdf,thesis_main_completed_20260816,figure,20163,51743cdf05bc028398e22e78ae05251162e84e86391dd27dfb3872b5a40b4918
models/SimulationStudies/r_to_d_ari_diagnostic/thesis_main_completed_20260816/formal_results_20260816/figures/figure_d_hat_vs_r.png,thesis_main_completed_20260816,figure,104499,d6c1dc58753932ac5f99b7120f42b57ead3494294fb91fa842cd2ae56ea9ec0c
models/SimulationStudies/r_to_d_ari_diagnostic/thesis_main_completed_20260816/formal_results_20260816/figures/figure_mspe_vs_r.pdf,thesis_main_completed_20260816,figure,21362,b17182800f5ccdc62e0ac9cfaa6e155fcc2c1c50d418e56b4c8c826e6effa236
models/SimulationStudies/r_to_d_ari_diagnostic/thesis_main_completed_20260816/formal_results_20260816/figures/figure_mspe_vs_r.png,thesis_main_completed_20260816,figure,154275,41d0f0a7e170c2f55bb5eb0f8f660772f9f6c555b62d8539ab73d8d5fd91e2f6
models/SimulationStudies/r_to_d_ari_diagnostic/thesis_main_completed_20260816/formal_results_20260816/figures/figure_propagation_panels.pdf,thesis_main_completed_20260816,figure,24091,2e6ad55db0fdb370a7f2c43ab1b0e753532e7a0a8a2a668e3b51211b0f68193a
models/SimulationStudies/r_to_d_ari_diagnostic/thesis_main_completed_20260816/formal_results_20260816/figures/figure_propagation_panels.png,thesis_main_completed_20260816,figure,203644,a3dbc4fb399e94f42c7ec756dd29f8b207d4222b7a60f61c1ff618216fb7db3b
models/SimulationStudies/r_to_d_ari_diagnostic/thesis_main_completed_20260816/formal_results_20260816/main_results_table.csv,thesis_main_completed_20260816,result_data,2951,d852d85ebb52950c0fa59c42bafc224f1743bffda7f1bcdba9e93c37203675d5
models/SimulationStudies/r_to_d_ari_diagnostic/thesis_main_completed_20260816/formal_results_20260816/paired_contrasts.csv,thesis_main_completed_20260816,result_data,9955,c633a93df11fd31c2f3c288ebc77682fd14889c3bc6960d9ead30fafa8bf50d7
models/SimulationStudies/r_to_d_ari_diagnostic/thesis_main_completed_20260816/formal_results_20260816/within_replication_summary.csv,thesis_main_completed_20260816,result_data,88237,44a321b25e3e880f7091900e3219ac3f6e82abe60fce74fb6155812c3e038a09
models/SimulationStudies/r_to_d_ari_diagnostic/thesis_main_completed_20260816/runs/formal_preferred_rep01_20260816/manifest_final.json,thesis_main_completed_20260816,configuration_or_frozen_manifest,951,b960dbc2d377d5a81d0dea83b7562ba874310de7cb0f22b9b802e8aee30a581f
models/SimulationStudies/r_to_d_ari_diagnostic/thesis_main_completed_20260816/runs/formal_preferred_rep01_20260816/origin_results.csv,thesis_main_completed_20260816,result_data,5938851,7b97c331b3808c972c1b3a2d574e023d982b471e8cf08b07af68a48daf44f1cb
models/SimulationStudies/r_to_d_ari_diagnostic/thesis_main_completed_20260816/runs/formal_preferred_rep02_20260816/manifest_final.json,thesis_main_completed_20260816,configuration_or_frozen_manifest,958,4fbe405cb2a62e596b56bc3e5bcfc8cdc90c1035faf933e33fcd441dfedb2b53
models/SimulationStudies/r_to_d_ari_diagnostic/thesis_main_completed_20260816/runs/formal_preferred_rep02_20260816/origin_results.csv,thesis_main_completed_20260816,result_data,5980581,7cbfe7b8f031e39211ae847c2be0b28f348f1b21e5a52da0bf2142076f0c7a87
models/SimulationStudies/r_to_d_ari_diagnostic/thesis_main_completed_20260816/runs/formal_preferred_rep03_20260816/manifest_final.json,thesis_main_completed_20260816,configuration_or_frozen_manifest,958,b7de2ae28dfe51c094fcfb746bee9a9c90f3601278cf0075f1e2e543de6ee3e1
models/SimulationStudies/r_to_d_ari_diagnostic/thesis_main_completed_20260816/runs/formal_preferred_rep03_20260816/origin_results.csv,thesis_main_completed_20260816,result_data,5977939,e20fa8fb52442dc0a13d541ef69f47c80c0ea120da17b72c423a3b4462a3a0e6
models/SimulationStudies/r_to_d_ari_diagnostic/thesis_main_completed_20260816/runs/formal_preferred_rep04_20260816/manifest_final.json,thesis_main_completed_20260816,configuration_or_frozen_manifest,958,d685440cf2d4e70998959dada01fc681ebd9156b70e5e7919d5f80fee3614932
models/SimulationStudies/r_to_d_ari_diagnostic/thesis_main_completed_20260816/runs/formal_preferred_rep04_20260816/origin_results.csv,thesis_main_completed_20260816,result_data,5976396,12c25dd51a51e2a50a95eb72c2a602c923be9e1c15c1d45b61fda087dcfa3011
models/SimulationStudies/r_to_d_ari_diagnostic/thesis_main_completed_20260816/runs/formal_preferred_rep05_20260816/manifest_final.json,thesis_main_completed_20260816,configuration_or_frozen_manifest,958,a40451555342f3d0d53a376fe346be43c106f7910a149d71bdf9393949c4b46f
models/SimulationStudies/r_to_d_ari_diagnostic/thesis_main_completed_20260816/runs/formal_preferred_rep05_20260816/origin_results.csv,thesis_main_completed_20260816,result_data,5977589,94bf562ce957dbeb0764b3138fa6f2587972836be64e89436e9f8e62e97038fb
models/SimulationStudies/r_to_d_ari_diagnostic/thesis_main_completed_20260816/runs/formal_preferred_rep06_20260816/manifest_final.json,thesis_main_completed_20260816,configuration_or_frozen_manifest,959,ad80cbf01d5fb2f08f636a34a00625562a2622e6d9404aae668b5f6349e4d17f
models/SimulationStudies/r_to_d_ari_diagnostic/thesis_main_completed_20260816/runs/formal_preferred_rep06_20260816/origin_results.csv,thesis_main_completed_20260816,result_data,5991988,3fc34c09a7441c9b8df80f3c7221b3dba5966a97aca2fb4b243e21fca419b496
models/SimulationStudies/r_to_d_ari_diagnostic/thesis_main_completed_20260816/runs/formal_preferred_rep07_20260816/manifest_final.json,thesis_main_completed_20260816,configuration_or_frozen_manifest,959,6fb545484de487d7e69be324155ad97ad67d780f70e69bf0643c7dc3bebb1cf9
models/SimulationStudies/r_to_d_ari_diagnostic/thesis_main_completed_20260816/runs/formal_preferred_rep07_20260816/origin_results.csv,thesis_main_completed_20260816,result_data,5993269,88ed767955e5db406f831d10981d7d88d4477bbe4f51c982e03d927f6a3b21ba
models/SimulationStudies/r_to_d_ari_diagnostic/thesis_main_completed_20260816/runs/formal_preferred_rep08_20260816/manifest_final.json,thesis_main_completed_20260816,configuration_or_frozen_manifest,959,a9d3d16450c8bb1d06695f1310752de4b6e9d525e74f2a79c43fc3bf505a556c
models/SimulationStudies/r_to_d_ari_diagnostic/thesis_main_completed_20260816/runs/formal_preferred_rep08_20260816/origin_results.csv,thesis_main_completed_20260816,result_data,5980211,948a3faa02eccdd6b0100b3bc0757b4a79faa086ae6fed8811fd2f781240d60f
models/SimulationStudies/r_to_d_ari_diagnostic/thesis_main_completed_20260816/runs/formal_preferred_rep09_20260816/manifest_final.json,thesis_main_completed_20260816,configuration_or_frozen_manifest,958,4367bfc370c55eef9ac827bad91a27f8347f46e26eec329492c285da10bc975b
models/SimulationStudies/r_to_d_ari_diagnostic/thesis_main_completed_20260816/runs/formal_preferred_rep09_20260816/origin_results.csv,thesis_main_completed_20260816,result_data,5980494,8ee4780ccf53e9fbd80d6c76002927774010bcf8180f8915a15d3355bc99e91a
models/SimulationStudies/r_to_d_ari_diagnostic/thesis_main_completed_20260816/runs/formal_preferred_rep10_20260816/manifest_final.json,thesis_main_completed_20260816,configuration_or_frozen_manifest,962,b03e025434d39e9ee1ced10c4abe6f7b1c8518b320b9a2bfdc3fcae4bdc6b3da
models/SimulationStudies/r_to_d_ari_diagnostic/thesis_main_completed_20260816/runs/formal_preferred_rep10_20260816/origin_results.csv,thesis_main_completed_20260816,result_data,5994203,544182f8feae84830747abe639439f6526a26be87a672040e549324c47bae317
models/SimulationStudies/r_to_d_ari_diagnostic/thesis_main_completed_20260816/runs/formal_preferred_rep11_20260816/manifest_final.json,thesis_main_completed_20260816,configuration_or_frozen_manifest,962,4a20dca6913f3e1800d298ebf986ac0204e459effc82c4422ab1961fa9fc0e86
models/SimulationStudies/r_to_d_ari_diagnostic/thesis_main_completed_20260816/runs/formal_preferred_rep11_20260816/origin_results.csv,thesis_main_completed_20260816,result_data,6005266,30e7972e464950e76cca1fb347cf0853e58f88553e0ff53697b1b353cd8b8580
models/SimulationStudies/r_to_d_ari_diagnostic/thesis_main_completed_20260816/runs/formal_preferred_rep12_20260816/manifest_final.json,thesis_main_completed_20260816,configuration_or_frozen_manifest,960,1cc9a01452128940f6d4c316df77a646f13b29aa9b247c4ba15f6d9707aecccb
models/SimulationStudies/r_to_d_ari_diagnostic/thesis_main_completed_20260816/runs/formal_preferred_rep12_20260816/origin_results.csv,thesis_main_completed_20260816,result_data,5995763,66a698b1c0ffdc3957c0ee73aa73e76e41302217432f4b16dbdafa4b3af30585
models/SimulationStudies/r_to_d_ari_diagnostic/thesis_main_completed_20260816/runs/formal_preferred_rep13_20260816/manifest_final.json,thesis_main_completed_20260816,configuration_or_frozen_manifest,959,78288c63abe4cfcd2f945fccfd4d4cd6b75a09e119f07cf54ca3bc4435bbbb1b
models/SimulationStudies/r_to_d_ari_diagnostic/thesis_main_completed_20260816/runs/formal_preferred_rep13_20260816/origin_results.csv,thesis_main_completed_20260816,result_data,5981896,bf2e0c10304e79036368d0dad925d0a7ec55a64a92fb2bcef61fb98c7afd37fa
models/SimulationStudies/r_to_d_ari_diagnostic/thesis_main_completed_20260816/runs/formal_preferred_rep14_20260816/manifest_final.json,thesis_main_completed_20260816,configuration_or_frozen_manifest,962,6c6abdcc3dd9e8e5becd29ef8a77a088409cbdcc46788705d7dda3b2a0a43f14
models/SimulationStudies/r_to_d_ari_diagnostic/thesis_main_completed_20260816/runs/formal_preferred_rep14_20260816/origin_results.csv,thesis_main_completed_20260816,result_data,6004523,4394a4c3138d076f808e499c85f08c9190829948b0fce2889517e58fd36fb24a
models/SimulationStudies/r_to_d_ari_diagnostic/thesis_main_completed_20260816/runs/formal_preferred_rep15_20260816/manifest_final.json,thesis_main_completed_20260816,configuration_or_frozen_manifest,955,cdf806ccf5b1efe786f5090c14633d6bbe350de1e7968e669cff12f8be29ada3
models/SimulationStudies/r_to_d_ari_diagnostic/thesis_main_completed_20260816/runs/formal_preferred_rep15_20260816/origin_results.csv,thesis_main_completed_20260816,result_data,5957603,26fb6ddff9513bad7b4b79b36ba95995e398dab8528db613df8d669fdfd72044
models/SimulationStudies/r_to_d_ari_diagnostic/thesis_main_completed_20260816/runs/formal_preferred_rep16_20260816/manifest_final.json,thesis_main_completed_20260816,configuration_or_frozen_manifest,958,e45e667ea25c5091c316dd354d69f14e8795e001c1a88fee2830ac6229bb57a0
models/SimulationStudies/r_to_d_ari_diagnostic/thesis_main_completed_20260816/runs/formal_preferred_rep16_20260816/origin_results.csv,thesis_main_completed_20260816,result_data,5968653,4bfb4b7d55ef75053e1311ca914822b9a9c84a58a6f60258b50da1f58824ea56
models/SimulationStudies/r_to_d_ari_diagnostic/thesis_main_completed_20260816/runs/formal_preferred_rep17_20260816/manifest_final.json,thesis_main_completed_20260816,configuration_or_frozen_manifest,959,064af621bc5d0bdb587fc3f0615d3c33a573665846931aadee66cdc87d3492c9
models/SimulationStudies/r_to_d_ari_diagnostic/thesis_main_completed_20260816/runs/formal_preferred_rep17_20260816/origin_results.csv,thesis_main_completed_20260816,result_data,5981178,0760cec81f3d4ec944e4890826f27feba4f3a1bfcb53b5772f61b03fdd7e5191
models/SimulationStudies/r_to_d_ari_diagnostic/thesis_main_completed_20260816/runs/formal_preferred_rep18_20260816/manifest_final.json,thesis_main_completed_20260816,configuration_or_frozen_manifest,959,7d4909d4e02504c97cf59b3ea8443854288558de448b0ec0e03a73bdabd786cf
models/SimulationStudies/r_to_d_ari_diagnostic/thesis_main_completed_20260816/runs/formal_preferred_rep18_20260816/origin_results.csv,thesis_main_completed_20260816,result_data,5988332,334dd2c58b4e0ec2d4dc53316f68a2e9331b02089326ee0277186c25236382dd
models/SimulationStudies/r_to_d_ari_diagnostic/thesis_main_completed_20260816/runs/formal_preferred_rep19_20260816/manifest_final.json,thesis_main_completed_20260816,configuration_or_frozen_manifest,959,f84b448c0a61c308bdf16a5a0221d76fdb94cf8215219dfacedb55bdfd5ad875
models/SimulationStudies/r_to_d_ari_diagnostic/thesis_main_completed_20260816/runs/formal_preferred_rep19_20260816/origin_results.csv,thesis_main_completed_20260816,result_data,5990279,97cfb3b7e6bd45d4472bf9db8fe5b19e8226b787d8ab35321c65e4de7305d1c3
models/SimulationStudies/r_to_d_ari_diagnostic/thesis_main_completed_20260816/runs/qualification_final_rep0_20260816/manifest_final.json,thesis_main_completed_20260816,configuration_or_frozen_manifest,962,404d54d1039e312cafb39a9a3db172767bec21555fe8c27ca822be89e2c46061
models/SimulationStudies/r_to_d_ari_diagnostic/thesis_main_completed_20260816/runs/qualification_final_rep0_20260816/origin_results.csv,thesis_main_completed_20260816,result_data,6011674,04f8b4977d6bee158e5d362139e008836ae00e3590aa10a31e71e44cfedf3818
models/SimulationStudies/r_to_d_ari_diagnostic/thesis_main_completed_20260816/scripts/common.py,thesis_main_completed_20260816,source_code,7298,ba9099e006c9f5661439e37dc094eb9579f237e4a9afda949d4b0b5e99fd95ca
models/SimulationStudies/r_to_d_ari_diagnostic/thesis_main_completed_20260816/scripts/make_formal_figures.py,thesis_main_completed_20260816,source_code,4549,761c078bfd11308ed089c6562cd25e48a0bf842ba7e7bb271c56ebcb0e1d1518
models/SimulationStudies/r_to_d_ari_diagnostic/thesis_main_completed_20260816/scripts/run_formal_parallel.sh,thesis_main_completed_20260816,source_code,960,d6bbfbda935945a9cb01a9e69d6f646c6f8238f5298ec73ab79dcdcaf79f4f3a
models/SimulationStudies/r_to_d_ari_diagnostic/thesis_main_completed_20260816/scripts/run_reconstructed_reference.py,thesis_main_completed_20260816,source_code,6295,4be36da97887f2602a4d292f07421866feae282d28112c8403dd277dc4b1f070
models/SimulationStudies/r_to_d_ari_diagnostic/thesis_main_completed_20260816/scripts/run_rolling_grid.py,thesis_main_completed_20260816,source_code,17329,616eaf565ca7440e7047bc3386a3150777dfd0b2be64fd4e1962f92aaff2b439
models/SimulationStudies/r_to_d_ari_diagnostic/thesis_main_completed_20260816/scripts/summarize_run.py,thesis_main_completed_20260816,source_code,5802,380112ce3cf8f332bb96808b187e030c2f058203c2340fa84479af179a2c749d
models/SimulationStudies/weak_factors/description.txt,released_weak_factor_scaffold,documentation,193,8b2e836995af494fd58f7d1f7a15c6a5803a43cc9631e0c99f7b25982bb18fa3
models/SimulationStudies/weak_factors/hyperparameters.yaml,released_weak_factor_scaffold,configuration,701,a750d99aa0381eb1cd117588d9c9bba0cfd6cf4f111358e526921b4980e28dde
models/SimulationStudies/weak_factors/plot_two_evals.py,released_weak_factor_scaffold,source_code,5394,aeec771227b8ddfaf31333c0c8ac232bc5fb2d4c9e4959ce928b155ee5c5dcfd
models/SimulationStudies/weak_factors/simulate.py,released_weak_factor_scaffold,source_code,10544,32d5a80329316879a3210dadfa018fa33431436035e3d6cb92c6ff9b12983783
models/SimulationStudies/weak_factors/visualise.py,released_weak_factor_scaffold,source_code,2926,c7978e78e36fade38529a54412fda569c7c7e6fa1b7309ff9cb4f5f4369b9d0f
pyproject.toml,repository,project_metadata,631,73bc87c6caf3deb90f66235dbc6ceea50466efcba91927e594db353dabc4d815
reproduce/FULL_REPRODUCTION_COMMANDS.md,repository,documentation,1019,a259459466f0627b308010d011eb2e6d12697c80961645c949fddeeb6ebd7533
reproduce/README.md,repository,documentation,309,a0491d42fcf688fc8fcb0062739cf9d93408820e6ea7a1dd128e284cef7f1c1b
reproduce/regenerate_figures.sh,repository,source_code,1290,736336e03e40434eb53de7508bb3e60496ac7ff221e08f1e09b54e73418ac6e6
reproduce/run_all_stages.sh,repository,source_code,3795,136214614f692ac440fa9ed153be9cdaa0118ca283bef929358e5c26234603c0
reproduce/verify_checksums.py,repository,source_code,564,9470d9aacc6c5c533ca9a53b593fbbe94192f6543690d63f91f92dc3e1680a23
requirements.txt,repository,project_metadata,157,136e6f11e5164fe9f5f8de774779b4a9d22d7db01a7b9bc2549c1c7b14a181b5
setup.cfg,repository,project_metadata,112,db234b3f83f79c1a5b965114bec354344a1f702497a3e3c35c7712123d21e9df
