experiment,structural_seed,T,residual_type,r_used,r_selected,branch,status,d_hat,d_embed,K_gmm,ARI,MP_edge,eig_1,eig_2,eig_3,eig_4,eig_5,eig_6,eig_7,eig_8
paired_T_true_residual,3674827978,200,true,,,oracle,ok,2,4,4,0.42593915629621015,2.914213562373095,4.873947407589954,3.7200647300018312,2.5730809215030948,2.472495064140366,2.4290083830860096,2.321118341022225,2.240023979747092,2.1923520186547116
paired_T_true_residual,3674827978,200,true,,,mp_fixed_k,ok,2,2,4,0.5043048177321854,2.914213562373095,4.873947407589954,3.7200647300018312,2.5730809215030948,2.472495064140366,2.4290083830860096,2.321118341022225,2.240023979747092,2.1923520186547116
paired_T_true_residual,3674827978,200,true,,,full_pipeline,ok,2,2,2,0.32653061224489793,2.914213562373095,4.873947407589954,3.7200647300018312,2.5730809215030948,2.472495064140366,2.4290083830860096,2.321118341022225,2.240023979747092,2.1923520186547116
paired_T_true_residual,3674827978,500,true,,,oracle,ok,2,4,4,0.6291792377316667,2.0944271909999155,6.302002502054096,4.172603678450527,1.8728560852683018,1.8283359729527595,1.7421588579907523,1.6913996945738723,1.6778509164582172,1.6509707809600829
paired_T_true_residual,3674827978,500,true,,,mp_fixed_k,ok,2,2,4,0.6442507956079111,2.0944271909999155,6.302002502054096,4.172603678450527,1.8728560852683018,1.8283359729527595,1.7421588579907523,1.6913996945738723,1.6778509164582172,1.6509707809600829
paired_T_true_residual,3674827978,500,true,,,full_pipeline,ok,2,2,2,0.32653061224489793,2.0944271909999155,6.302002502054096,4.172603678450527,1.8728560852683018,1.8283359729527595,1.7421588579907523,1.6913996945738723,1.6778509164582172,1.6509707809600829
paired_T_true_residual,3674827978,1000,true,,,oracle,ok,2,4,4,0.6822670343382682,1.732455532033676,6.459130764246133,4.25500409258092,1.6194687455423606,1.5529047053567644,1.5329713463660644,1.482104837984484,1.4557463674771782,1.4333526626207493
paired_T_true_residual,3674827978,1000,true,,,mp_fixed_k,ok,2,2,4,0.8562660859235794,1.732455532033676,6.459130764246133,4.25500409258092,1.6194687455423606,1.5529047053567644,1.5329713463660644,1.482104837984484,1.4557463674771782,1.4333526626207493
paired_T_true_residual,3674827978,1000,true,,,full_pipeline,ok,2,2,2,0.32653061224489793,1.732455532033676,6.459130764246133,4.25500409258092,1.6194687455423606,1.5529047053567644,1.5329713463660644,1.482104837984484,1.4557463674771782,1.4333526626207493
paired_T_true_residual,3674827978,1500,true,,,oracle,ok,2,4,4,0.97305763367046,1.5830644461609886,6.612079464228235,4.34218424849753,1.5454661625664436,1.451509202020751,1.4066629574284637,1.3984942633338395,1.3840774017204753,1.3513266136659203
paired_T_true_residual,3674827978,1500,true,,,mp_fixed_k,ok,2,2,4,0.8762850525684389,1.5830644461609886,6.612079464228235,4.34218424849753,1.5454661625664436,1.451509202020751,1.4066629574284637,1.3984942633338395,1.3840774017204753,1.3513266136659203
paired_T_true_residual,3674827978,1500,true,,,full_pipeline,ok,2,2,2,0.32653061224489793,1.5830644461609886,6.612079464228235,4.34218424849753,1.5454661625664436,1.451509202020751,1.4066629574284637,1.3984942633338395,1.3840774017204753,1.3513266136659203
paired_T_true_residual,3674827978,3000,true,,,oracle,ok,2,4,4,1.0,1.3984817050034442,6.956048403476048,4.052870091282973,1.3563431818695153,1.3261262540891516,1.2814903824673558,1.2635297101529521,1.251348098936797,1.2310006474425808
paired_T_true_residual,3674827978,3000,true,,,mp_fixed_k,ok,2,2,4,0.9472,1.3984817050034442,6.956048403476048,4.052870091282973,1.3563431818695153,1.3261262540891516,1.2814903824673558,1.2635297101529521,1.251348098936797,1.2310006474425808
paired_T_true_residual,3674827978,3000,true,,,full_pipeline,ok,2,2,2,0.32653061224489793,1.3984817050034442,6.956048403476048,4.052870091282973,1.3563431818695153,1.3261262540891516,1.2814903824673558,1.2635297101529521,1.251348098936797,1.2310006474425808
manual_r_sweep,3674827978,1500,estimated,3,,oracle,ok,4,4,4,0.0012461253290549697,1.5830644461609886,19.156396409391192,11.368195826400596,4.672845905766816,2.971703641735978,1.2373490207103681,1.1855029011336646,1.149827520523473,1.1262280075594324
manual_r_sweep,3674827978,1500,estimated,3,,mp_fixed_k,ok,4,4,4,0.0012461253290549697,1.5830644461609886,19.156396409391192,11.368195826400596,4.672845905766816,2.971703641735978,1.2373490207103681,1.1855029011336646,1.149827520523473,1.1262280075594324
manual_r_sweep,3674827978,1500,estimated,3,,full_pipeline,ok,4,4,4,0.0012461253290549697,1.5830644461609886,19.156396409391192,11.368195826400596,4.672845905766816,2.971703641735978,1.2373490207103681,1.1855029011336646,1.149827520523473,1.1262280075594324
manual_r_sweep,3674827978,1500,estimated,5,,oracle,ok,3,4,4,0.6922348012567952,1.5830644461609886,6.594344448331289,4.266234869675542,1.5882063107568691,1.5046494000036423,1.4778814162215295,1.4449210863765356,1.4321933657806187,1.3999846310022768
manual_r_sweep,3674827978,1500,estimated,5,,mp_fixed_k,ok,3,3,4,0.7285546415981199,1.5830644461609886,6.594344448331289,4.266234869675542,1.5882063107568691,1.5046494000036423,1.4778814162215295,1.4449210863765356,1.4321933657806187,1.3999846310022768
manual_r_sweep,3674827978,1500,estimated,5,,full_pipeline,ok,3,3,3,0.7079646017699115,1.5830644461609886,6.594344448331289,4.266234869675542,1.5882063107568691,1.5046494000036423,1.4778814162215295,1.4449210863765356,1.4321933657806187,1.3999846310022768
manual_r_sweep,3674827978,1500,estimated,7,,oracle,ok,4,4,4,0.05753181226795291,1.5830644461609886,1.6989250503067277,1.606000322706299,1.591029112106668,1.588587712479216,1.5591847026528751,1.5380686778454316,1.5237666377566432,1.509825120960658
manual_r_sweep,3674827978,1500,estimated,7,,mp_fixed_k,ok,4,4,4,0.05753181226795291,1.5830644461609886,1.6989250503067277,1.606000322706299,1.591029112106668,1.588587712479216,1.5591847026528751,1.5380686778454316,1.5237666377566432,1.509825120960658
manual_r_sweep,3674827978,1500,estimated,7,,full_pipeline,ok,4,4,4,0.05753181226795291,1.5830644461609886,1.6989250503067277,1.606000322706299,1.591029112106668,1.588587712479216,1.5591847026528751,1.5380686778454316,1.5237666377566432,1.509825120960658
baing_jj2_bridge,3674827978,1500,estimated,6,6,oracle,ok,2,4,4,0.36728786499753807,1.5830644461609886,4.3664764194654015,1.6472503209064282,1.5751193524197336,1.5213396090650408,1.5157092279132474,1.5144723343368434,1.4796660872286687,1.476257430339085
baing_jj2_bridge,3674827978,1500,estimated,6,6,mp_fixed_k,ok,2,2,4,0.42771615538125957,1.5830644461609886,4.3664764194654015,1.6472503209064282,1.5751193524197336,1.5213396090650408,1.5157092279132474,1.5144723343368434,1.4796660872286687,1.476257430339085
baing_jj2_bridge,3674827978,1500,estimated,6,6,full_pipeline,ok,2,2,2,0.3207310911447464,1.5830644461609886,4.3664764194654015,1.6472503209064282,1.5751193524197336,1.5213396090650408,1.5157092279132474,1.5144723343368434,1.4796660872286687,1.476257430339085
paired_T_true_residual,162215,200,true,,,oracle,ok,2,4,4,0.675046910546155,2.914213562373095,5.952399767581887,4.742314136277083,2.8192505754019876,2.4287822122786427,2.2762898503705005,2.2438565681424603,2.2005670267325357,2.1015115763583956
paired_T_true_residual,162215,200,true,,,mp_fixed_k,ok,2,2,4,0.6777757652599167,2.914213562373095,5.952399767581887,4.742314136277083,2.8192505754019876,2.4287822122786427,2.2762898503705005,2.2438565681424603,2.2005670267325357,2.1015115763583956
paired_T_true_residual,162215,200,true,,,full_pipeline,ok,2,2,2,0.3207310911447464,2.914213562373095,5.952399767581887,4.742314136277083,2.8192505754019876,2.4287822122786427,2.2762898503705005,2.2438565681424603,2.2005670267325357,2.1015115763583956
paired_T_true_residual,162215,500,true,,,oracle,ok,2,4,4,0.7492,2.0944271909999155,5.320597686720941,4.219523409851418,1.8811126458275012,1.851894435028814,1.8292022210176038,1.7167370328827567,1.6793780202947715,1.6382498096773193
paired_T_true_residual,162215,500,true,,,mp_fixed_k,ok,2,2,4,0.7752410451116551,2.0944271909999155,5.320597686720941,4.219523409851418,1.8811126458275012,1.851894435028814,1.8292022210176038,1.7167370328827567,1.6793780202947715,1.6382498096773193
paired_T_true_residual,162215,500,true,,,full_pipeline,ok,2,2,2,0.3207310911447464,2.0944271909999155,5.320597686720941,4.219523409851418,1.8811126458275012,1.851894435028814,1.8292022210176038,1.7167370328827567,1.6793780202947715,1.6382498096773193
paired_T_true_residual,162215,1000,true,,,oracle,ok,2,4,4,0.876564759862351,1.732455532033676,5.429124800754694,4.167437695352781,1.6395669425040098,1.6333717059385655,1.5574658597140407,1.5099369709827386,1.4676704043195317,1.4619095343538528
paired_T_true_residual,162215,1000,true,,,mp_fixed_k,ok,2,2,4,0.877120397186595,1.732455532033676,5.429124800754694,4.167437695352781,1.6395669425040098,1.6333717059385655,1.5574658597140407,1.5099369709827386,1.4676704043195317,1.4619095343538528
paired_T_true_residual,162215,1000,true,,,full_pipeline,ok,2,2,2,0.32653061224489793,1.732455532033676,5.429124800754694,4.167437695352781,1.6395669425040098,1.6333717059385655,1.5574658597140407,1.5099369709827386,1.4676704043195317,1.4619095343538528
paired_T_true_residual,162215,1500,true,,,oracle,ok,2,4,4,0.9224719662762217,1.5830644461609886,5.473164142169003,4.227463526077542,1.4897205772975837,1.462033781281038,1.437118595321577,1.3970595651416502,1.384520715375661,1.3638332788818524
paired_T_true_residual,162215,1500,true,,,mp_fixed_k,ok,2,2,4,0.92264724951374,1.5830644461609886,5.473164142169003,4.227463526077542,1.4897205772975837,1.462033781281038,1.437118595321577,1.3970595651416502,1.384520715375661,1.3638332788818524
paired_T_true_residual,162215,1500,true,,,full_pipeline,ok,2,2,2,0.32653061224489793,1.5830644461609886,5.473164142169003,4.227463526077542,1.4897205772975837,1.462033781281038,1.437118595321577,1.3970595651416502,1.384520715375661,1.3638332788818524
paired_T_true_residual,162215,3000,true,,,oracle,ok,2,4,4,1.0,1.3984817050034442,5.6554537187826375,4.496449953724619,1.3693216055501343,1.3542729089673902,1.2883668781342175,1.25289525483771,1.245731776245166,1.2319479299226488
paired_T_true_residual,162215,3000,true,,,mp_fixed_k,ok,2,2,4,0.9472597722581074,1.3984817050034442,5.6554537187826375,4.496449953724619,1.3693216055501343,1.3542729089673902,1.2883668781342175,1.25289525483771,1.245731776245166,1.2319479299226488
paired_T_true_residual,162215,3000,true,,,full_pipeline,ok,2,2,2,0.32653061224489793,1.3984817050034442,5.6554537187826375,4.496449953724619,1.3693216055501343,1.3542729089673902,1.2883668781342175,1.25289525483771,1.245731776245166,1.2319479299226488
manual_r_sweep,162215,1500,estimated,3,,oracle,ok,4,4,4,0.026444434098421715,1.5830644461609886,21.226749485828286,9.760266541709239,3.815704996520887,3.0925560578189284,1.2625093854877045,1.1994993237626954,1.1657765737889216,1.1143115604262426
manual_r_sweep,162215,1500,estimated,3,,mp_fixed_k,ok,4,4,4,0.026444434098421715,1.5830644461609886,21.226749485828286,9.760266541709239,3.815704996520887,3.0925560578189284,1.2625093854877045,1.1994993237626954,1.1657765737889216,1.1143115604262426
manual_r_sweep,162215,1500,estimated,3,,full_pipeline,ok,4,4,4,0.026444434098421715,1.5830644461609886,21.226749485828286,9.760266541709239,3.815704996520887,3.0925560578189284,1.2625093854877045,1.1994993237626954,1.1657765737889216,1.1143115604262426
manual_r_sweep,162215,1500,estimated,5,,oracle,ok,2,4,4,0.7494839182260106,1.5830644461609886,5.5143778414565805,4.381600372499041,1.5358230930397707,1.4926256145505563,1.462088795040587,1.448534923871678,1.430808136438295,1.4105948160373278
manual_r_sweep,162215,1500,estimated,5,,mp_fixed_k,ok,2,2,4,0.7657095573024411,1.5830644461609886,5.5143778414565805,4.381600372499041,1.5358230930397707,1.4926256145505563,1.462088795040587,1.448534923871678,1.430808136438295,1.4105948160373278
manual_r_sweep,162215,1500,estimated,5,,full_pipeline,ok,2,2,2,0.32653061224489793,1.5830644461609886,5.5143778414565805,4.381600372499041,1.5358230930397707,1.4926256145505563,1.462088795040587,1.448534923871678,1.430808136438295,1.4105948160373278
manual_r_sweep,162215,1500,estimated,7,,oracle,ok,3,4,4,0.009117742508770031,1.5830644461609886,1.6582615374749068,1.6320922119190784,1.5966912183708761,1.5659907624400273,1.54385670901868,1.5255739266097275,1.5225491619932936,1.4967599126813322
manual_r_sweep,162215,1500,estimated,7,,mp_fixed_k,ok,3,3,4,0.02068672365748831,1.5830644461609886,1.6582615374749068,1.6320922119190784,1.5966912183708761,1.5659907624400273,1.54385670901868,1.5255739266097275,1.5225491619932936,1.4967599126813322
manual_r_sweep,162215,1500,estimated,7,,full_pipeline,ok,3,3,3,-0.018055989884294823,1.5830644461609886,1.6582615374749068,1.6320922119190784,1.5966912183708761,1.5659907624400273,1.54385670901868,1.5255739266097275,1.5225491619932936,1.4967599126813322
baing_jj2_bridge,162215,1500,estimated,7,7,oracle,ok,3,4,4,0.009117742508770031,1.5830644461609886,1.6582615374749068,1.6320922119190784,1.5966912183708761,1.5659907624400273,1.54385670901868,1.5255739266097275,1.5225491619932936,1.4967599126813322
baing_jj2_bridge,162215,1500,estimated,7,7,mp_fixed_k,ok,3,3,4,0.02068672365748831,1.5830644461609886,1.6582615374749068,1.6320922119190784,1.5966912183708761,1.5659907624400273,1.54385670901868,1.5255739266097275,1.5225491619932936,1.4967599126813322
baing_jj2_bridge,162215,1500,estimated,7,7,full_pipeline,ok,3,3,3,-0.018055989884294823,1.5830644461609886,1.6582615374749068,1.6320922119190784,1.5966912183708761,1.5659907624400273,1.54385670901868,1.5255739266097275,1.5225491619932936,1.4967599126813322
paired_T_true_residual,2951145736,200,true,,,oracle,ok,2,4,4,0.5714540721457791,2.914213562373095,5.962528545047151,4.401553385579351,2.643562621165743,2.6196887461394502,2.4042828216835224,2.3019227166406107,2.2438053878896693,2.185979966236728
paired_T_true_residual,2951145736,200,true,,,mp_fixed_k,ok,2,2,4,0.6248324952090027,2.914213562373095,5.962528545047151,4.401553385579351,2.643562621165743,2.6196887461394502,2.4042828216835224,2.3019227166406107,2.2438053878896693,2.185979966236728
paired_T_true_residual,2951145736,200,true,,,full_pipeline,ok,2,2,2,0.33454545454545453,2.914213562373095,5.962528545047151,4.401553385579351,2.643562621165743,2.6196887461394502,2.4042828216835224,2.3019227166406107,2.2438053878896693,2.185979966236728
paired_T_true_residual,2951145736,500,true,,,oracle,ok,2,4,4,0.6806823532985979,2.0944271909999155,5.329727535221515,3.8281353789072226,1.880868059347278,1.8634082888259105,1.8035705029509341,1.7918133646669683,1.6979511109320697,1.6930060004685963
paired_T_true_residual,2951145736,500,true,,,mp_fixed_k,ok,2,2,4,0.664598380920064,2.0944271909999155,5.329727535221515,3.8281353789072226,1.880868059347278,1.8634082888259105,1.8035705029509341,1.7918133646669683,1.6979511109320697,1.6930060004685963
paired_T_true_residual,2951145736,500,true,,,full_pipeline,ok,2,2,2,0.32653061224489793,2.0944271909999155,5.329727535221515,3.8281353789072226,1.880868059347278,1.8634082888259105,1.8035705029509341,1.7918133646669683,1.6979511109320697,1.6930060004685963
paired_T_true_residual,2951145736,1000,true,,,oracle,ok,2,4,4,0.7693435651791387,1.732455532033676,5.315400923935531,4.15500783385133,1.5940066766382102,1.5535618970296314,1.545010283574824,1.497713557133696,1.4920283959915903,1.4628843025843536
paired_T_true_residual,2951145736,1000,true,,,mp_fixed_k,ok,2,2,4,0.7390725428632485,1.732455532033676,5.315400923935531,4.15500783385133,1.5940066766382102,1.5535618970296314,1.545010283574824,1.497713557133696,1.4920283959915903,1.4628843025843536
paired_T_true_residual,2951145736,1000,true,,,full_pipeline,ok,2,2,2,0.32653061224489793,1.732455532033676,5.315400923935531,4.15500783385133,1.5940066766382102,1.5535618970296314,1.545010283574824,1.497713557133696,1.4920283959915903,1.4628843025843536
paired_T_true_residual,2951145736,1500,true,,,oracle,ok,2,4,4,0.7860615883306321,1.5830644461609886,4.917499773769421,3.923315957627373,1.5161796461709327,1.4662797335295508,1.4278950406610968,1.4067017514298679,1.399998360095047,1.3793818581602613
paired_T_true_residual,2951145736,1500,true,,,mp_fixed_k,ok,2,2,4,0.7029698665081965,1.5830644461609886,4.917499773769421,3.923315957627373,1.5161796461709327,1.4662797335295508,1.4278950406610968,1.4067017514298679,1.399998360095047,1.3793818581602613
paired_T_true_residual,2951145736,1500,true,,,full_pipeline,ok,2,2,2,0.32653061224489793,1.5830644461609886,4.917499773769421,3.923315957627373,1.5161796461709327,1.4662797335295508,1.4278950406610968,1.4067017514298679,1.399998360095047,1.3793818581602613
paired_T_true_residual,2951145736,3000,true,,,oracle,ok,3,4,4,0.9472597722581074,1.3984817050034442,4.914591794535021,3.938355622072708,1.4246581219529575,1.3233877300563204,1.293720987216232,1.2724351650274464,1.2671787934227519,1.242245111147032
paired_T_true_residual,2951145736,3000,true,,,mp_fixed_k,ok,3,3,4,0.92264724951374,1.3984817050034442,4.914591794535021,3.938355622072708,1.4246581219529575,1.3233877300563204,1.293720987216232,1.2724351650274464,1.2671787934227519,1.242245111147032
paired_T_true_residual,2951145736,3000,true,,,full_pipeline,ok,3,3,3,0.7079646017699115,1.3984817050034442,4.914591794535021,3.938355622072708,1.4246581219529575,1.3233877300563204,1.293720987216232,1.2724351650274464,1.2671787934227519,1.242245111147032
manual_r_sweep,2951145736,1500,estimated,3,,oracle,ok,4,4,4,0.038946817121363615,1.5830644461609886,18.575013288170403,10.58604823248754,3.481396299373873,2.7516956546613462,1.304427317618266,1.2609733369229115,1.2327392301227111,1.1947969109855978
manual_r_sweep,2951145736,1500,estimated,3,,mp_fixed_k,ok,4,4,4,0.038946817121363615,1.5830644461609886,18.575013288170403,10.58604823248754,3.481396299373873,2.7516956546613462,1.304427317618266,1.2609733369229115,1.2327392301227111,1.1947969109855978
manual_r_sweep,2951145736,1500,estimated,3,,full_pipeline,ok,4,4,4,0.038946817121363615,1.5830644461609886,18.575013288170403,10.58604823248754,3.481396299373873,2.7516956546613462,1.304427317618266,1.2609733369229115,1.2327392301227111,1.1947969109855978
manual_r_sweep,2951145736,1500,estimated,5,,oracle,ok,3,4,4,0.5558237978702295,1.5830644461609886,4.776909651608148,3.8601008315128396,1.5842322875284915,1.5347541132932412,1.492839888149659,1.4737487710490407,1.4601823112427335,1.441801354052354
manual_r_sweep,2951145736,1500,estimated,5,,mp_fixed_k,ok,3,3,4,0.5197415649676956,1.5830644461609886,4.776909651608148,3.8601008315128396,1.5842322875284915,1.5347541132932412,1.492839888149659,1.4737487710490407,1.4601823112427335,1.441801354052354
manual_r_sweep,2951145736,1500,estimated,5,,full_pipeline,ok,3,3,3,0.3859311327099846,1.5830644461609886,4.776909651608148,3.8601008315128396,1.5842322875284915,1.5347541132932412,1.492839888149659,1.4737487710490407,1.4601823112427335,1.441801354052354
manual_r_sweep,2951145736,1500,estimated,7,,oracle,ok,3,4,4,0.006080004285465576,1.5830644461609886,1.688571193190315,1.6209621296377472,1.6164951912094023,1.5820725954875505,1.5605451911902408,1.5469968824525988,1.504925212119166,1.4981937989414071
manual_r_sweep,2951145736,1500,estimated,7,,mp_fixed_k,ok,3,3,4,0.009817818295758046,1.5830644461609886,1.688571193190315,1.6209621296377472,1.6164951912094023,1.5820725954875505,1.5605451911902408,1.5469968824525988,1.504925212119166,1.4981937989414071
manual_r_sweep,2951145736,1500,estimated,7,,full_pipeline,ok,3,3,3,-0.011597541214125966,1.5830644461609886,1.688571193190315,1.6209621296377472,1.6164951912094023,1.5820725954875505,1.5605451911902408,1.5469968824525988,1.504925212119166,1.4981937989414071
baing_jj2_bridge,2951145736,1500,estimated,6,6,oracle,ok,3,4,4,0.18883747831116252,1.5830644461609886,4.150112509215124,1.632777029243148,1.5849059826814373,1.5527218448865594,1.5276317118675322,1.5080824735405804,1.4965608122500949,1.4345345443257402
baing_jj2_bridge,2951145736,1500,estimated,6,6,mp_fixed_k,ok,3,3,4,0.1858660819699781,1.5830644461609886,4.150112509215124,1.632777029243148,1.5849059826814373,1.5527218448865594,1.5276317118675322,1.5080824735405804,1.4965608122500949,1.4345345443257402
baing_jj2_bridge,2951145736,1500,estimated,6,6,full_pipeline,ok,3,3,3,0.11740160543159235,1.5830644461609886,4.150112509215124,1.632777029243148,1.5849059826814373,1.5527218448865594,1.5276317118675322,1.5080824735405804,1.4965608122500949,1.4345345443257402
paired_T_true_residual,3141226789,200,true,,,oracle,ok,2,4,4,0.6643695878859319,2.914213562373095,8.210150911243854,4.602452244249561,2.597977061140728,2.452248596653222,2.3489179847463033,2.283900425216056,2.1552620298824388,2.11779008697843
paired_T_true_residual,3141226789,200,true,,,mp_fixed_k,ok,2,2,4,0.5937390080900458,2.914213562373095,8.210150911243854,4.602452244249561,2.597977061140728,2.452248596653222,2.3489179847463033,2.283900425216056,2.1552620298824388,2.11779008697843
paired_T_true_residual,3141226789,200,true,,,full_pipeline,ok,2,2,2,0.3207310911447464,2.914213562373095,8.210150911243854,4.602452244249561,2.597977061140728,2.452248596653222,2.3489179847463033,2.283900425216056,2.1552620298824388,2.11779008697843
paired_T_true_residual,3141226789,500,true,,,oracle,ok,2,4,4,0.6277776962905378,2.0944271909999155,6.710300620266228,4.6620053692480035,1.9627512077384042,1.8106943842425207,1.751465925500277,1.717415539243433,1.645313694429001,1.6229536364158417
paired_T_true_residual,3141226789,500,true,,,mp_fixed_k,ok,2,2,4,0.6381145685790635,2.0944271909999155,6.710300620266228,4.6620053692480035,1.9627512077384042,1.8106943842425207,1.751465925500277,1.717415539243433,1.645313694429001,1.6229536364158417
paired_T_true_residual,3141226789,500,true,,,full_pipeline,ok,2,2,2,0.32653061224489793,2.0944271909999155,6.710300620266228,4.6620053692480035,1.9627512077384042,1.8106943842425207,1.751465925500277,1.717415539243433,1.645313694429001,1.6229536364158417
paired_T_true_residual,3141226789,1000,true,,,oracle,ok,2,4,4,0.92264724951374,1.732455532033676,6.918410616935394,4.551204359611195,1.66900315277858,1.5759115515999313,1.474308769038531,1.4592685268411543,1.442237643193626,1.4379986821469193
paired_T_true_residual,3141226789,1000,true,,,mp_fixed_k,ok,2,2,4,0.6618784051331705,1.732455532033676,6.918410616935394,4.551204359611195,1.66900315277858,1.5759115515999313,1.474308769038531,1.4592685268411543,1.442237643193626,1.4379986821469193
paired_T_true_residual,3141226789,1000,true,,,full_pipeline,ok,2,2,2,0.32653061224489793,1.732455532033676,6.918410616935394,4.551204359611195,1.66900315277858,1.5759115515999313,1.474308769038531,1.4592685268411543,1.442237643193626,1.4379986821469193
paired_T_true_residual,3141226789,1500,true,,,oracle,ok,2,4,4,0.97305763367046,1.5830644461609886,6.446304665506364,4.586920844864838,1.582796538743119,1.4633024754201172,1.420392048556057,1.3577156447332994,1.3440022567187409,1.3293944404081521
paired_T_true_residual,3141226789,1500,true,,,mp_fixed_k,ok,2,2,4,0.6208347432068615,1.5830644461609886,6.446304665506364,4.586920844864838,1.582796538743119,1.4633024754201172,1.420392048556057,1.3577156447332994,1.3440022567187409,1.3293944404081521
paired_T_true_residual,3141226789,1500,true,,,full_pipeline,ok,2,2,2,0.32653061224489793,1.5830644461609886,6.446304665506364,4.586920844864838,1.582796538743119,1.4633024754201172,1.420392048556057,1.3577156447332994,1.3440022567187409,1.3293944404081521
paired_T_true_residual,3141226789,3000,true,,,oracle,ok,3,4,4,0.9472597722581074,1.3984817050034442,6.979223476420388,4.372548416774368,1.4388835778396705,1.3545511639456551,1.2823723916014442,1.24109550418849,1.2245703812421262,1.2181597535705957
paired_T_true_residual,3141226789,3000,true,,,mp_fixed_k,ok,3,3,4,0.97305763367046,1.3984817050034442,6.979223476420388,4.372548416774368,1.4388835778396705,1.3545511639456551,1.2823723916014442,1.24109550418849,1.2245703812421262,1.2181597535705957
paired_T_true_residual,3141226789,3000,true,,,full_pipeline,ok,3,3,3,0.7079646017699115,1.3984817050034442,6.979223476420388,4.372548416774368,1.4388835778396705,1.3545511639456551,1.2823723916014442,1.24109550418849,1.2245703812421262,1.2181597535705957
manual_r_sweep,3141226789,1500,estimated,3,,oracle,ok,4,4,4,0.18087067822694927,1.5830644461609886,22.983018987576827,8.22390336018778,4.657681746060312,3.171169258919182,1.250870542290122,1.2257982217002432,1.1526531201534678,1.1426884729745455
manual_r_sweep,3141226789,1500,estimated,3,,mp_fixed_k,ok,4,4,4,0.18087067822694927,1.5830644461609886,22.983018987576827,8.22390336018778,4.657681746060312,3.171169258919182,1.250870542290122,1.2257982217002432,1.1526531201534678,1.1426884729745455
manual_r_sweep,3141226789,1500,estimated,3,,full_pipeline,ok,4,4,4,0.18087067822694927,1.5830644461609886,22.983018987576827,8.22390336018778,4.657681746060312,3.171169258919182,1.250870542290122,1.2257982217002432,1.1526531201534678,1.1426884729745455
manual_r_sweep,3141226789,1500,estimated,5,,oracle,ok,3,4,4,0.6227795193312434,1.5830644461609886,6.482169643969986,4.374702199410501,1.6131275075436626,1.5216878993167167,1.4739628994763962,1.406577136783809,1.3865569053049271,1.3713651240614861
manual_r_sweep,3141226789,1500,estimated,5,,mp_fixed_k,ok,3,3,4,0.5683870056053636,1.5830644461609886,6.482169643969986,4.374702199410501,1.6131275075436626,1.5216878993167167,1.4739628994763962,1.406577136783809,1.3865569053049271,1.3713651240614861
manual_r_sweep,3141226789,1500,estimated,5,,full_pipeline,ok,3,3,3,0.6449546493514057,1.5830644461609886,6.482169643969986,4.374702199410501,1.6131275075436626,1.5216878993167167,1.4739628994763962,1.406577136783809,1.3865569053049271,1.3713651240614861
manual_r_sweep,3141226789,1500,estimated,7,,oracle,ok,4,4,4,0.07703321878579611,1.5830644461609886,1.718445839721567,1.6439730472540472,1.5948259563411904,1.5872283959240188,1.543659042040844,1.5196502038244328,1.5057592108502322,1.4961038052466509
manual_r_sweep,3141226789,1500,estimated,7,,mp_fixed_k,ok,4,4,4,0.07703321878579611,1.5830644461609886,1.718445839721567,1.6439730472540472,1.5948259563411904,1.5872283959240188,1.543659042040844,1.5196502038244328,1.5057592108502322,1.4961038052466509
manual_r_sweep,3141226789,1500,estimated,7,,full_pipeline,ok,4,4,4,0.07703321878579611,1.5830644461609886,1.718445839721567,1.6439730472540472,1.5948259563411904,1.5872283959240188,1.543659042040844,1.5196502038244328,1.5057592108502322,1.4961038052466509
baing_jj2_bridge,3141226789,1500,estimated,7,7,oracle,ok,4,4,4,0.07703321878579611,1.5830644461609886,1.718445839721567,1.6439730472540472,1.5948259563411904,1.5872283959240188,1.543659042040844,1.5196502038244328,1.5057592108502322,1.4961038052466509
baing_jj2_bridge,3141226789,1500,estimated,7,7,mp_fixed_k,ok,4,4,4,0.07703321878579611,1.5830644461609886,1.718445839721567,1.6439730472540472,1.5948259563411904,1.5872283959240188,1.543659042040844,1.5196502038244328,1.5057592108502322,1.4961038052466509
baing_jj2_bridge,3141226789,1500,estimated,7,7,full_pipeline,ok,4,4,4,0.07703321878579611,1.5830644461609886,1.718445839721567,1.6439730472540472,1.5948259563411904,1.5872283959240188,1.543659042040844,1.5196502038244328,1.5057592108502322,1.4961038052466509
paired_T_true_residual,827407145,200,true,,,oracle,ok,2,4,4,0.5218982351669189,2.914213562373095,9.750810696226317,4.001506790593746,2.504591999738133,2.4419915867771897,2.3074786032614227,2.211857130283303,2.194398937636306,2.0748100027355973
paired_T_true_residual,827407145,200,true,,,mp_fixed_k,ok,2,2,4,0.5365346471303346,2.914213562373095,9.750810696226317,4.001506790593746,2.504591999738133,2.4419915867771897,2.3074786032614227,2.211857130283303,2.194398937636306,2.0748100027355973
paired_T_true_residual,827407145,200,true,,,full_pipeline,ok,2,2,2,0.32653061224489793,2.914213562373095,9.750810696226317,4.001506790593746,2.504591999738133,2.4419915867771897,2.3074786032614227,2.211857130283303,2.194398937636306,2.0748100027355973
paired_T_true_residual,827407145,500,true,,,oracle,ok,2,4,4,0.8348710787491895,2.0944271909999155,7.27013704669333,3.336727326061692,1.885240169247189,1.8466271060725308,1.7607459884227576,1.7390057081904917,1.7072765557587597,1.6696348525015645
paired_T_true_residual,827407145,500,true,,,mp_fixed_k,ok,2,2,4,0.6602652940011878,2.0944271909999155,7.27013704669333,3.336727326061692,1.885240169247189,1.8466271060725308,1.7607459884227576,1.7390057081904917,1.7072765557587597,1.6696348525015645
paired_T_true_residual,827407145,500,true,,,full_pipeline,ok,2,2,2,0.32653061224489793,2.0944271909999155,7.27013704669333,3.336727326061692,1.885240169247189,1.8466271060725308,1.7607459884227576,1.7390057081904917,1.7072765557587597,1.6696348525015645
paired_T_true_residual,827407145,1000,true,,,oracle,ok,2,4,4,0.8992567029466418,1.732455532033676,7.423025637615009,4.017306278624152,1.6171144427023645,1.5523176197177593,1.5024511163336725,1.484560541644495,1.4551294092785254,1.4480376744295318
paired_T_true_residual,827407145,1000,true,,,mp_fixed_k,ok,2,2,4,0.7860615883306321,1.732455532033676,7.423025637615009,4.017306278624152,1.6171144427023645,1.5523176197177593,1.5024511163336725,1.484560541644495,1.4551294092785254,1.4480376744295318
paired_T_true_residual,827407145,1000,true,,,full_pipeline,ok,2,2,2,0.32653061224489793,1.732455532033676,7.423025637615009,4.017306278624152,1.6171144427023645,1.5523176197177593,1.5024511163336725,1.484560541644495,1.4551294092785254,1.4480376744295318
paired_T_true_residual,827407145,1500,true,,,oracle,ok,2,4,4,1.0,1.5830644461609886,7.0389468510370055,4.669956607329409,1.5117627453534348,1.4944113716272998,1.3864362328764235,1.3776685867251286,1.3551539243480046,1.3433183943202065
paired_T_true_residual,827407145,1500,true,,,mp_fixed_k,ok,2,2,4,0.759031514219831,1.5830644461609886,7.0389468510370055,4.669956607329409,1.5117627453534348,1.4944113716272998,1.3864362328764235,1.3776685867251286,1.3551539243480046,1.3433183943202065
paired_T_true_residual,827407145,1500,true,,,full_pipeline,ok,2,2,2,0.32653061224489793,1.5830644461609886,7.0389468510370055,4.669956607329409,1.5117627453534348,1.4944113716272998,1.3864362328764235,1.3776685867251286,1.3551539243480046,1.3433183943202065
paired_T_true_residual,827407145,3000,true,,,oracle,ok,3,4,4,1.0,1.3984817050034442,6.17045622563754,4.6246056341834825,1.4146244301361017,1.3464909494934836,1.277107149720592,1.249753837753255,1.2313600596273264,1.2263816976464932
paired_T_true_residual,827407145,3000,true,,,mp_fixed_k,ok,3,3,4,1.0,1.3984817050034442,6.17045622563754,4.6246056341834825,1.4146244301361017,1.3464909494934836,1.277107149720592,1.249753837753255,1.2313600596273264,1.2263816976464932
paired_T_true_residual,827407145,3000,true,,,full_pipeline,ok,3,3,3,0.7079646017699115,1.3984817050034442,6.17045622563754,4.6246056341834825,1.4146244301361017,1.3464909494934836,1.277107149720592,1.249753837753255,1.2313600596273264,1.2263816976464932
manual_r_sweep,827407145,1500,estimated,3,,oracle,ok,4,4,4,0.18083755298619472,1.5830644461609886,19.569334029447962,9.184852815339223,5.59110851387862,3.3906856416616686,1.2285600416109734,1.203464868312134,1.1418023287267727,1.0993221065356378
manual_r_sweep,827407145,1500,estimated,3,,mp_fixed_k,ok,4,4,4,0.18083755298619472,1.5830644461609886,19.569334029447962,9.184852815339223,5.59110851387862,3.3906856416616686,1.2285600416109734,1.203464868312134,1.1418023287267727,1.0993221065356378
manual_r_sweep,827407145,1500,estimated,3,,full_pipeline,ok,4,4,4,0.18083755298619472,1.5830644461609886,19.569334029447962,9.184852815339223,5.59110851387862,3.3906856416616686,1.2285600416109734,1.203464868312134,1.1418023287267727,1.0993221065356378
manual_r_sweep,827407145,1500,estimated,5,,oracle,ok,2,4,4,0.7367737423190288,1.5830644461609886,7.2138008263806785,4.533907159442903,1.5478358994733878,1.5144633265660907,1.4477279837033623,1.4263985031901183,1.4111865090944222,1.3890246597028404
manual_r_sweep,827407145,1500,estimated,5,,mp_fixed_k,ok,2,2,4,0.6136729712226632,1.5830644461609886,7.2138008263806785,4.533907159442903,1.5478358994733878,1.5144633265660907,1.4477279837033623,1.4263985031901183,1.4111865090944222,1.3890246597028404
manual_r_sweep,827407145,1500,estimated,5,,full_pipeline,ok,2,2,2,0.32653061224489793,1.5830644461609886,7.2138008263806785,4.533907159442903,1.5478358994733878,1.5144633265660907,1.4477279837033623,1.4263985031901183,1.4111865090944222,1.3890246597028404
manual_r_sweep,827407145,1500,estimated,7,,oracle,ok,4,4,4,0.08137044967880086,1.5830644461609886,1.6648792938148718,1.6439721530107745,1.5952664612758023,1.5835518967936424,1.5734656765983301,1.555547648475158,1.5344345220898872,1.5278349598943313
manual_r_sweep,827407145,1500,estimated,7,,mp_fixed_k,ok,4,4,4,0.08137044967880086,1.5830644461609886,1.6648792938148718,1.6439721530107745,1.5952664612758023,1.5835518967936424,1.5734656765983301,1.555547648475158,1.5344345220898872,1.5278349598943313
manual_r_sweep,827407145,1500,estimated,7,,full_pipeline,ok,4,4,4,0.08137044967880086,1.5830644461609886,1.6648792938148718,1.6439721530107745,1.5952664612758023,1.5835518967936424,1.5734656765983301,1.555547648475158,1.5344345220898872,1.5278349598943313
baing_jj2_bridge,827407145,1500,estimated,7,7,oracle,ok,4,4,4,0.08137044967880086,1.5830644461609886,1.6648792938148718,1.6439721530107745,1.5952664612758023,1.5835518967936424,1.5734656765983301,1.555547648475158,1.5344345220898872,1.5278349598943313
baing_jj2_bridge,827407145,1500,estimated,7,7,mp_fixed_k,ok,4,4,4,0.08137044967880086,1.5830644461609886,1.6648792938148718,1.6439721530107745,1.5952664612758023,1.5835518967936424,1.5734656765983301,1.555547648475158,1.5344345220898872,1.5278349598943313
baing_jj2_bridge,827407145,1500,estimated,7,7,full_pipeline,ok,4,4,4,0.08137044967880086,1.5830644461609886,1.6648792938148718,1.6439721530107745,1.5952664612758023,1.5835518967936424,1.5734656765983301,1.555547648475158,1.5344345220898872,1.5278349598943313
