r_used,branch,n_replications_planned_in_files,failure_rate_n,failure_rate_mean,failure_rate_sd,failure_rate_mcse,failure_rate_ci95_low,failure_rate_ci95_high,success_coverage_n,success_coverage_mean,success_coverage_sd,success_coverage_mcse,success_coverage_ci95_low,success_coverage_ci95_high,MSPE_complete_n,MSPE_complete_mean,MSPE_complete_sd,MSPE_complete_mcse,MSPE_complete_ci95_low,MSPE_complete_ci95_high,MSPE_conditional_n,MSPE_conditional_mean,MSPE_conditional_sd,MSPE_conditional_mcse,MSPE_conditional_ci95_low,MSPE_conditional_ci95_high,ARI_coverage_n,ARI_coverage_mean,ARI_coverage_sd,ARI_coverage_mcse,ARI_coverage_ci95_low,ARI_coverage_ci95_high,mean_ARI_conditional_n,mean_ARI_conditional_mean,mean_ARI_conditional_sd,mean_ARI_conditional_mcse,mean_ARI_conditional_ci95_low,mean_ARI_conditional_ci95_high,mean_d_hat_n,mean_d_hat_mean,mean_d_hat_sd,mean_d_hat_mcse,mean_d_hat_ci95_low,mean_d_hat_ci95_high,Pr_d_hat_equals_K_true_within_n,Pr_d_hat_equals_K_true_within_mean,Pr_d_hat_equals_K_true_within_sd,Pr_d_hat_equals_K_true_within_mcse,Pr_d_hat_equals_K_true_within_ci95_low,Pr_d_hat_equals_K_true_within_ci95_high,actual_spectral_radius_n,actual_spectral_radius_mean,actual_spectral_radius_sd,actual_spectral_radius_mcse,actual_spectral_radius_ci95_low,actual_spectral_radius_ci95_high
1,primary_fixed_K,20,20,0.0,0.0,0.0,0.0,0.0,20,1.0,0.0,0.0,1.0,1.0,20,2.145890282698948,0.03514792344526466,0.00785931460915704,2.12944054817082,2.1623400172270757,20,2.145890282698948,0.03514792344526466,0.00785931460915704,2.12944054817082,2.1623400172270757,20,1.0,0.0,0.0,1.0,1.0,20,0.010865938454717474,0.014141417840916819,0.003162117159051831,0.0042475511779648725,0.017484325731470074,20,5.474248496993988,0.49931295283301086,0.11164977045807584,5.240562841756074,5.7079341522319025,20,0.05440881763527054,0.14969999182352317,0.03347393579485605,-0.01565293517908095,0.12447057044962204,20,0.9129335703075142,0.01761366913176346,0.00393853615118128,0.9046901194039353,0.9211770212110931
1,robustness_K_equals_d_hat,20,20,0.0,0.0,0.0,0.0,0.0,20,1.0,0.0,0.0,1.0,1.0,20,2.16440130206465,0.03932514211835168,0.008793369100147445,2.145996569018751,2.182806035110549,20,2.16440130206465,0.03932514211835168,0.008793369100147445,2.145996569018751,2.182806035110549,20,1.0,0.0,0.0,1.0,1.0,20,0.007981194072961832,0.013228921741385971,0.0029580768282763924,0.0017898681165916417,0.01417252002933202,20,5.474248496993988,0.49931295283301086,0.11164977045807584,5.240562841756074,5.7079341522319025,20,0.05440881763527054,0.14969999182352317,0.03347393579485605,-0.01565293517908095,0.12447057044962204,20,0.9129335703075142,0.01761366913176346,0.00393853615118128,0.9046901194039353,0.9211770212110931
2,primary_fixed_K,20,20,0.0,0.0,0.0,0.0,0.0,20,1.0,0.0,0.0,1.0,1.0,20,2.0700619591398315,0.0380222882935224,0.008502042128441056,2.0522669804534117,2.0878569378262513,20,2.0700619591398315,0.0380222882935224,0.008502042128441056,2.0522669804534117,2.0878569378262513,20,1.0,0.0,0.0,1.0,1.0,20,0.026509026155082927,0.022109543380315642,0.004943844194986626,0.016161441333729265,0.03685661097643659,20,4.975450901803607,0.060798046045490335,0.013594856385687866,4.946996540372137,5.003905263235078,20,0.024549098196392782,0.06079804604549027,0.013594856385687852,-0.0039052632350776717,0.053003459627863236,20,0.9129335703075142,0.01761366913176346,0.00393853615118128,0.9046901194039353,0.9211770212110931
2,robustness_K_equals_d_hat,20,20,0.0,0.0,0.0,0.0,0.0,20,1.0,0.0,0.0,1.0,1.0,20,2.0765290555426352,0.039888592777802795,0.00891936049779742,2.0578606194708065,2.095197491614464,20,2.0765290555426352,0.039888592777802795,0.00891936049779742,2.0578606194708065,2.095197491614464,20,1.0,0.0,0.0,1.0,1.0,20,0.016072144963069936,0.015452001404007163,0.0034551725527782206,0.008840385697973917,0.023303904228165955,20,4.975450901803607,0.060798046045490335,0.013594856385687866,4.946996540372137,5.003905263235078,20,0.024549098196392782,0.06079804604549027,0.013594856385687852,-0.0039052632350776717,0.053003459627863236,20,0.9129335703075142,0.01761366913176346,0.00393853615118128,0.9046901194039353,0.9211770212110931
3,primary_fixed_K,20,20,0.0,0.0,0.0,0.0,0.0,20,1.0,0.0,0.0,1.0,1.0,20,2.0054084671990138,0.033357971840813606,0.007459069262758302,1.9897964558085632,2.021020478589464,20,2.0054084671990138,0.033357971840813606,0.007459069262758302,1.9897964558085632,2.021020478589464,20,1.0,0.0,0.0,1.0,1.0,20,0.07215028046819419,0.04825243953471266,0.010789573487981582,0.049567443621043074,0.09473311731534531,20,4.0,0.0,0.0,4.0,4.0,20,1.0,0.0,0.0,1.0,1.0,20,0.9129335703075142,0.01761366913176346,0.00393853615118128,0.9046901194039353,0.9211770212110931
3,robustness_K_equals_d_hat,20,20,0.0,0.0,0.0,0.0,0.0,20,1.0,0.0,0.0,1.0,1.0,20,2.0054084671990138,0.033357971840813606,0.007459069262758302,1.9897964558085632,2.021020478589464,20,2.0054084671990138,0.033357971840813606,0.007459069262758302,1.9897964558085632,2.021020478589464,20,1.0,0.0,0.0,1.0,1.0,20,0.07215028046819419,0.04825243953471266,0.010789573487981582,0.049567443621043074,0.09473311731534531,20,4.0,0.0,0.0,4.0,4.0,20,1.0,0.0,0.0,1.0,1.0,20,0.9129335703075142,0.01761366913176346,0.00393853615118128,0.9046901194039353,0.9211770212110931
4,primary_fixed_K,20,20,0.0,0.0,0.0,0.0,0.0,20,1.0,0.0,0.0,1.0,1.0,20,1.9260442348416518,0.030231215982490334,0.006759905397932648,1.9118955902382544,1.9401928794450491,20,1.9260442348416518,0.030231215982490334,0.006759905397932648,1.9118955902382544,1.9401928794450491,20,1.0,0.0,0.0,1.0,1.0,20,0.2373688327265251,0.10271254277365227,0.022967222778374125,0.18929788298843467,0.28543978246461554,20,3.0,0.0,0.0,3.0,3.0,20,0.0,0.0,0.0,0.0,0.0,20,0.9129335703075142,0.01761366913176346,0.00393853615118128,0.9046901194039353,0.9211770212110931
4,robustness_K_equals_d_hat,20,20,0.0,0.0,0.0,0.0,0.0,20,1.0,0.0,0.0,1.0,1.0,20,1.930112940434412,0.03053377688262876,0.006827560071936952,1.9158226929709306,1.9444031878978933,20,1.930112940434412,0.03053377688262876,0.006827560071936952,1.9158226929709306,1.9444031878978933,20,1.0,0.0,0.0,1.0,1.0,20,0.211850514364838,0.12103227843459102,0.027063640205142736,0.1552056644156237,0.26849536431405235,20,3.0,0.0,0.0,3.0,3.0,20,0.0,0.0,0.0,0.0,0.0,20,0.9129335703075142,0.01761366913176346,0.00393853615118128,0.9046901194039353,0.9211770212110931
5,primary_fixed_K,20,20,0.0,0.0,0.0,0.0,0.0,20,1.0,0.0,0.0,1.0,1.0,20,1.901097095951362,0.02678672001178982,0.0059896926840616,1.8885605250851079,1.9136336668176162,20,1.901097095951362,0.02678672001178982,0.0059896926840616,1.8885605250851079,1.9136336668176162,20,1.0,0.0,0.0,1.0,1.0,20,0.6398981948421978,0.049240798819352186,0.011010577342646287,0.6168527916111165,0.6629435980732791,20,2.0511022044088176,0.13305561620769174,0.02975214026285215,1.9888302591685394,2.1133741496490956,20,0.0,0.0,0.0,0.0,0.0,20,0.9129335703075142,0.01761366913176346,0.00393853615118128,0.9046901194039353,0.9211770212110931
5,robustness_K_equals_d_hat,20,20,0.0,0.0,0.0,0.0,0.0,20,1.0,0.0,0.0,1.0,1.0,20,1.9260154252665287,0.025304916729617866,0.005658351397239721,1.9141723596838114,1.937858490849246,20,1.9260154252665287,0.025304916729617866,0.005658351397239721,1.9141723596838114,1.937858490849246,20,1.0,0.0,0.0,1.0,1.0,20,0.332302245741972,0.03818641934188074,0.008538742946575811,0.3144304513603799,0.35017404012356407,20,2.0511022044088176,0.13305561620769174,0.02975214026285215,1.9888302591685394,2.1133741496490956,20,0.0,0.0,0.0,0.0,0.0,20,0.9129335703075142,0.01761366913176346,0.00393853615118128,0.9046901194039353,0.9211770212110931
6,primary_fixed_K,20,20,0.0,0.0,0.0,0.0,0.0,20,1.0,0.0,0.0,1.0,1.0,20,1.9216970380632485,0.027132176035737136,0.0060669389993399,1.9089987888010025,1.9343952873254946,20,1.9216970380632485,0.027132176035737136,0.0060669389993399,1.9089987888010025,1.9343952873254946,20,1.0,0.0,0.0,1.0,1.0,20,0.2925031988068931,0.05261435892647087,0.011764928315216172,0.2678789208447568,0.31712747676902947,20,1.7351703406813628,0.41144874845332685,0.09200273707988503,1.5426063989017644,1.9277342824609611,20,0.0,0.0,0.0,0.0,0.0,20,0.9129335703075142,0.01761366913176346,0.00393853615118128,0.9046901194039353,0.9211770212110931
6,robustness_K_equals_d_hat,20,20,0.0,0.0,0.0,0.0,0.0,20,1.0,0.0,0.0,1.0,1.0,20,1.952147035132284,0.02889090015027292,0.006460201666716913,1.9386256776475173,1.9656683926170508,20,1.952147035132284,0.02889090015027292,0.006460201666716913,1.9386256776475173,1.9656683926170508,20,1.0,0.0,0.0,1.0,1.0,20,0.17697577376252718,0.09880288963875548,0.02209299776056669,0.13073459801567322,0.22321694950938115,20,1.7351703406813628,0.41144874845332685,0.09200273707988503,1.5426063989017644,1.9277342824609611,20,0.0,0.0,0.0,0.0,0.0,20,0.9129335703075142,0.01761366913176346,0.00393853615118128,0.9046901194039353,0.9211770212110931
7,primary_fixed_K,20,20,0.0,0.0,0.0,0.0,0.0,20,1.0,0.0,0.0,1.0,1.0,20,1.9045243724461014,0.02531995409076566,0.005661713853412589,1.8926742691617324,1.9163744757304704,20,1.9045243724461014,0.02531995409076566,0.005661713853412589,1.8926742691617324,1.9163744757304704,20,1.0,0.0,0.0,1.0,1.0,20,0.02472318996262682,0.01970336024247796,0.004405805288734746,0.015501733514265856,0.03394464641098779,20,2.2839679358717433,0.3017795699270418,0.06747996325775167,2.1427307495826833,2.4252051221608033,20,0.007214428857715431,0.021460080028772754,0.004798619774692152,-0.0028291977586744023,0.017258055474105263,20,0.9129335703075142,0.01761366913176346,0.00393853615118128,0.9046901194039353,0.9211770212110931
7,robustness_K_equals_d_hat,20,20,0.0,0.0,0.0,0.0,0.0,20,1.0,0.0,0.0,1.0,1.0,20,1.9218578212607091,0.02615857564862922,0.005849235334490559,1.9096152310057257,1.9341004115156926,20,1.9218578212607091,0.02615857564862922,0.005849235334490559,1.9096152310057257,1.9341004115156926,20,1.0,0.0,0.0,1.0,1.0,20,0.01823413833669541,0.01797522411584972,0.0040193823033833525,0.009821474491851164,0.02664680218153966,20,2.2839679358717433,0.3017795699270418,0.06747996325775167,2.1427307495826833,2.4252051221608033,20,0.007214428857715431,0.021460080028772754,0.004798619774692152,-0.0028291977586744023,0.017258055474105263,20,0.9129335703075142,0.01761366913176346,0.00393853615118128,0.9046901194039353,0.9211770212110931
8,primary_fixed_K,20,20,0.0,0.0,0.0,0.0,0.0,20,1.0,0.0,0.0,1.0,1.0,20,1.9056307345691565,0.02525849360568131,0.005647970871154717,1.8938093956772326,1.9174520734610805,20,1.9056307345691565,0.02525849360568131,0.005647970871154717,1.8938093956772326,1.9174520734610805,20,1.0,0.0,0.0,1.0,1.0,20,0.011487922290407107,0.009873050804449092,0.002207681274405715,0.006867192278609257,0.016108652302204957,20,2.332364729458918,0.27584542871804046,0.06168091298961111,2.2032650948737986,2.461464364044037,20,0.006513026052104208,0.01916533003957299,0.004285498077970394,-0.002456624510208203,0.015482676614416619,20,0.9129335703075142,0.01761366913176346,0.00393853615118128,0.9046901194039353,0.9211770212110931
8,robustness_K_equals_d_hat,20,20,0.0,0.0,0.0,0.0,0.0,20,1.0,0.0,0.0,1.0,1.0,20,1.9237020302601824,0.025536855123380647,0.00571021439874429,1.9117504141677821,1.9356536463525826,20,1.9237020302601824,0.025536855123380647,0.00571021439874429,1.9117504141677821,1.9356536463525826,20,1.0,0.0,0.0,1.0,1.0,20,0.008712974292720459,0.007845105240654345,0.0017542188608742962,0.0050413520202138955,0.012384596565227023,20,2.332364729458918,0.27584542871804046,0.06168091298961111,2.2032650948737986,2.461464364044037,20,0.006513026052104208,0.01916533003957299,0.004285498077970394,-0.002456624510208203,0.015482676614416619,20,0.9129335703075142,0.01761366913176346,0.00393853615118128,0.9046901194039353,0.9211770212110931
9,primary_fixed_K,20,20,0.0,0.0,0.0,0.0,0.0,20,1.0,0.0,0.0,1.0,1.0,20,1.9067957400314408,0.02509273801872816,0.005610906795146956,1.8950519771421555,1.9185395029207262,20,1.9067957400314408,0.02509273801872816,0.005610906795146956,1.8950519771421555,1.9185395029207262,20,1.0,0.0,0.0,1.0,1.0,20,0.007115507380728102,0.00888469851026737,0.001986678982854895,0.002957340481225465,0.011273674280230739,20,2.3916833667334667,0.3255669773097225,0.0727989892493671,2.2393133310979327,2.5440534023690007,20,0.02895791583166333,0.06315336859410638,0.014121522518452218,-0.0005987704843251167,0.05851460214765178,20,0.9129335703075142,0.01761366913176346,0.00393853615118128,0.9046901194039353,0.9211770212110931
9,robustness_K_equals_d_hat,20,20,0.0,0.0,0.0,0.0,0.0,20,1.0,0.0,0.0,1.0,1.0,20,1.9238923667531356,0.02707586273950871,0.006054346963499516,1.9112204729247975,1.9365642605814737,20,1.9238923667531356,0.02707586273950871,0.006054346963499516,1.9112204729247975,1.9365642605814737,20,1.0,0.0,0.0,1.0,1.0,20,0.0057779969634896,0.006812585403278853,0.0015233404064254334,0.002589608849789108,0.008966385077190091,20,2.3916833667334667,0.3255669773097225,0.0727989892493671,2.2393133310979327,2.5440534023690007,20,0.02895791583166333,0.06315336859410638,0.014121522518452218,-0.0005987704843251167,0.05851460214765178,20,0.9129335703075142,0.01761366913176346,0.00393853615118128,0.9046901194039353,0.9211770212110931
