run_id,replication,structural_seed,r_used,branch,n_origins_total,n_origins_successful,n_origins_failed,failure_rate,success_coverage,MSPE_complete_numerator,MSPE_complete_denominator,MSPE_complete,MSPE_conditional_numerator,MSPE_conditional_denominator,MSPE_conditional,ARI_coverage,mean_ARI_conditional,mean_d_hat,sd_d_hat_within,Pr_d_hat_equals_K_true_within,actual_spectral_radius
formal_preferred_20260816,1,162215,1,primary_fixed_K,499,499,0,0.0,1.0,106099.00094694825,49900.0,2.1262324839067785,106099.00094694825,49900.0,2.1262324839067785,1.0,0.010333588528814407,5.597194388777555,0.49095446779346424,0.0,0.920657990182796
formal_preferred_20260816,1,162215,1,robustness_K_equals_d_hat,499,499,0,0.0,1.0,106527.5383380754,49900.0,2.1348204075766612,106527.5383380754,49900.0,2.1348204075766612,1.0,0.014035774760591375,5.597194388777555,0.49095446779346424,0.0,0.920657990182796
formal_preferred_20260816,1,162215,2,primary_fixed_K,499,499,0,0.0,1.0,103012.05112408067,49900.0,2.0643697620056245,103012.05112408067,49900.0,2.0643697620056245,1.0,0.03594001388840426,5.0,0.0,0.0,0.920657990182796
formal_preferred_20260816,1,162215,2,robustness_K_equals_d_hat,499,499,0,0.0,1.0,103374.0931580372,49900.0,2.071625113387519,103374.0931580372,49900.0,2.071625113387519,1.0,0.03221007858642311,5.0,0.0,0.0,0.920657990182796
formal_preferred_20260816,1,162215,3,primary_fixed_K,499,499,0,0.0,1.0,99891.55874048927,49900.0,2.001834844498783,99891.55874048927,49900.0,2.001834844498783,1.0,0.03520949817415649,4.0,0.0,1.0,0.920657990182796
formal_preferred_20260816,1,162215,3,robustness_K_equals_d_hat,499,499,0,0.0,1.0,99891.55874048927,49900.0,2.001834844498783,99891.55874048927,49900.0,2.001834844498783,1.0,0.03520949817415649,4.0,0.0,1.0,0.920657990182796
formal_preferred_20260816,1,162215,4,primary_fixed_K,499,499,0,0.0,1.0,96157.04921493566,49900.0,1.9269949742472077,96157.04921493566,49900.0,1.9269949742472077,1.0,0.1993502634988582,3.0,0.0,0.0,0.920657990182796
formal_preferred_20260816,1,162215,4,robustness_K_equals_d_hat,499,499,0,0.0,1.0,96032.38145881744,49900.0,1.9244966224211912,96032.38145881744,49900.0,1.9244966224211912,1.0,0.14017586021101064,3.0,0.0,0.0,0.920657990182796
formal_preferred_20260816,1,162215,5,primary_fixed_K,499,499,0,0.0,1.0,93780.32985159772,49900.0,1.879365327687329,93780.32985159772,49900.0,1.879365327687329,1.0,0.7534295103361849,2.0,0.0,0.0,0.920657990182796
formal_preferred_20260816,1,162215,5,robustness_K_equals_d_hat,499,499,0,0.0,1.0,95281.46830947208,49900.0,1.9094482627148714,95281.46830947208,49900.0,1.9094482627148714,1.0,0.3259146310458838,2.0,0.0,0.0,0.920657990182796
formal_preferred_20260816,1,162215,6,primary_fixed_K,499,499,0,0.0,1.0,96418.77379081666,49900.0,1.9322399557277887,96418.77379081666,49900.0,1.9322399557277887,1.0,0.39030915943001304,1.3306613226452906,0.47937560158673376,0.0,0.920657990182796
formal_preferred_20260816,1,162215,6,robustness_K_equals_d_hat,499,499,0,0.0,1.0,98723.99006002436,49900.0,1.9784366745495863,98723.99006002436,49900.0,1.9784366745495863,1.0,0.13010560234533602,1.3306613226452906,0.47937560158673376,0.0,0.920657990182796
formal_preferred_20260816,1,162215,7,primary_fixed_K,499,499,0,0.0,1.0,94494.65025705064,49900.0,1.8936803658727583,94494.65025705064,49900.0,1.8936803658727583,1.0,0.004521742933520628,2.2404809619238475,0.4416614409840268,0.0,0.920657990182796
formal_preferred_20260816,1,162215,7,robustness_K_equals_d_hat,499,499,0,0.0,1.0,95228.6527892712,49900.0,1.9083898354563367,95228.6527892712,49900.0,1.9083898354563367,1.0,0.002894527895969447,2.2404809619238475,0.4416614409840268,0.0,0.920657990182796
formal_preferred_20260816,1,162215,8,primary_fixed_K,499,499,0,0.0,1.0,94419.10259019522,49900.0,1.8921663845730505,94419.10259019522,49900.0,1.8921663845730505,1.0,0.009437811995198395,2.2865731462925853,0.5030430292903305,0.0,0.920657990182796
formal_preferred_20260816,1,162215,8,robustness_K_equals_d_hat,499,499,0,0.0,1.0,95184.85820600094,49900.0,1.9075121884970128,95184.85820600094,49900.0,1.9075121884970128,1.0,0.004619670465715554,2.2865731462925853,0.5030430292903305,0.0,0.920657990182796
formal_preferred_20260816,1,162215,9,primary_fixed_K,499,499,0,0.0,1.0,94569.56074120098,49900.0,1.8951815779799797,94569.56074120098,49900.0,1.8951815779799797,1.0,0.0020990991463081775,2.4629258517034067,0.5704647021671899,0.0,0.920657990182796
formal_preferred_20260816,1,162215,9,robustness_K_equals_d_hat,499,499,0,0.0,1.0,95162.71651592055,49900.0,1.9070684672529168,95162.71651592055,49900.0,1.9070684672529168,1.0,0.0021261203687834565,2.4629258517034067,0.5704647021671899,0.0,0.920657990182796
formal_preferred_20260816,2,2951145736,1,primary_fixed_K,499,499,0,0.0,1.0,108823.68414895391,49900.0,2.180835353686451,108823.68414895391,49900.0,2.180835353686451,1.0,0.015899869815331986,5.597194388777555,0.49095446779346286,0.0,0.900000000000002
formal_preferred_20260816,2,2951145736,1,robustness_K_equals_d_hat,499,499,0,0.0,1.0,109302.48524274182,49900.0,2.19043056598681,109302.48524274182,49900.0,2.19043056598681,1.0,0.0051620484826614054,5.597194388777555,0.49095446779346286,0.0,0.900000000000002
formal_preferred_20260816,2,2951145736,2,primary_fixed_K,499,499,0,0.0,1.0,105157.89226023012,49900.0,2.1073725903853733,105157.89226023012,49900.0,2.1073725903853733,1.0,0.020677026503206755,5.0,0.0,0.0,0.900000000000002
formal_preferred_20260816,2,2951145736,2,robustness_K_equals_d_hat,499,499,0,0.0,1.0,105414.67447043626,49900.0,2.1125185264616486,105414.67447043626,49900.0,2.1125185264616486,1.0,0.018527046384515408,5.0,0.0,0.0,0.900000000000002
formal_preferred_20260816,2,2951145736,3,primary_fixed_K,499,499,0,0.0,1.0,101932.86724002809,49900.0,2.042742830461485,101932.86724002809,49900.0,2.042742830461485,1.0,0.08767261000879868,4.0,0.0,1.0,0.900000000000002
formal_preferred_20260816,2,2951145736,3,robustness_K_equals_d_hat,499,499,0,0.0,1.0,101932.86724002809,49900.0,2.042742830461485,101932.86724002809,49900.0,2.042742830461485,1.0,0.08767261000879868,4.0,0.0,1.0,0.900000000000002
formal_preferred_20260816,2,2951145736,4,primary_fixed_K,499,499,0,0.0,1.0,99502.97583765213,49900.0,1.9940476119769968,99502.97583765213,49900.0,1.9940476119769968,1.0,0.028691559214238695,3.0,0.0,0.0,0.900000000000002
formal_preferred_20260816,2,2951145736,4,robustness_K_equals_d_hat,499,499,0,0.0,1.0,99619.2466313401,49900.0,1.9963776880028075,99619.2466313401,49900.0,1.9963776880028075,1.0,0.047106728022007965,3.0,0.0,0.0,0.900000000000002
formal_preferred_20260816,2,2951145736,5,primary_fixed_K,499,499,0,0.0,1.0,97756.3831889533,49900.0,1.9590457552896454,97756.3831889533,49900.0,1.9590457552896454,1.0,0.5917606400207018,2.0340681362725452,0.18158628163339666,0.0,0.900000000000002
formal_preferred_20260816,2,2951145736,5,robustness_K_equals_d_hat,499,499,0,0.0,1.0,98976.24721241891,49900.0,1.9834919281045873,98976.24721241891,49900.0,1.9834919281045873,1.0,0.3239787936944773,2.0340681362725452,0.18158628163339666,0.0,0.900000000000002
formal_preferred_20260816,2,2951145736,6,primary_fixed_K,499,499,0,0.0,1.0,99239.7388972114,49900.0,1.9887723225894067,99239.7388972114,49900.0,1.9887723225894067,1.0,0.23143916096483905,1.8076152304609219,0.4379833809821606,0.0,0.900000000000002
formal_preferred_20260816,2,2951145736,6,robustness_K_equals_d_hat,499,499,0,0.0,1.0,100746.30550149956,49900.0,2.0189640381062035,100746.30550149956,49900.0,2.0189640381062035,1.0,0.14339888974407228,1.8076152304609219,0.4379833809821606,0.0,0.900000000000002
formal_preferred_20260816,2,2951145736,7,primary_fixed_K,499,499,0,0.0,1.0,97813.12926936764,49900.0,1.9601829512899327,97813.12926936764,49900.0,1.9601829512899327,1.0,0.025628197350292387,2.270541082164329,0.44468515532350794,0.0,0.900000000000002
formal_preferred_20260816,2,2951145736,7,robustness_K_equals_d_hat,499,499,0,0.0,1.0,98778.17902462136,49900.0,1.9795226257439151,98778.17902462136,49900.0,1.9795226257439151,1.0,0.021532597412550442,2.270541082164329,0.44468515532350794,0.0,0.900000000000002
formal_preferred_20260816,2,2951145736,8,primary_fixed_K,499,499,0,0.0,1.0,97973.04264623954,49900.0,1.963387628181153,97973.04264623954,49900.0,1.963387628181153,1.0,0.02257528785104204,2.2985971943887775,0.4624646258827975,0.0,0.900000000000002
formal_preferred_20260816,2,2951145736,8,robustness_K_equals_d_hat,499,499,0,0.0,1.0,98715.4181159102,49900.0,1.9782648921024089,98715.4181159102,49900.0,1.9782648921024089,1.0,0.018566838407320818,2.2985971943887775,0.4624646258827975,0.0,0.900000000000002
formal_preferred_20260816,2,2951145736,9,primary_fixed_K,499,499,0,0.0,1.0,97772.73000777874,49900.0,1.9593733468492733,97772.73000777874,49900.0,1.9593733468492733,1.0,0.004433273386299927,2.4248496993987976,0.4948162283659724,0.0,0.900000000000002
formal_preferred_20260816,2,2951145736,9,robustness_K_equals_d_hat,499,499,0,0.0,1.0,98853.72815538186,49900.0,1.981036636380398,98853.72815538186,49900.0,1.981036636380398,1.0,0.002253845987522072,2.4248496993987976,0.4948162283659724,0.0,0.900000000000002
formal_preferred_20260816,3,3141226789,1,primary_fixed_K,499,499,0,0.0,1.0,110300.74427974602,49900.0,2.210435757109139,110300.74427974602,49900.0,2.210435757109139,1.0,-0.003854397725303511,5.152304609218437,0.3596764769498823,0.0,0.9373965708257448
formal_preferred_20260816,3,3141226789,1,robustness_K_equals_d_hat,499,499,0,0.0,1.0,111051.5750467159,49900.0,2.22548246586605,111051.5750467159,49900.0,2.22548246586605,1.0,-0.004344608726739112,5.152304609218437,0.3596764769498823,0.0,0.9373965708257448
formal_preferred_20260816,3,3141226789,2,primary_fixed_K,499,499,0,0.0,1.0,106417.67873483096,49900.0,2.1326188123212617,106417.67873483096,49900.0,2.1326188123212617,1.0,0.013745751582480146,5.0,0.0,0.0,0.9373965708257448
formal_preferred_20260816,3,3141226789,2,robustness_K_equals_d_hat,499,499,0,0.0,1.0,106837.33009277633,49900.0,2.1410286591738745,106837.33009277633,49900.0,2.1410286591738745,1.0,0.014460399445428204,5.0,0.0,0.0,0.9373965708257448
formal_preferred_20260816,3,3141226789,3,primary_fixed_K,499,499,0,0.0,1.0,101876.60166225985,49900.0,2.0416152637727425,101876.60166225985,49900.0,2.0416152637727425,1.0,0.07053290048889795,4.0,0.0,1.0,0.9373965708257448
formal_preferred_20260816,3,3141226789,3,robustness_K_equals_d_hat,499,499,0,0.0,1.0,101876.60166225985,49900.0,2.0416152637727425,101876.60166225985,49900.0,2.0416152637727425,1.0,0.07053290048889795,4.0,0.0,1.0,0.9373965708257448
formal_preferred_20260816,3,3141226789,4,primary_fixed_K,499,499,0,0.0,1.0,96574.03101881832,49900.0,1.9353513230224113,96574.03101881832,49900.0,1.9353513230224113,1.0,0.3456407561950956,3.0,0.0,0.0,0.9373965708257448
formal_preferred_20260816,3,3141226789,4,robustness_K_equals_d_hat,499,499,0,0.0,1.0,96597.70043657612,49900.0,1.9358256600516257,96597.70043657612,49900.0,1.9358256600516257,1.0,0.3247478623434534,3.0,0.0,0.0,0.9373965708257448
formal_preferred_20260816,3,3141226789,5,primary_fixed_K,499,499,0,0.0,1.0,96303.05811849117,49900.0,1.9299210043785806,96303.05811849117,49900.0,1.9299210043785806,1.0,0.5680372764445476,2.0,0.0,0.0,0.9373965708257448
formal_preferred_20260816,3,3141226789,5,robustness_K_equals_d_hat,499,499,0,0.0,1.0,96592.42860687949,49900.0,1.9357200121619136,96592.42860687949,49900.0,1.9357200121619136,1.0,0.308463097217585,2.0,0.0,0.0,0.9373965708257448
formal_preferred_20260816,3,3141226789,6,primary_fixed_K,499,499,0,0.0,1.0,96066.93249843548,49900.0,1.925189028024759,96066.93249843548,49900.0,1.925189028024759,1.0,0.30657089373518265,2.2605210420841684,0.4439062288571647,0.0,0.9373965708257448
formal_preferred_20260816,3,3141226789,6,robustness_K_equals_d_hat,499,499,0,0.0,1.0,96617.7941377834,49900.0,1.9362283394345372,96617.7941377834,49900.0,1.9362283394345372,1.0,0.252884737926157,2.2605210420841684,0.4439062288571647,0.0,0.9373965708257448
formal_preferred_20260816,3,3141226789,7,primary_fixed_K,499,499,0,0.0,1.0,95294.19572617192,49900.0,1.90970332116577,95294.19572617192,49900.0,1.90970332116577,1.0,0.08009060477828343,2.400801603206413,0.5106096823487267,0.0,0.9373965708257448
formal_preferred_20260816,3,3141226789,7,robustness_K_equals_d_hat,499,499,0,0.0,1.0,96000.6447502345,49900.0,1.9238606162371643,96000.6447502345,49900.0,1.9238606162371643,1.0,0.069576121349573,2.400801603206413,0.5106096823487267,0.0,0.9373965708257448
formal_preferred_20260816,3,3141226789,8,primary_fixed_K,499,499,0,0.0,1.0,95343.02044656212,49900.0,1.9106817724761949,95343.02044656212,49900.0,1.9106817724761949,1.0,0.031872716137889764,2.472945891783567,0.5421672439013582,0.0,0.9373965708257448
formal_preferred_20260816,3,3141226789,8,robustness_K_equals_d_hat,499,499,0,0.0,1.0,96046.01746133092,49900.0,1.9247698890046276,96046.01746133092,49900.0,1.9247698890046276,1.0,0.026154235927506105,2.472945891783567,0.5421672439013582,0.0,0.9373965708257448
formal_preferred_20260816,3,3141226789,9,primary_fixed_K,499,499,0,0.0,1.0,95412.40862596399,49900.0,1.912072317153587,95412.40862596399,49900.0,1.912072317153587,1.0,0.006800150221947896,2.302605210420842,0.45984678176945115,0.0,0.9373965708257448
formal_preferred_20260816,3,3141226789,9,robustness_K_equals_d_hat,499,499,0,0.0,1.0,96364.06900023225,49900.0,1.9311436673393236,96364.06900023225,49900.0,1.9311436673393236,1.0,0.006232453624262552,2.302605210420842,0.45984678176945115,0.0,0.9373965708257448
formal_preferred_20260816,4,827407145,1,primary_fixed_K,499,499,0,0.0,1.0,108464.01490005094,49900.0,2.173627553107233,108464.01490005094,49900.0,2.173627553107233,1.0,0.027014166534471962,5.953907815631262,0.20989517253345458,0.0,0.930197577587225
formal_preferred_20260816,4,827407145,1,robustness_K_equals_d_hat,499,499,0,0.0,1.0,110004.6722624861,49900.0,2.204502450150022,110004.6722624861,49900.0,2.204502450150022,1.0,0.021559525233174642,5.953907815631262,0.20989517253345458,0.0,0.930197577587225
formal_preferred_20260816,4,827407145,2,primary_fixed_K,499,499,0,0.0,1.0,104195.83493223912,49900.0,2.0880928844136095,104195.83493223912,49900.0,2.0880928844136095,1.0,0.06644026297375824,5.0,0.0,0.0,0.930197577587225
formal_preferred_20260816,4,827407145,2,robustness_K_equals_d_hat,499,499,0,0.0,1.0,104950.10077572596,49900.0,2.1032084323792777,104950.10077572596,49900.0,2.1032084323792777,1.0,0.05754647039025034,5.0,0.0,0.0,0.930197577587225
formal_preferred_20260816,4,827407145,3,primary_fixed_K,499,499,0,0.0,1.0,101426.0171533545,49900.0,2.0325855140952807,101426.0171533545,49900.0,2.0325855140952807,1.0,0.10921863611229872,4.0,0.0,1.0,0.930197577587225
formal_preferred_20260816,4,827407145,3,robustness_K_equals_d_hat,499,499,0,0.0,1.0,101426.0171533545,49900.0,2.0325855140952807,101426.0171533545,49900.0,2.0325855140952807,1.0,0.10921863611229872,4.0,0.0,1.0,0.930197577587225
formal_preferred_20260816,4,827407145,4,primary_fixed_K,499,499,0,0.0,1.0,96761.07328637244,49900.0,1.939099665057564,96761.07328637244,49900.0,1.939099665057564,1.0,0.35290175773607263,3.0,0.0,0.0,0.930197577587225
formal_preferred_20260816,4,827407145,4,robustness_K_equals_d_hat,499,499,0,0.0,1.0,96964.59438172684,49900.0,1.9431782441227825,96964.59438172684,49900.0,1.9431782441227825,1.0,0.3179233495567706,3.0,0.0,0.0,0.930197577587225
formal_preferred_20260816,4,827407145,5,primary_fixed_K,499,499,0,0.0,1.0,95298.72377877067,49900.0,1.909794063702819,95298.72377877067,49900.0,1.909794063702819,1.0,0.6203942032782213,2.0,0.0,0.0,0.930197577587225
formal_preferred_20260816,4,827407145,5,robustness_K_equals_d_hat,499,499,0,0.0,1.0,96863.44260480124,49900.0,1.9411511544048345,96863.44260480124,49900.0,1.9411511544048345,1.0,0.31411540152015593,2.0,0.0,0.0,0.930197577587225
formal_preferred_20260816,4,827407145,6,primary_fixed_K,499,499,0,0.0,1.0,96213.85071909736,49900.0,1.928133280943835,96213.85071909736,49900.0,1.928133280943835,1.0,0.30976959796278175,2.1122244488977957,0.49437687618483106,0.0,0.930197577587225
formal_preferred_20260816,4,827407145,6,robustness_K_equals_d_hat,499,499,0,0.0,1.0,97410.568381105,49900.0,1.9521155988197394,97410.568381105,49900.0,1.9521155988197394,1.0,0.2535421381435744,2.1122244488977957,0.49437687618483106,0.0,0.930197577587225
formal_preferred_20260816,4,827407145,7,primary_fixed_K,499,499,0,0.0,1.0,95537.93088672432,49900.0,1.9145877933211288,95537.93088672432,49900.0,1.9145877933211288,1.0,0.04047401859567527,2.8957915831663326,0.3764694431368426,0.02404809619238477,0.930197577587225
formal_preferred_20260816,4,827407145,7,robustness_K_equals_d_hat,499,499,0,0.0,1.0,96047.44277038651,49900.0,1.924798452312355,96047.44277038651,49900.0,1.924798452312355,1.0,0.03763894868559215,2.8957915831663326,0.3764694431368426,0.02404809619238477,0.930197577587225
formal_preferred_20260816,4,827407145,8,primary_fixed_K,499,499,0,0.0,1.0,95774.79814427119,49900.0,1.9193346321497233,95774.79814427119,49900.0,1.9193346321497233,1.0,0.012793219034222834,2.7995991983967934,0.5667492023043437,0.08016032064128256,0.930197577587225
formal_preferred_20260816,4,827407145,8,robustness_K_equals_d_hat,499,499,0,0.0,1.0,96428.9683455318,49900.0,1.932444255421479,96428.9683455318,49900.0,1.932444255421479,1.0,0.010058750704965992,2.7995991983967934,0.5667492023043437,0.08016032064128256,0.930197577587225
formal_preferred_20260816,4,827407145,9,primary_fixed_K,499,499,0,0.0,1.0,96076.68431963019,49900.0,1.9253844553032102,96076.68431963019,49900.0,1.9253844553032102,1.0,0.011778345793708128,3.012024048096192,0.636771247710261,0.20841683366733466,0.930197577587225
formal_preferred_20260816,4,827407145,9,robustness_K_equals_d_hat,499,499,0,0.0,1.0,96563.47418560578,49900.0,1.9351397632385927,96563.47418560578,49900.0,1.9351397632385927,1.0,0.00877758702456879,3.012024048096192,0.636771247710261,0.20841683366733466,0.930197577587225
formal_preferred_20260816,5,4112232398,1,primary_fixed_K,499,499,0,0.0,1.0,106341.0415539338,49900.0,2.131082997072822,106341.0415539338,49900.0,2.131082997072822,1.0,0.01437018930766631,5.064128256513026,0.24522711296039373,0.0,0.9021490461266936
formal_preferred_20260816,5,4112232398,1,robustness_K_equals_d_hat,499,499,0,0.0,1.0,107076.09768585426,49900.0,2.1458135808788428,107076.09768585426,49900.0,2.1458135808788428,1.0,0.01122279596082144,5.064128256513026,0.24522711296039373,0.0,0.9021490461266936
formal_preferred_20260816,5,4112232398,2,primary_fixed_K,499,499,0,0.0,1.0,102775.44776569703,49900.0,2.059628211737415,102775.44776569703,49900.0,2.059628211737415,1.0,0.062236083745649554,5.0,0.0,0.0,0.9021490461266936
formal_preferred_20260816,5,4112232398,2,robustness_K_equals_d_hat,499,499,0,0.0,1.0,103014.3833628917,49900.0,2.0644165002583508,103014.3833628917,49900.0,2.0644165002583508,1.0,0.03548226006458841,5.0,0.0,0.0,0.9021490461266936
formal_preferred_20260816,5,4112232398,3,primary_fixed_K,499,499,0,0.0,1.0,100044.11752106578,49900.0,2.004892134690697,100044.11752106578,49900.0,2.004892134690697,1.0,0.03280718370218033,4.0,0.0,1.0,0.9021490461266936
formal_preferred_20260816,5,4112232398,3,robustness_K_equals_d_hat,499,499,0,0.0,1.0,100044.11752106578,49900.0,2.004892134690697,100044.11752106578,49900.0,2.004892134690697,1.0,0.03280718370218033,4.0,0.0,1.0,0.9021490461266936
formal_preferred_20260816,5,4112232398,4,primary_fixed_K,499,499,0,0.0,1.0,96497.99358852505,49900.0,1.9338275268241492,96497.99358852505,49900.0,1.9338275268241492,1.0,0.24279090877368378,3.0,0.0,0.0,0.9021490461266936
formal_preferred_20260816,5,4112232398,4,robustness_K_equals_d_hat,499,499,0,0.0,1.0,96646.70992868676,49900.0,1.9368078142021394,96646.70992868676,49900.0,1.9368078142021394,1.0,0.26288032214370244,3.0,0.0,0.0,0.9021490461266936
formal_preferred_20260816,5,4112232398,5,primary_fixed_K,499,499,0,0.0,1.0,95695.42924360937,49900.0,1.9177440730182238,95695.42924360937,49900.0,1.9177440730182238,1.0,0.6518857779788814,2.0,0.0,0.0,0.9021490461266936
formal_preferred_20260816,5,4112232398,5,robustness_K_equals_d_hat,499,499,0,0.0,1.0,97101.18346606579,49900.0,1.9459155003219597,97101.18346606579,49900.0,1.9459155003219597,1.0,0.32537042480859696,2.0,0.0,0.0,0.9021490461266936
formal_preferred_20260816,5,4112232398,6,primary_fixed_K,499,499,0,0.0,1.0,96393.71008892314,49900.0,1.9317376771327281,96393.71008892314,49900.0,1.9317376771327281,1.0,0.23257309706600865,1.7034068136272544,0.47445637548950287,0.0,0.9021490461266936
formal_preferred_20260816,5,4112232398,6,robustness_K_equals_d_hat,499,499,0,0.0,1.0,97714.37737231076,49900.0,1.958203955356929,97714.37737231076,49900.0,1.958203955356929,1.0,0.14800921819377702,1.7034068136272544,0.47445637548950287,0.0,0.9021490461266936
formal_preferred_20260816,5,4112232398,7,primary_fixed_K,499,499,0,0.0,1.0,95836.96515247229,49900.0,1.9205804639774005,95836.96515247229,49900.0,1.9205804639774005,1.0,0.01914916937595527,2.1222444889779557,0.5139481912780313,0.0,0.9021490461266936
formal_preferred_20260816,5,4112232398,7,robustness_K_equals_d_hat,499,499,0,0.0,1.0,96841.83716657847,49900.0,1.9407181796909512,96841.83716657847,49900.0,1.9407181796909512,1.0,0.015330342207665769,2.1222444889779557,0.5139481912780313,0.0,0.9021490461266936
formal_preferred_20260816,5,4112232398,8,primary_fixed_K,499,499,0,0.0,1.0,95880.76248036677,49900.0,1.9214581659392138,95880.76248036677,49900.0,1.9214581659392138,1.0,0.013374133361278002,2.5210420841683367,0.5000583462267076,0.0,0.9021490461266936
formal_preferred_20260816,5,4112232398,8,robustness_K_equals_d_hat,499,499,0,0.0,1.0,96686.02961481709,49900.0,1.9375957838640698,96686.02961481709,49900.0,1.9375957838640698,1.0,0.00880895882866637,2.5210420841683367,0.5000583462267076,0.0,0.9021490461266936
formal_preferred_20260816,5,4112232398,9,primary_fixed_K,499,499,0,0.0,1.0,96043.16513121227,49900.0,1.9247127280804062,96043.16513121227,49900.0,1.9247127280804062,1.0,0.010719766812910722,2.591182364729459,0.49210881841954757,0.0,0.9021490461266936
formal_preferred_20260816,5,4112232398,9,robustness_K_equals_d_hat,499,499,0,0.0,1.0,96780.26743660153,49900.0,1.939484317366764,96780.26743660153,49900.0,1.939484317366764,1.0,0.007345939038568068,2.591182364729459,0.49210881841954757,0.0,0.9021490461266936
formal_preferred_20260816,6,3620073301,1,primary_fixed_K,499,499,0,0.0,1.0,106304.37903002043,49900.0,2.130348277154718,106304.37903002043,49900.0,2.130348277154718,1.0,0.02397090548116466,5.0,0.0,0.0,0.8999999999999966
formal_preferred_20260816,6,3620073301,1,robustness_K_equals_d_hat,499,499,0,0.0,1.0,106960.00826673198,49900.0,2.1434871396138675,106960.00826673198,49900.0,2.1434871396138675,1.0,0.015988135574411595,5.0,0.0,0.0,0.8999999999999966
formal_preferred_20260816,6,3620073301,2,primary_fixed_K,499,499,0,0.0,1.0,103288.63928317744,49900.0,2.0699126108853196,103288.63928317744,49900.0,2.0699126108853196,1.0,0.004400254274469793,5.0,0.0,0.0,0.8999999999999966
formal_preferred_20260816,6,3620073301,2,robustness_K_equals_d_hat,499,499,0,0.0,1.0,103482.2611830931,49900.0,2.0737928092804228,103482.2611830931,49900.0,2.0737928092804228,1.0,-0.0001301196538803547,5.0,0.0,0.0,0.8999999999999966
formal_preferred_20260816,6,3620073301,3,primary_fixed_K,499,499,0,0.0,1.0,99672.93373962709,49900.0,1.9974535819564547,99672.93373962709,49900.0,1.9974535819564547,1.0,0.05248696601695267,4.0,0.0,1.0,0.8999999999999966
formal_preferred_20260816,6,3620073301,3,robustness_K_equals_d_hat,499,499,0,0.0,1.0,99672.93373962709,49900.0,1.9974535819564547,99672.93373962709,49900.0,1.9974535819564547,1.0,0.05248696601695267,4.0,0.0,1.0,0.8999999999999966
formal_preferred_20260816,6,3620073301,4,primary_fixed_K,499,499,0,0.0,1.0,96025.40833828086,49900.0,1.9243568805266706,96025.40833828086,49900.0,1.9243568805266706,1.0,0.20581633558138812,3.0,0.0,0.0,0.8999999999999966
formal_preferred_20260816,6,3620073301,4,robustness_K_equals_d_hat,499,499,0,0.0,1.0,96347.21634008562,49900.0,1.9308059386790706,96347.21634008562,49900.0,1.9308059386790706,1.0,0.20970383292217631,3.0,0.0,0.0,0.8999999999999966
formal_preferred_20260816,6,3620073301,5,primary_fixed_K,499,499,0,0.0,1.0,94789.59200254112,49900.0,1.8995910220950123,94789.59200254112,49900.0,1.8995910220950123,1.0,0.6103387175132212,2.31062124248497,0.4632123460571987,0.0,0.8999999999999966
formal_preferred_20260816,6,3620073301,5,robustness_K_equals_d_hat,499,499,0,0.0,1.0,95748.66073816152,49900.0,1.9188108364361025,95748.66073816152,49900.0,1.9188108364361025,1.0,0.3893690965296905,2.31062124248497,0.4632123460571987,0.0,0.8999999999999966
formal_preferred_20260816,6,3620073301,6,primary_fixed_K,499,499,0,0.0,1.0,95373.6737707945,49900.0,1.911296067550992,95373.6737707945,49900.0,1.911296067550992,1.0,0.25877076019749257,1.9519038076152304,0.30670450498655444,0.0,0.8999999999999966
formal_preferred_20260816,6,3620073301,6,robustness_K_equals_d_hat,499,499,0,0.0,1.0,96487.7942060106,49900.0,1.9336231303809739,96487.7942060106,49900.0,1.9336231303809739,1.0,0.2409304526911202,1.9519038076152304,0.30670450498655444,0.0,0.8999999999999966
formal_preferred_20260816,6,3620073301,7,primary_fixed_K,499,499,0,0.0,1.0,94688.18947197252,49900.0,1.8975589072539585,94688.18947197252,49900.0,1.8975589072539585,1.0,0.0013262247842033845,2.7454909819639277,0.4628299424641873,0.012024048096192385,0.8999999999999966
formal_preferred_20260816,6,3620073301,7,robustness_K_equals_d_hat,499,499,0,0.0,1.0,95241.93569977774,49900.0,1.90865602604765,95241.93569977774,49900.0,1.90865602604765,1.0,-0.00015364378129056387,2.7454909819639277,0.4628299424641873,0.012024048096192385,0.8999999999999966
formal_preferred_20260816,6,3620073301,8,primary_fixed_K,499,499,0,0.0,1.0,94999.90562784122,49900.0,1.903805724004834,94999.90562784122,49900.0,1.903805724004834,1.0,-0.00392865488419759,2.723446893787575,0.46533589229286193,0.0,0.8999999999999966
formal_preferred_20260816,6,3620073301,8,robustness_K_equals_d_hat,499,499,0,0.0,1.0,95573.62358218618,49900.0,1.9153030777993223,95573.62358218618,49900.0,1.9153030777993223,1.0,-0.002819900655319087,2.723446893787575,0.46533589229286193,0.0,0.8999999999999966
formal_preferred_20260816,6,3620073301,9,primary_fixed_K,499,499,0,0.0,1.0,95099.49131167022,49900.0,1.9058014290915877,95099.49131167022,49900.0,1.9058014290915877,1.0,-0.005252140764442004,2.595190380761523,0.5191676550439477,0.014028056112224449,0.8999999999999966
formal_preferred_20260816,6,3620073301,9,robustness_K_equals_d_hat,499,499,0,0.0,1.0,95687.99136363238,49900.0,1.917595017307262,95687.99136363238,49900.0,1.917595017307262,1.0,-0.003592324835299964,2.595190380761523,0.5191676550439477,0.014028056112224449,0.8999999999999966
formal_preferred_20260816,7,2175964406,1,primary_fixed_K,499,499,0,0.0,1.0,103995.87071445417,49900.0,2.0840855854600036,103995.87071445417,49900.0,2.0840855854600036,1.0,-0.014730375468110606,5.0,0.0,0.0,0.8999999999999998
formal_preferred_20260816,7,2175964406,1,robustness_K_equals_d_hat,499,499,0,0.0,1.0,104712.65963403108,49900.0,2.0984500928663543,104712.65963403108,49900.0,2.0984500928663543,1.0,-0.01921011627363704,5.0,0.0,0.0,0.8999999999999998
formal_preferred_20260816,7,2175964406,2,primary_fixed_K,499,499,0,0.0,1.0,99245.81840395986,49900.0,1.988894156391981,99245.81840395986,49900.0,1.988894156391981,1.0,0.02272708787477297,4.867735470941883,0.33911810112462326,0.13226452905811623,0.8999999999999998
formal_preferred_20260816,7,2175964406,2,robustness_K_equals_d_hat,499,499,0,0.0,1.0,99252.36474870819,49900.0,1.9890253456654947,99252.36474870819,49900.0,1.9890253456654947,1.0,0.010002806012208296,4.867735470941883,0.33911810112462326,0.13226452905811623,0.8999999999999998
formal_preferred_20260816,7,2175964406,3,primary_fixed_K,499,499,0,0.0,1.0,96804.35248227372,49900.0,1.9399669836126998,96804.35248227372,49900.0,1.9399669836126998,1.0,0.02838242876687382,4.0,0.0,1.0,0.8999999999999998
formal_preferred_20260816,7,2175964406,3,robustness_K_equals_d_hat,499,499,0,0.0,1.0,96804.35248227372,49900.0,1.9399669836126998,96804.35248227372,49900.0,1.9399669836126998,1.0,0.02838242876687382,4.0,0.0,1.0,0.8999999999999998
formal_preferred_20260816,7,2175964406,4,primary_fixed_K,499,499,0,0.0,1.0,93994.61663840369,49900.0,1.8836596520722182,93994.61663840369,49900.0,1.8836596520722182,1.0,0.16711415094539142,3.0,0.0,0.0,0.8999999999999998
formal_preferred_20260816,7,2175964406,4,robustness_K_equals_d_hat,499,499,0,0.0,1.0,94378.90128953142,49900.0,1.8913607472851988,94378.90128953142,49900.0,1.8913607472851988,1.0,0.04591658775853698,3.0,0.0,0.0,0.8999999999999998
formal_preferred_20260816,7,2175964406,5,primary_fixed_K,499,499,0,0.0,1.0,92912.19715469217,49900.0,1.8619678788515466,92912.19715469217,49900.0,1.8619678788515466,1.0,0.6903902201508755,2.002004008016032,0.04476614810358404,0.0,0.8999999999999998
formal_preferred_20260816,7,2175964406,5,robustness_K_equals_d_hat,499,499,0,0.0,1.0,94153.08925808748,49900.0,1.8868354560738974,94153.08925808748,49900.0,1.8868354560738974,1.0,0.32179564900744134,2.002004008016032,0.04476614810358404,0.0,0.8999999999999998
formal_preferred_20260816,7,2175964406,6,primary_fixed_K,499,499,0,0.0,1.0,93459.14883504006,49900.0,1.8729288343695403,93459.14883504006,49900.0,1.8729288343695403,1.0,0.36686544649053043,1.9018036072144289,0.32372200613495183,0.0,0.8999999999999998
formal_preferred_20260816,7,2175964406,6,robustness_K_equals_d_hat,499,499,0,0.0,1.0,94890.66782373899,49900.0,1.901616589654088,94890.66782373899,49900.0,1.901616589654088,1.0,0.28269564133230984,1.9018036072144289,0.32372200613495183,0.0,0.8999999999999998
formal_preferred_20260816,7,2175964406,7,primary_fixed_K,499,499,0,0.0,1.0,93331.28864391672,49900.0,1.8703665058901147,93331.28864391672,49900.0,1.8703665058901147,1.0,0.00443683639154917,2.541082164328657,0.49880945736981963,0.0,0.8999999999999998
formal_preferred_20260816,7,2175964406,7,robustness_K_equals_d_hat,499,499,0,0.0,1.0,94136.64433734973,49900.0,1.8865058985440828,94136.64433734973,49900.0,1.8865058985440828,1.0,0.0033627807560971373,2.541082164328657,0.49880945736981963,0.0,0.8999999999999998
formal_preferred_20260816,7,2175964406,8,primary_fixed_K,499,499,0,0.0,1.0,93406.08387792515,49900.0,1.8718654083752535,93406.08387792515,49900.0,1.8718654083752535,1.0,0.0066873391831230936,2.5490981963927855,0.5178482941943076,0.006012024048096192,0.8999999999999998
formal_preferred_20260816,7,2175964406,8,robustness_K_equals_d_hat,499,499,0,0.0,1.0,94196.56928694155,49900.0,1.887706799337506,94196.56928694155,49900.0,1.887706799337506,1.0,0.0067520534064302645,2.5490981963927855,0.5178482941943076,0.006012024048096192,0.8999999999999998
formal_preferred_20260816,7,2175964406,9,primary_fixed_K,499,499,0,0.0,1.0,93277.80622824814,49900.0,1.8692947139929488,93277.80622824814,49900.0,1.8692947139929488,1.0,0.022237620915896518,2.7334669338677355,0.4899616864875464,0.022044088176352707,0.8999999999999998
formal_preferred_20260816,7,2175964406,9,robustness_K_equals_d_hat,499,499,0,0.0,1.0,93966.5342813431,49900.0,1.8830968793856333,93966.5342813431,49900.0,1.8830968793856333,1.0,0.019682199199404622,2.7334669338677355,0.4899616864875464,0.022044088176352707,0.8999999999999998
formal_preferred_20260816,8,1271978911,1,primary_fixed_K,499,499,0,0.0,1.0,105764.80464872124,49900.0,2.119535163301027,105764.80464872124,49900.0,2.119535163301027,1.0,0.014539580848799742,4.877755511022044,0.32789668692114693,0.12224448897795591,0.8999999999999991
formal_preferred_20260816,8,1271978911,1,robustness_K_equals_d_hat,499,499,0,0.0,1.0,106096.55654714373,49900.0,2.126183497938752,106096.55654714373,49900.0,2.126183497938752,1.0,0.01109645980837837,4.877755511022044,0.32789668692114693,0.12224448897795591,0.8999999999999991
formal_preferred_20260816,8,1271978911,2,primary_fixed_K,499,499,0,0.0,1.0,101516.98826850738,49900.0,2.0344085825352183,101516.98826850738,49900.0,2.0344085825352183,1.0,0.0017585950540559905,5.0,0.0,0.0,0.8999999999999991
formal_preferred_20260816,8,1271978911,2,robustness_K_equals_d_hat,499,499,0,0.0,1.0,101852.29780259084,49900.0,2.0411282124767705,101852.29780259084,49900.0,2.0411282124767705,1.0,0.004856194350159915,5.0,0.0,0.0,0.8999999999999991
formal_preferred_20260816,8,1271978911,3,primary_fixed_K,499,499,0,0.0,1.0,98612.11707912287,49900.0,1.9761947310445465,98612.11707912287,49900.0,1.9761947310445465,1.0,0.02753611999785379,4.0,0.0,1.0,0.8999999999999991
formal_preferred_20260816,8,1271978911,3,robustness_K_equals_d_hat,499,499,0,0.0,1.0,98612.11707912287,49900.0,1.9761947310445465,98612.11707912287,49900.0,1.9761947310445465,1.0,0.02753611999785379,4.0,0.0,1.0,0.8999999999999991
formal_preferred_20260816,8,1271978911,4,primary_fixed_K,499,499,0,0.0,1.0,95552.33325558962,49900.0,1.9148764179476878,95552.33325558962,49900.0,1.9148764179476878,1.0,0.07925778150979593,3.0,0.0,0.0,0.8999999999999991
formal_preferred_20260816,8,1271978911,4,robustness_K_equals_d_hat,499,499,0,0.0,1.0,96060.65704310432,49900.0,1.9250632673968802,96060.65704310432,49900.0,1.9250632673968802,1.0,0.03770109038210328,3.0,0.0,0.0,0.8999999999999991
formal_preferred_20260816,8,1271978911,5,primary_fixed_K,499,499,0,0.0,1.0,94011.6347108112,49900.0,1.8840006956074389,94011.6347108112,49900.0,1.8840006956074389,1.0,0.6074746021637789,2.0,0.0,0.0,0.8999999999999991
formal_preferred_20260816,8,1271978911,5,robustness_K_equals_d_hat,499,499,0,0.0,1.0,95468.99258391434,49900.0,1.9132062642067003,95468.99258391434,49900.0,1.9132062642067003,1.0,0.31481753431457066,2.0,0.0,0.0,0.8999999999999991
formal_preferred_20260816,8,1271978911,6,primary_fixed_K,499,499,0,0.0,1.0,95259.52777675886,49900.0,1.9090085726805381,95259.52777675886,49900.0,1.9090085726805381,1.0,0.2893740800741287,1.9218436873747495,0.5301206648418842,0.0,0.8999999999999991
formal_preferred_20260816,8,1271978911,6,robustness_K_equals_d_hat,499,499,0,0.0,1.0,96431.0014358157,49900.0,1.9324849987137416,96431.0014358157,49900.0,1.9324849987137416,1.0,0.22733872432606195,1.9218436873747495,0.5301206648418842,0.0,0.8999999999999991
formal_preferred_20260816,8,1271978911,7,primary_fixed_K,499,499,0,0.0,1.0,94260.49522212154,49900.0,1.8889878802028364,94260.49522212154,49900.0,1.8889878802028364,1.0,0.016905441043259473,2.4248496993987976,0.5772317675846895,0.0,0.8999999999999991
formal_preferred_20260816,8,1271978911,7,robustness_K_equals_d_hat,499,499,0,0.0,1.0,94972.29210795433,49900.0,1.9032523468527922,94972.29210795433,49900.0,1.9032523468527922,1.0,0.011921557185300097,2.4248496993987976,0.5772317675846895,0.0,0.8999999999999991
formal_preferred_20260816,8,1271978911,8,primary_fixed_K,499,499,0,0.0,1.0,94393.4031434936,49900.0,1.8916513656010743,94393.4031434936,49900.0,1.8916513656010743,1.0,0.014389359345084913,2.444889779559118,0.6665177578744643,0.036072144288577156,0.8999999999999991
formal_preferred_20260816,8,1271978911,8,robustness_K_equals_d_hat,499,499,0,0.0,1.0,95306.54877032193,49900.0,1.90995087716076,95306.54877032193,49900.0,1.90995087716076,1.0,0.009455302414574505,2.444889779559118,0.6665177578744643,0.036072144288577156,0.8999999999999991
formal_preferred_20260816,8,1271978911,9,primary_fixed_K,499,499,0,0.0,1.0,94503.20812077144,49900.0,1.8938518661477242,94503.20812077144,49900.0,1.8938518661477242,1.0,0.014317014939954584,2.5811623246492985,0.5658680750997324,0.03006012024048096,0.8999999999999991
formal_preferred_20260816,8,1271978911,9,robustness_K_equals_d_hat,499,499,0,0.0,1.0,95064.91465999762,49900.0,1.9051085102203933,95064.91465999762,49900.0,1.9051085102203933,1.0,0.011519569665453214,2.5811623246492985,0.5658680750997324,0.03006012024048096,0.8999999999999991
formal_preferred_20260816,9,2148785807,1,primary_fixed_K,499,499,0,0.0,1.0,105239.86671912682,49900.0,2.1090153651127617,105239.86671912682,49900.0,2.1090153651127617,1.0,0.02036599649800596,6.0,0.0,0.0,0.9005113332381124
formal_preferred_20260816,9,2148785807,1,robustness_K_equals_d_hat,499,499,0,0.0,1.0,106635.8688959397,49900.0,2.136991360640074,106635.8688959397,49900.0,2.136991360640074,1.0,0.009415679880578717,6.0,0.0,0.0,0.9005113332381124
formal_preferred_20260816,9,2148785807,2,primary_fixed_K,499,499,0,0.0,1.0,101692.25570125041,49900.0,2.037920955936882,101692.25570125041,49900.0,2.037920955936882,1.0,0.027003005609440748,5.0,0.0,0.0,0.9005113332381124
formal_preferred_20260816,9,2148785807,2,robustness_K_equals_d_hat,499,499,0,0.0,1.0,101974.35272730728,49900.0,2.04357420295205,101974.35272730728,49900.0,2.04357420295205,1.0,0.005892088894532097,5.0,0.0,0.0,0.9005113332381124
formal_preferred_20260816,9,2148785807,3,primary_fixed_K,499,499,0,0.0,1.0,98825.36987821417,49900.0,1.980468334232749,98825.36987821417,49900.0,1.980468334232749,1.0,0.06528427410805512,4.0,0.0,1.0,0.9005113332381124
formal_preferred_20260816,9,2148785807,3,robustness_K_equals_d_hat,499,499,0,0.0,1.0,98825.36987821417,49900.0,1.980468334232749,98825.36987821417,49900.0,1.980468334232749,1.0,0.06528427410805512,4.0,0.0,1.0,0.9005113332381124
formal_preferred_20260816,9,2148785807,4,primary_fixed_K,499,499,0,0.0,1.0,95277.93727597353,49900.0,1.9093775005205116,95277.93727597353,49900.0,1.9093775005205116,1.0,0.2054362598697631,3.0,0.0,0.0,0.9005113332381124
formal_preferred_20260816,9,2148785807,4,robustness_K_equals_d_hat,499,499,0,0.0,1.0,95482.4140105756,49900.0,1.9134752306728575,95482.4140105756,49900.0,1.9134752306728575,1.0,0.12207322077899145,3.0,0.0,0.0,0.9005113332381124
formal_preferred_20260816,9,2148785807,5,primary_fixed_K,499,499,0,0.0,1.0,94089.81989926918,49900.0,1.8855675330514865,94089.81989926918,49900.0,1.8855675330514865,1.0,0.6982158448660806,2.0420841683366735,0.20098268854365658,0.0,0.9005113332381124
formal_preferred_20260816,9,2148785807,5,robustness_K_equals_d_hat,499,499,0,0.0,1.0,95517.72315144114,49900.0,1.9141828286861953,95517.72315144114,49900.0,1.9141828286861953,1.0,0.3399975636178793,2.0420841683366735,0.20098268854365658,0.0,0.9005113332381124
formal_preferred_20260816,9,2148785807,6,primary_fixed_K,499,499,0,0.0,1.0,95394.97349556506,49900.0,1.9117229157427869,95394.97349556506,49900.0,1.9117229157427869,1.0,0.3635621712478338,2.2685370741482966,0.5030350296874264,0.0,0.9005113332381124
formal_preferred_20260816,9,2148785807,6,robustness_K_equals_d_hat,499,499,0,0.0,1.0,96247.3760382121,49900.0,1.9288051310262946,96247.3760382121,49900.0,1.9288051310262946,1.0,0.3205160312712179,2.2685370741482966,0.5030350296874264,0.0,0.9005113332381124
formal_preferred_20260816,9,2148785807,7,primary_fixed_K,499,499,0,0.0,1.0,94122.66852289317,49900.0,1.8862258221020676,94122.66852289317,49900.0,1.8862258221020676,1.0,0.033710013133967716,2.627254509018036,0.4840204339453179,0.0,0.9005113332381124
formal_preferred_20260816,9,2148785807,7,robustness_K_equals_d_hat,499,499,0,0.0,1.0,94862.02810519096,49900.0,1.9010426473986164,94862.02810519096,49900.0,1.9010426473986164,1.0,0.028177247860324973,2.627254509018036,0.4840204339453179,0.0,0.9005113332381124
formal_preferred_20260816,9,2148785807,8,primary_fixed_K,499,499,0,0.0,1.0,94381.53884165344,49900.0,1.891413604041151,94381.53884165344,49900.0,1.891413604041151,1.0,0.016859852395630537,2.5450901803607215,0.49846243698810505,0.0,0.9005113332381124
formal_preferred_20260816,9,2148785807,8,robustness_K_equals_d_hat,499,499,0,0.0,1.0,95262.3032341544,49900.0,1.9090641930692265,95262.3032341544,49900.0,1.9090641930692265,1.0,0.013075282682373941,2.5450901803607215,0.49846243698810505,0.0,0.9005113332381124
formal_preferred_20260816,9,2148785807,9,primary_fixed_K,499,499,0,0.0,1.0,94395.45696416273,49900.0,1.8916925243319185,94395.45696416273,49900.0,1.8916925243319185,1.0,0.012738194901929399,2.9018036072144286,0.7087921406885256,0.20641282565130262,0.9005113332381124
formal_preferred_20260816,9,2148785807,9,robustness_K_equals_d_hat,499,499,0,0.0,1.0,94892.38727446203,49900.0,1.9016510475844095,94892.38727446203,49900.0,1.9016510475844095,1.0,0.00929496345277992,2.9018036072144286,0.7087921406885256,0.20641282565130262,0.9005113332381124
formal_preferred_20260816,10,3128250985,1,primary_fixed_K,499,499,0,0.0,1.0,105670.14649535777,49900.0,2.117638206319795,105670.14649535777,49900.0,2.117638206319795,1.0,0.0018684886187000107,5.857715430861724,0.34969233635122077,0.0,0.9000000000000039
formal_preferred_20260816,10,3128250985,1,robustness_K_equals_d_hat,499,499,0,0.0,1.0,106337.36942020021,49900.0,2.131009407218441,106337.36942020021,49900.0,2.131009407218441,1.0,0.0026444924941209525,5.857715430861724,0.34969233635122077,0.0,0.9000000000000039
formal_preferred_20260816,10,3128250985,2,primary_fixed_K,499,499,0,0.0,1.0,101713.21236045434,49900.0,2.038340929067221,101713.21236045434,49900.0,2.038340929067221,1.0,0.006310625478594932,5.0,0.0,0.0,0.9000000000000039
formal_preferred_20260816,10,3128250985,2,robustness_K_equals_d_hat,499,499,0,0.0,1.0,102087.10889368916,49900.0,2.045833845564913,102087.10889368916,49900.0,2.045833845564913,1.0,-0.00023478784710352543,5.0,0.0,0.0,0.9000000000000039
formal_preferred_20260816,10,3128250985,3,primary_fixed_K,499,499,0,0.0,1.0,98168.4877891576,49900.0,1.9673043645121764,98168.4877891576,49900.0,1.9673043645121764,1.0,0.068156821718811,4.0,0.0,1.0,0.9000000000000039
formal_preferred_20260816,10,3128250985,3,robustness_K_equals_d_hat,499,499,0,0.0,1.0,98168.4877891576,49900.0,1.9673043645121764,98168.4877891576,49900.0,1.9673043645121764,1.0,0.068156821718811,4.0,0.0,1.0,0.9000000000000039
formal_preferred_20260816,10,3128250985,4,primary_fixed_K,499,499,0,0.0,1.0,93802.37141123647,49900.0,1.879807042309348,93802.37141123647,49900.0,1.879807042309348,1.0,0.31468692704416873,3.0,0.0,0.0,0.9000000000000039
formal_preferred_20260816,10,3128250985,4,robustness_K_equals_d_hat,499,499,0,0.0,1.0,93718.44869495733,49900.0,1.8781252243478423,93718.44869495733,49900.0,1.8781252243478423,1.0,0.3065310150282949,3.0,0.0,0.0,0.9000000000000039
formal_preferred_20260816,10,3128250985,5,primary_fixed_K,499,499,0,0.0,1.0,92935.77401100032,49900.0,1.8624403609418902,92935.77401100032,49900.0,1.8624403609418902,1.0,0.6193748404718106,2.0,0.0,0.0,0.9000000000000039
formal_preferred_20260816,10,3128250985,5,robustness_K_equals_d_hat,499,499,0,0.0,1.0,94228.2013823872,49900.0,1.8883407090658757,94228.2013823872,49900.0,1.8883407090658757,1.0,0.30331538598250635,2.0,0.0,0.0,0.9000000000000039
formal_preferred_20260816,10,3128250985,6,primary_fixed_K,499,499,0,0.0,1.0,94589.05563382339,49900.0,1.8955722571908495,94589.05563382339,49900.0,1.8955722571908495,1.0,0.23144184787430316,1.0,0.0,0.0,0.9000000000000039
formal_preferred_20260816,10,3128250985,6,robustness_K_equals_d_hat,499,499,0,0.0,1.0,97334.15546144996,49900.0,1.9505842777845683,97334.15546144996,49900.0,1.9505842777845683,1.0,0.0,1.0,0.0,0.0,0.9000000000000039
formal_preferred_20260816,10,3128250985,7,primary_fixed_K,499,499,0,0.0,1.0,93072.0295512289,49900.0,1.8651709328903587,93072.0295512289,49900.0,1.8651709328903587,1.0,0.02426427960796722,1.8016032064128256,0.5365341652791424,0.0,0.9000000000000039
formal_preferred_20260816,10,3128250985,7,robustness_K_equals_d_hat,499,499,0,0.0,1.0,94286.29154368927,49900.0,1.889504840554895,94286.29154368927,49900.0,1.889504840554895,1.0,0.015613383584798187,1.8016032064128256,0.5365341652791424,0.0,0.9000000000000039
formal_preferred_20260816,10,3128250985,8,primary_fixed_K,499,499,0,0.0,1.0,92950.01434959241,49900.0,1.8627257384687859,92950.01434959241,49900.0,1.8627257384687859,1.0,0.030229561037191,2.2104208416833666,0.5719441438297439,0.0,0.9000000000000039
formal_preferred_20260816,10,3128250985,8,robustness_K_equals_d_hat,499,499,0,0.0,1.0,94030.44788295601,49900.0,1.8843777130852908,94030.44788295601,49900.0,1.8843777130852908,1.0,0.025924479032966526,2.2104208416833666,0.5719441438297439,0.0,0.9000000000000039
formal_preferred_20260816,10,3128250985,9,primary_fixed_K,499,499,0,0.0,1.0,93126.46945007399,49900.0,1.866261912827134,93126.46945007399,49900.0,1.866261912827134,1.0,0.028751593433007976,2.1462925851703405,0.5779075975711426,0.0,0.9000000000000039
formal_preferred_20260816,10,3128250985,9,robustness_K_equals_d_hat,499,499,0,0.0,1.0,93972.84695057903,49900.0,1.8832233857831469,93972.84695057903,49900.0,1.8832233857831469,1.0,0.020955154614142796,2.1462925851703405,0.5779075975711426,0.0,0.9000000000000039
formal_preferred_20260816,11,3723452138,1,primary_fixed_K,499,499,0,0.0,1.0,107987.19553168662,49900.0,2.164072054743219,107987.19553168662,49900.0,2.164072054743219,1.0,0.03678611044251685,5.601202404809619,0.4901423417487275,0.0,0.9000000000000006
formal_preferred_20260816,11,3723452138,1,robustness_K_equals_d_hat,499,499,0,0.0,1.0,108800.51652290647,49900.0,2.1803710726033363,108800.51652290647,49900.0,2.1803710726033363,1.0,0.03219186460657819,5.601202404809619,0.4901423417487275,0.0,0.9000000000000006
formal_preferred_20260816,11,3723452138,2,primary_fixed_K,499,499,0,0.0,1.0,104618.20734587187,49900.0,2.096557261440318,104618.20734587187,49900.0,2.096557261440318,1.0,0.020851714072920646,5.0,0.0,0.0,0.9000000000000006
formal_preferred_20260816,11,3723452138,2,robustness_K_equals_d_hat,499,499,0,0.0,1.0,105272.76019743535,49900.0,2.1096745530548167,105272.76019743535,49900.0,2.1096745530548167,1.0,0.006385520467790603,5.0,0.0,0.0,0.9000000000000006
formal_preferred_20260816,11,3723452138,3,primary_fixed_K,499,499,0,0.0,1.0,100690.96461309944,49900.0,2.0178550022665216,100690.96461309944,49900.0,2.0178550022665216,1.0,0.1471311329240579,4.0,0.0,1.0,0.9000000000000006
formal_preferred_20260816,11,3723452138,3,robustness_K_equals_d_hat,499,499,0,0.0,1.0,100690.96461309944,49900.0,2.0178550022665216,100690.96461309944,49900.0,2.0178550022665216,1.0,0.1471311329240579,4.0,0.0,1.0,0.9000000000000006
formal_preferred_20260816,11,3723452138,4,primary_fixed_K,499,499,0,0.0,1.0,96225.46656503082,49900.0,1.9283660634274713,96225.46656503082,49900.0,1.9283660634274713,1.0,0.24242575516290388,3.0,0.0,0.0,0.9000000000000006
formal_preferred_20260816,11,3723452138,4,robustness_K_equals_d_hat,499,499,0,0.0,1.0,96418.08554691091,49900.0,1.9322261632647477,96418.08554691091,49900.0,1.9322261632647477,1.0,0.1505764221787654,3.0,0.0,0.0,0.9000000000000006
formal_preferred_20260816,11,3723452138,5,primary_fixed_K,499,499,0,0.0,1.0,95512.97294373377,49900.0,1.9140876341429613,95512.97294373377,49900.0,1.9140876341429613,1.0,0.6543979268941985,2.0501002004008018,0.2183706319805956,0.0,0.9000000000000006
formal_preferred_20260816,11,3723452138,5,robustness_K_equals_d_hat,499,499,0,0.0,1.0,96732.01995190914,49900.0,1.9385174339059947,96732.01995190914,49900.0,1.9385174339059947,1.0,0.3417291451580773,2.0501002004008018,0.2183706319805956,0.0,0.9000000000000006
formal_preferred_20260816,11,3723452138,6,primary_fixed_K,499,499,0,0.0,1.0,97773.99994484492,49900.0,1.9593987964898782,97773.99994484492,49900.0,1.9593987964898782,1.0,0.30592601095492306,2.282565130260521,0.4506985132724513,0.0,0.9000000000000006
formal_preferred_20260816,11,3723452138,6,robustness_K_equals_d_hat,499,499,0,0.0,1.0,98315.87497589711,49900.0,1.9702580155490403,98315.87497589711,49900.0,1.9702580155490403,1.0,0.33536871457284306,2.282565130260521,0.4506985132724513,0.0,0.9000000000000006
formal_preferred_20260816,11,3723452138,7,primary_fixed_K,499,499,0,0.0,1.0,95828.08558667,49900.0,1.9204025167669339,95828.08558667,49900.0,1.9204025167669339,1.0,0.026183340950484014,2.1783567134268536,0.6129890106017399,0.0,0.9000000000000006
formal_preferred_20260816,11,3723452138,7,robustness_K_equals_d_hat,499,499,0,0.0,1.0,96837.1061913582,49900.0,1.9406233705683005,96837.1061913582,49900.0,1.9406233705683005,1.0,0.018744595340745504,2.1783567134268536,0.6129890106017399,0.0,0.9000000000000006
formal_preferred_20260816,11,3723452138,8,primary_fixed_K,499,499,0,0.0,1.0,95823.51259896629,49900.0,1.9203108737267793,95823.51259896629,49900.0,1.9203108737267793,1.0,0.0029395068934728098,2.2404809619238475,0.49321151602169877,0.0,0.9000000000000006
formal_preferred_20260816,11,3723452138,8,robustness_K_equals_d_hat,499,499,0,0.0,1.0,96845.03891912237,49900.0,1.9407823430685844,96845.03891912237,49900.0,1.9407823430685844,1.0,0.005606151290849442,2.2404809619238475,0.49321151602169877,0.0,0.9000000000000006
formal_preferred_20260816,11,3723452138,9,primary_fixed_K,499,499,0,0.0,1.0,95800.11418617482,49900.0,1.919841967658814,95800.11418617482,49900.0,1.919841967658814,1.0,0.008798080304779474,2.635270541082164,0.6203044311490308,0.06012024048096192,0.9000000000000006
formal_preferred_20260816,11,3723452138,9,robustness_K_equals_d_hat,499,499,0,0.0,1.0,96520.25863713356,49900.0,1.9342737201830373,96520.25863713356,49900.0,1.9342737201830373,1.0,0.009192944944338578,2.635270541082164,0.6203044311490308,0.06012024048096192,0.9000000000000006
formal_preferred_20260816,12,2557843024,1,primary_fixed_K,499,499,0,0.0,1.0,105351.60606872378,49900.0,2.111254630635747,105351.60606872378,49900.0,2.111254630635747,1.0,0.017602414755266797,6.0,0.0,0.0,0.8999999999999988
formal_preferred_20260816,12,2557843024,1,robustness_K_equals_d_hat,499,499,0,0.0,1.0,106375.36624259445,49900.0,2.131770866585059,106375.36624259445,49900.0,2.131770866585059,1.0,0.010949983347278239,6.0,0.0,0.0,0.8999999999999988
formal_preferred_20260816,12,2557843024,2,primary_fixed_K,499,499,0,0.0,1.0,101041.361744861,49900.0,2.02487698887497,101041.361744861,49900.0,2.02487698887497,1.0,0.035236629154124115,5.0,0.0,0.0,0.8999999999999988
formal_preferred_20260816,12,2557843024,2,robustness_K_equals_d_hat,499,499,0,0.0,1.0,101396.5773775739,49900.0,2.0319955386287356,101396.5773775739,49900.0,2.0319955386287356,1.0,0.0293021763439747,5.0,0.0,0.0,0.8999999999999988
formal_preferred_20260816,12,2557843024,3,primary_fixed_K,499,499,0,0.0,1.0,97788.24616228204,49900.0,1.9596842918292994,97788.24616228204,49900.0,1.9596842918292994,1.0,0.1268437710204556,4.0,0.0,1.0,0.8999999999999988
formal_preferred_20260816,12,2557843024,3,robustness_K_equals_d_hat,499,499,0,0.0,1.0,97788.24616228204,49900.0,1.9596842918292994,97788.24616228204,49900.0,1.9596842918292994,1.0,0.1268437710204556,4.0,0.0,1.0,0.8999999999999988
formal_preferred_20260816,12,2557843024,4,primary_fixed_K,499,499,0,0.0,1.0,94778.875572822,49900.0,1.8993762639844087,94778.875572822,49900.0,1.8993762639844087,1.0,0.3119795430563299,3.0,0.0,0.0,0.8999999999999988
formal_preferred_20260816,12,2557843024,4,robustness_K_equals_d_hat,499,499,0,0.0,1.0,95072.38049265774,49900.0,1.9052581261053656,95072.38049265774,49900.0,1.9052581261053656,1.0,0.2964272260519703,3.0,0.0,0.0,0.8999999999999988
formal_preferred_20260816,12,2557843024,5,primary_fixed_K,499,499,0,0.0,1.0,94002.77196767487,49900.0,1.8838230855245464,94002.77196767487,49900.0,1.8838230855245464,1.0,0.6310183247863078,2.0,0.0,0.0,0.8999999999999988
formal_preferred_20260816,12,2557843024,5,robustness_K_equals_d_hat,499,499,0,0.0,1.0,95023.99656924521,49900.0,1.9042885084017076,95023.99656924521,49900.0,1.9042885084017076,1.0,0.2909208886897806,2.0,0.0,0.0,0.8999999999999988
formal_preferred_20260816,12,2557843024,6,primary_fixed_K,499,499,0,0.0,1.0,94545.03918545732,49900.0,1.894690164037221,94545.03918545732,49900.0,1.894690164037221,1.0,0.2655564734788183,1.9218436873747495,0.30376454567984307,0.0,0.8999999999999988
formal_preferred_20260816,12,2557843024,6,robustness_K_equals_d_hat,499,499,0,0.0,1.0,95752.10660183255,49900.0,1.9188798918202916,95752.10660183255,49900.0,1.9188798918202916,1.0,0.2410747206442283,1.9218436873747495,0.30376454567984307,0.0,0.8999999999999988
formal_preferred_20260816,12,2557843024,7,primary_fixed_K,499,499,0,0.0,1.0,94103.684514905,49900.0,1.8858453810602205,94103.684514905,49900.0,1.8858453810602205,1.0,0.010449644828627872,2.0541082164328657,0.3894674516518814,0.0,0.8999999999999988
formal_preferred_20260816,12,2557843024,7,robustness_K_equals_d_hat,499,499,0,0.0,1.0,95177.99423303876,49900.0,1.9073746339286324,95177.99423303876,49900.0,1.9073746339286324,1.0,0.005924738515522842,2.0541082164328657,0.3894674516518814,0.0,0.8999999999999988
formal_preferred_20260816,12,2557843024,8,primary_fixed_K,499,499,0,0.0,1.0,94405.39566593707,49900.0,1.8918916967121657,94405.39566593707,49900.0,1.8918916967121657,1.0,0.0008938631489331528,2.1222444889779557,0.32789668692114604,0.0,0.8999999999999988
formal_preferred_20260816,12,2557843024,8,robustness_K_equals_d_hat,499,499,0,0.0,1.0,95337.76440914409,49900.0,1.910576441065012,95337.76440914409,49900.0,1.910576441065012,1.0,0.004059013782089435,2.1222444889779557,0.32789668692114604,0.0,0.8999999999999988
formal_preferred_20260816,12,2557843024,9,primary_fixed_K,499,499,0,0.0,1.0,94433.05917838523,49900.0,1.8924460757191428,94433.05917838523,49900.0,1.8924460757191428,1.0,-0.0032793395374905356,2.1683366733466936,0.49059368885865684,0.0,0.8999999999999988
formal_preferred_20260816,12,2557843024,9,robustness_K_equals_d_hat,499,499,0,0.0,1.0,95272.96252100759,49900.0,1.9092778060322162,95272.96252100759,49900.0,1.9092778060322162,1.0,-0.001418234524446584,2.1683366733466936,0.49059368885865684,0.0,0.8999999999999988
formal_preferred_20260816,13,349997695,1,primary_fixed_K,499,499,0,0.0,1.0,107261.75042233622,49900.0,2.1495340765999242,107261.75042233622,49900.0,2.1495340765999242,1.0,0.001213788372438682,6.0,0.0,0.0,0.9280672150657668
formal_preferred_20260816,13,349997695,1,robustness_K_equals_d_hat,499,499,0,0.0,1.0,108770.93272541626,49900.0,2.1797782109301855,108770.93272541626,49900.0,2.1797782109301855,1.0,-0.007383782607686903,6.0,0.0,0.0,0.9280672150657668
formal_preferred_20260816,13,349997695,2,primary_fixed_K,499,499,0,0.0,1.0,103873.37740538114,49900.0,2.081630809727077,103873.37740538114,49900.0,2.081630809727077,1.0,0.08478036086351633,5.0,0.0,0.0,0.9280672150657668
formal_preferred_20260816,13,349997695,2,robustness_K_equals_d_hat,499,499,0,0.0,1.0,104128.39100084137,49900.0,2.0867413026220714,104128.39100084137,49900.0,2.0867413026220714,1.0,0.029345901141043,5.0,0.0,0.0,0.9280672150657668
formal_preferred_20260816,13,349997695,3,primary_fixed_K,499,499,0,0.0,1.0,100414.7375909467,49900.0,2.012319390600134,100414.7375909467,49900.0,2.012319390600134,1.0,0.09748843027925715,4.0,0.0,1.0,0.9280672150657668
formal_preferred_20260816,13,349997695,3,robustness_K_equals_d_hat,499,499,0,0.0,1.0,100414.7375909467,49900.0,2.012319390600134,100414.7375909467,49900.0,2.012319390600134,1.0,0.09748843027925715,4.0,0.0,1.0,0.9280672150657668
formal_preferred_20260816,13,349997695,4,primary_fixed_K,499,499,0,0.0,1.0,95635.99539219146,49900.0,1.9165530138715723,95635.99539219146,49900.0,1.9165530138715723,1.0,0.32325579685277267,3.0,0.0,0.0,0.9280672150657668
formal_preferred_20260816,13,349997695,4,robustness_K_equals_d_hat,499,499,0,0.0,1.0,95935.64353233416,49900.0,1.922557986619923,95935.64353233416,49900.0,1.922557986619923,1.0,0.38176169769478996,3.0,0.0,0.0,0.9280672150657668
formal_preferred_20260816,13,349997695,5,primary_fixed_K,499,499,0,0.0,1.0,94976.28495100504,49900.0,1.903332363747596,94976.28495100504,49900.0,1.903332363747596,1.0,0.6509396071751646,2.0,0.0,0.0,0.9280672150657668
formal_preferred_20260816,13,349997695,5,robustness_K_equals_d_hat,499,499,0,0.0,1.0,96370.28365201995,49900.0,1.9312682094593177,96370.28365201995,49900.0,1.9312682094593177,1.0,0.3105829967098732,2.0,0.0,0.0,0.9280672150657668
formal_preferred_20260816,13,349997695,6,primary_fixed_K,499,499,0,0.0,1.0,94956.52889744955,49900.0,1.9029364508506923,94956.52889744955,49900.0,1.9029364508506923,1.0,0.2779408559136329,1.4248496993987976,0.4948162283659721,0.0,0.9280672150657668
formal_preferred_20260816,13,349997695,6,robustness_K_equals_d_hat,499,499,0,0.0,1.0,96643.94355631969,49900.0,1.9367523758781502,96643.94355631969,49900.0,1.9367523758781502,1.0,0.1343058309793871,1.4248496993987976,0.4948162283659721,0.0,0.9280672150657668
formal_preferred_20260816,13,349997695,7,primary_fixed_K,499,499,0,0.0,1.0,94581.4744443683,49900.0,1.895420329546459,94581.4744443683,49900.0,1.895420329546459,1.0,0.018878447795982863,2.094188376753507,0.5607173157822445,0.0,0.9280672150657668
formal_preferred_20260816,13,349997695,7,robustness_K_equals_d_hat,499,499,0,0.0,1.0,95553.18544708175,49900.0,1.914893495933502,95553.18544708175,49900.0,1.914893495933502,1.0,0.0030443884705054795,2.094188376753507,0.5607173157822445,0.0,0.9280672150657668
formal_preferred_20260816,13,349997695,8,primary_fixed_K,499,499,0,0.0,1.0,94582.02559221069,49900.0,1.8954313745934006,94582.02559221069,49900.0,1.8954313745934006,1.0,0.0016374311301375212,2.158316633266533,0.46675197005485447,0.0,0.9280672150657668
formal_preferred_20260816,13,349997695,8,robustness_K_equals_d_hat,499,499,0,0.0,1.0,95299.25973063643,49900.0,1.909804804221171,95299.25973063643,49900.0,1.909804804221171,1.0,-0.0004952235742175564,2.158316633266533,0.46675197005485447,0.0,0.9280672150657668
formal_preferred_20260816,13,349997695,9,primary_fixed_K,499,499,0,0.0,1.0,94607.29687580852,49900.0,1.8959378131424554,94607.29687580852,49900.0,1.8959378131424554,1.0,-0.0018797817788982726,1.9619238476953909,0.6590070312838473,0.002004008016032064,0.9280672150657668
formal_preferred_20260816,13,349997695,9,robustness_K_equals_d_hat,499,499,0,0.0,1.0,95874.80098965624,49900.0,1.9213386971875,95874.80098965624,49900.0,1.9213386971875,1.0,-0.0005510421609639346,1.9619238476953909,0.6590070312838473,0.002004008016032064,0.9280672150657668
formal_preferred_20260816,14,3902369840,1,primary_fixed_K,499,499,0,0.0,1.0,107610.03211745183,49900.0,2.1565136696884135,107610.03211745183,49900.0,2.1565136696884135,1.0,0.03409183697417083,4.559118236472946,0.49699096988242336,0.4408817635270541,0.9000000000000004
formal_preferred_20260816,14,3902369840,1,robustness_K_equals_d_hat,499,499,0,0.0,1.0,107709.7420090348,49900.0,2.158511863908513,107709.7420090348,49900.0,2.158511863908513,1.0,0.035427284457602994,4.559118236472946,0.49699096988242336,0.4408817635270541,0.9000000000000004
formal_preferred_20260816,14,3902369840,2,primary_fixed_K,499,499,0,0.0,1.0,103623.01995272157,49900.0,2.0766136263070454,103623.01995272157,49900.0,2.0766136263070454,1.0,0.036395196569533474,4.83567134268537,0.37094541675189613,0.16432865731462926,0.9000000000000004
formal_preferred_20260816,14,3902369840,2,robustness_K_equals_d_hat,499,499,0,0.0,1.0,103628.76107187761,49900.0,2.0767286787951424,103628.76107187761,49900.0,2.0767286787951424,1.0,0.029041921395343416,4.83567134268537,0.37094541675189613,0.16432865731462926,0.9000000000000004
formal_preferred_20260816,14,3902369840,3,primary_fixed_K,499,499,0,0.0,1.0,100363.44779317066,49900.0,2.011291538941296,100363.44779317066,49900.0,2.011291538941296,1.0,0.05590557989088843,4.0,0.0,1.0,0.9000000000000004
formal_preferred_20260816,14,3902369840,3,robustness_K_equals_d_hat,499,499,0,0.0,1.0,100363.44779317066,49900.0,2.011291538941296,100363.44779317066,49900.0,2.011291538941296,1.0,0.05590557989088843,4.0,0.0,1.0,0.9000000000000004
formal_preferred_20260816,14,3902369840,4,primary_fixed_K,499,499,0,0.0,1.0,96665.45818863198,49900.0,1.9371835308343082,96665.45818863198,49900.0,1.9371835308343082,1.0,0.1820276202869167,3.0,0.0,0.0,0.9000000000000004
formal_preferred_20260816,14,3902369840,4,robustness_K_equals_d_hat,499,499,0,0.0,1.0,96727.72458487625,49900.0,1.9384313544063378,96727.72458487625,49900.0,1.9384313544063378,1.0,0.22188871086300305,3.0,0.0,0.0,0.9000000000000004
formal_preferred_20260816,14,3902369840,5,primary_fixed_K,499,499,0,0.0,1.0,95478.78419446928,49900.0,1.9134024888671197,95478.78419446928,49900.0,1.9134024888671197,1.0,0.5964616016185105,2.533066132264529,0.4994060906806292,0.0,0.9000000000000004
formal_preferred_20260816,14,3902369840,5,robustness_K_equals_d_hat,499,499,0,0.0,1.0,96224.77537334089,49900.0,1.928352211890599,96224.77537334089,49900.0,1.928352211890599,1.0,0.4711594746308319,2.533066132264529,0.4994060906806292,0.0,0.9000000000000004
formal_preferred_20260816,14,3902369840,6,primary_fixed_K,499,499,0,0.0,1.0,96192.25211608503,49900.0,1.9277004432081168,96192.25211608503,49900.0,1.9277004432081168,1.0,0.2671923668750505,2.12625250501002,0.35580694018451964,0.0,0.9000000000000004
formal_preferred_20260816,14,3902369840,6,robustness_K_equals_d_hat,499,499,0,0.0,1.0,97328.96496017615,49900.0,1.950480259722969,97328.96496017615,49900.0,1.950480259722969,1.0,0.15609866637013256,2.12625250501002,0.35580694018451964,0.0,0.9000000000000004
formal_preferred_20260816,14,3902369840,7,primary_fixed_K,499,499,0,0.0,1.0,96124.54617389802,49900.0,1.9263436106993592,96124.54617389802,49900.0,1.9263436106993592,1.0,0.05534942628024375,2.1162324649298596,0.37292536435277224,0.0,0.9000000000000004
formal_preferred_20260816,14,3902369840,7,robustness_K_equals_d_hat,499,499,0,0.0,1.0,97247.05236623723,49900.0,1.948838724774293,97247.05236623723,49900.0,1.948838724774293,1.0,0.021185964993449914,2.1162324649298596,0.37292536435277224,0.0,0.9000000000000004
formal_preferred_20260816,14,3902369840,8,primary_fixed_K,499,499,0,0.0,1.0,95902.5859454528,49900.0,1.9218955099289137,95902.5859454528,49900.0,1.9218955099289137,1.0,0.012469404948234477,2.132264529058116,0.48111012249191265,0.0,0.9000000000000004
formal_preferred_20260816,14,3902369840,8,robustness_K_equals_d_hat,499,499,0,0.0,1.0,97050.06116214488,49900.0,1.9448910052534043,97050.06116214488,49900.0,1.9448910052534043,1.0,0.008372125426150519,2.132264529058116,0.48111012249191265,0.0,0.9000000000000004
formal_preferred_20260816,14,3902369840,9,primary_fixed_K,499,499,0,0.0,1.0,96145.95292856726,49900.0,1.926772603778903,96145.95292856726,49900.0,1.926772603778903,1.0,0.0022279093604189804,2.2364729458917836,0.5489972465106187,0.0,0.9000000000000004
formal_preferred_20260816,14,3902369840,9,robustness_K_equals_d_hat,499,499,0,0.0,1.0,97045.68954770705,49900.0,1.9448033977496404,97045.68954770705,49900.0,1.9448033977496404,1.0,-0.0009574231699071091,2.2364729458917836,0.5489972465106187,0.0,0.9000000000000004
formal_preferred_20260816,15,883069729,1,primary_fixed_K,499,499,0,0.0,1.0,107616.67123856199,49900.0,2.156646718207655,107616.67123856199,49900.0,2.156646718207655,1.0,0.0030510933336160805,6.0,0.0,0.0,0.9610944306845408
formal_preferred_20260816,15,883069729,1,robustness_K_equals_d_hat,499,499,0,0.0,1.0,109840.47887679175,49900.0,2.201212001538913,109840.47887679175,49900.0,2.201212001538913,1.0,0.004279874508488966,6.0,0.0,0.0,0.9610944306845408
formal_preferred_20260816,15,883069729,2,primary_fixed_K,499,499,0,0.0,1.0,105372.05853573278,49900.0,2.1116644997140837,105372.05853573278,49900.0,2.1116644997140837,1.0,0.012154038046475732,5.0,0.0,0.0,0.9610944306845408
formal_preferred_20260816,15,883069729,2,robustness_K_equals_d_hat,499,499,0,0.0,1.0,105867.14635941258,49900.0,2.1215860993870255,105867.14635941258,49900.0,2.1215860993870255,1.0,0.011046478244962507,5.0,0.0,0.0,0.9610944306845408
formal_preferred_20260816,15,883069729,3,primary_fixed_K,499,499,0,0.0,1.0,100514.30745677899,49900.0,2.014314778692966,100514.30745677899,49900.0,2.014314778692966,1.0,0.19606977608375908,4.0,0.0,1.0,0.9610944306845408
formal_preferred_20260816,15,883069729,3,robustness_K_equals_d_hat,499,499,0,0.0,1.0,100514.30745677899,49900.0,2.014314778692966,100514.30745677899,49900.0,2.014314778692966,1.0,0.19606977608375908,4.0,0.0,1.0,0.9610944306845408
formal_preferred_20260816,15,883069729,4,primary_fixed_K,499,499,0,0.0,1.0,95725.87229833237,49900.0,1.9183541542751978,95725.87229833237,49900.0,1.9183541542751978,1.0,0.37421476336966386,3.0,0.0,0.0,0.9610944306845408
formal_preferred_20260816,15,883069729,4,robustness_K_equals_d_hat,499,499,0,0.0,1.0,95640.2142053502,49900.0,1.916637559225455,95640.2142053502,49900.0,1.916637559225455,1.0,0.41143154540669047,3.0,0.0,0.0,0.9610944306845408
formal_preferred_20260816,15,883069729,5,primary_fixed_K,499,499,0,0.0,1.0,94990.79984683823,49900.0,1.9036232434236118,94990.79984683823,49900.0,1.9036232434236118,1.0,0.6393554721274378,2.0,0.0,0.0,0.9610944306845408
formal_preferred_20260816,15,883069729,5,robustness_K_equals_d_hat,499,499,0,0.0,1.0,96148.50071107544,49900.0,1.926823661544598,96148.50071107544,49900.0,1.926823661544598,1.0,0.31600721768698,2.0,0.0,0.0,0.9610944306845408
formal_preferred_20260816,15,883069729,6,primary_fixed_K,499,499,0,0.0,1.0,95449.6765963966,49900.0,1.912819170268469,95449.6765963966,49900.0,1.912819170268469,1.0,0.2585441704705038,1.1322645290581161,0.33911810112462343,0.0,0.9610944306845408
formal_preferred_20260816,15,883069729,6,robustness_K_equals_d_hat,499,499,0,0.0,1.0,96798.14721283031,49900.0,1.9398426295156375,96798.14721283031,49900.0,1.9398426295156375,1.0,0.03936189646550655,1.1322645290581161,0.33911810112462343,0.0,0.9610944306845408
formal_preferred_20260816,15,883069729,7,primary_fixed_K,499,499,0,0.0,1.0,94625.32912652066,49900.0,1.8962991808921976,94625.32912652066,49900.0,1.8962991808921976,1.0,0.012954662519625626,2.038076152304609,0.4304582248555699,0.0,0.9610944306845408
formal_preferred_20260816,15,883069729,7,robustness_K_equals_d_hat,499,499,0,0.0,1.0,95538.82606413282,49900.0,1.9146057327481527,95538.82606413282,49900.0,1.9146057327481527,1.0,0.00896699614650915,2.038076152304609,0.4304582248555699,0.0,0.9610944306845408
formal_preferred_20260816,15,883069729,8,primary_fixed_K,499,499,0,0.0,1.0,94397.41712597462,49900.0,1.8917318061317558,94397.41712597462,49900.0,1.8917318061317558,1.0,0.004360115782858593,1.781563126252505,0.41360007447954616,0.0,0.9610944306845408
formal_preferred_20260816,15,883069729,8,robustness_K_equals_d_hat,499,499,0,0.0,1.0,95797.14467373141,49900.0,1.919782458391411,95797.14467373141,49900.0,1.919782458391411,1.0,9.556120640755289e-05,1.781563126252505,0.41360007447954616,0.0,0.9610944306845408
formal_preferred_20260816,15,883069729,9,primary_fixed_K,499,499,0,0.0,1.0,94480.93877179839,49900.0,1.8934055866091861,94480.93877179839,49900.0,1.8934055866091861,1.0,-0.0034003098720764057,1.7555110220440882,0.6048205693120959,0.0,0.9610944306845408
formal_preferred_20260816,15,883069729,9,robustness_K_equals_d_hat,499,499,0,0.0,1.0,95842.17691827168,49900.0,1.9206849081817972,95842.17691827168,49900.0,1.9206849081817972,1.0,-0.002657042440502635,1.7555110220440882,0.6048205693120959,0.0,0.9610944306845408
formal_preferred_20260816,16,587737673,1,primary_fixed_K,499,499,0,0.0,1.0,108489.21210842342,49900.0,2.174132507182834,108489.21210842342,49900.0,2.174132507182834,1.0,0.003323233830052813,5.945891783567134,0.22645814065850647,0.0,0.9031479498375986
formal_preferred_20260816,16,587737673,1,robustness_K_equals_d_hat,499,499,0,0.0,1.0,109705.11849273308,49900.0,2.198499368591845,109705.11849273308,49900.0,2.198499368591845,1.0,0.002092230974729516,5.945891783567134,0.22645814065850647,0.0,0.9031479498375986
formal_preferred_20260816,16,587737673,2,primary_fixed_K,499,499,0,0.0,1.0,103669.92008234086,49900.0,2.0775535086641455,103669.92008234086,49900.0,2.0775535086641455,1.0,0.014693262850867797,5.0,0.0,0.0,0.9031479498375986
formal_preferred_20260816,16,587737673,2,robustness_K_equals_d_hat,499,499,0,0.0,1.0,103918.81770115797,49900.0,2.0825414368969533,103918.81770115797,49900.0,2.0825414368969533,1.0,0.00841964192841331,5.0,0.0,0.0,0.9031479498375986
formal_preferred_20260816,16,587737673,3,primary_fixed_K,499,499,0,0.0,1.0,100580.38371132006,49900.0,2.0156389521306624,100580.38371132006,49900.0,2.0156389521306624,1.0,0.059284063987668376,4.0,0.0,1.0,0.9031479498375986
formal_preferred_20260816,16,587737673,3,robustness_K_equals_d_hat,499,499,0,0.0,1.0,100580.38371132006,49900.0,2.0156389521306624,100580.38371132006,49900.0,2.0156389521306624,1.0,0.059284063987668376,4.0,0.0,1.0,0.9031479498375986
formal_preferred_20260816,16,587737673,4,primary_fixed_K,499,499,0,0.0,1.0,95133.7291194137,49900.0,1.9064875575032807,95133.7291194137,49900.0,1.9064875575032807,1.0,0.3569245375814682,3.0,0.0,0.0,0.9031479498375986
formal_preferred_20260816,16,587737673,4,robustness_K_equals_d_hat,499,499,0,0.0,1.0,95481.5647575593,49900.0,1.9134582115743348,95481.5647575593,49900.0,1.9134582115743348,1.0,0.341128756445753,3.0,0.0,0.0,0.9031479498375986
formal_preferred_20260816,16,587737673,5,primary_fixed_K,499,499,0,0.0,1.0,94432.83331268004,49900.0,1.8924415493523055,94432.83331268004,49900.0,1.8924415493523055,1.0,0.6519938217393726,2.0,0.0,0.0,0.9031479498375986
formal_preferred_20260816,16,587737673,5,robustness_K_equals_d_hat,499,499,0,0.0,1.0,96093.35034025302,49900.0,1.9257184436924453,96093.35034025302,49900.0,1.9257184436924453,1.0,0.32637952251683794,2.0,0.0,0.0,0.9031479498375986
formal_preferred_20260816,16,587737673,6,primary_fixed_K,499,499,0,0.0,1.0,96588.89151784318,49900.0,1.9356491286140918,96588.89151784318,49900.0,1.9356491286140918,1.0,0.25166824867097937,1.1182364729458918,0.3232119428989535,0.0,0.9031479498375986
formal_preferred_20260816,16,587737673,6,robustness_K_equals_d_hat,499,499,0,0.0,1.0,99260.28483357935,49900.0,1.9891840648011894,99260.28483357935,49900.0,1.9891840648011894,1.0,0.03328479920060743,1.1182364729458918,0.3232119428989535,0.0,0.9031479498375986
formal_preferred_20260816,16,587737673,7,primary_fixed_K,499,499,0,0.0,1.0,94913.94427208425,49900.0,1.9020830515447746,94913.94427208425,49900.0,1.9020830515447746,1.0,0.025490495057743957,1.7875751503006012,0.40943433878318936,0.0,0.9031479498375986
formal_preferred_20260816,16,587737673,7,robustness_K_equals_d_hat,499,499,0,0.0,1.0,96346.00854966753,49900.0,1.930781734462275,96346.00854966753,49900.0,1.930781734462275,1.0,0.005223223900909381,1.7875751503006012,0.40943433878318936,0.0,0.9031479498375986
formal_preferred_20260816,16,587737673,8,primary_fixed_K,499,499,0,0.0,1.0,95187.57280124634,49900.0,1.9075665892033333,95187.57280124634,49900.0,1.9075665892033333,1.0,0.009363710330963754,1.751503006012024,0.45519397150859897,0.0,0.9031479498375986
formal_preferred_20260816,16,587737673,8,robustness_K_equals_d_hat,499,499,0,0.0,1.0,96824.08910683519,49900.0,1.9403625071510058,96824.08910683519,49900.0,1.9403625071510058,1.0,0.008057744991364033,1.751503006012024,0.45519397150859897,0.0,0.9031479498375986
formal_preferred_20260816,16,587737673,9,primary_fixed_K,499,499,0,0.0,1.0,95078.32380074117,49900.0,1.905377230475775,95078.32380074117,49900.0,1.905377230475775,1.0,0.003220956534486854,1.965931863727455,0.5459247371582444,0.0,0.9031479498375986
formal_preferred_20260816,16,587737673,9,robustness_K_equals_d_hat,499,499,0,0.0,1.0,96407.76552938402,49900.0,1.932019349286253,96407.76552938402,49900.0,1.932019349286253,1.0,0.004329492297284047,1.965931863727455,0.5459247371582444,0.0,0.9031479498375986
formal_preferred_20260816,17,1621160096,1,primary_fixed_K,499,499,0,0.0,1.0,107085.29165657744,49900.0,2.145997828789127,107085.29165657744,49900.0,2.145997828789127,1.0,-0.007081927454566983,5.6913827655310625,0.46238630620752647,0.0,0.9252181344303488
formal_preferred_20260816,17,1621160096,1,robustness_K_equals_d_hat,499,499,0,0.0,1.0,108088.92722986033,49900.0,2.1661107661294654,108088.92722986033,49900.0,2.1661107661294654,1.0,-0.007034851972396056,5.6913827655310625,0.46238630620752647,0.0,0.9252181344303488
formal_preferred_20260816,17,1621160096,2,primary_fixed_K,499,499,0,0.0,1.0,103037.39314378845,49900.0,2.0648776181119928,103037.39314378845,49900.0,2.0648776181119928,1.0,0.016163462928717887,5.0,0.0,0.0,0.9252181344303488
formal_preferred_20260816,17,1621160096,2,robustness_K_equals_d_hat,499,499,0,0.0,1.0,103026.1192282516,49900.0,2.0646516879409136,103026.1192282516,49900.0,2.0646516879409136,1.0,-0.007592007350507467,5.0,0.0,0.0,0.9252181344303488
formal_preferred_20260816,17,1621160096,3,primary_fixed_K,499,499,0,0.0,1.0,100168.48533635755,49900.0,2.007384475678508,100168.48533635755,49900.0,2.007384475678508,1.0,0.11855364101940741,4.0,0.0,1.0,0.9252181344303488
formal_preferred_20260816,17,1621160096,3,robustness_K_equals_d_hat,499,499,0,0.0,1.0,100168.48533635755,49900.0,2.007384475678508,100168.48533635755,49900.0,2.007384475678508,1.0,0.11855364101940741,4.0,0.0,1.0,0.9252181344303488
formal_preferred_20260816,17,1621160096,4,primary_fixed_K,499,499,0,0.0,1.0,96218.67143306587,49900.0,1.9282298884381939,96218.67143306587,49900.0,1.9282298884381939,1.0,0.3543866522650178,3.0,0.0,0.0,0.9252181344303488
formal_preferred_20260816,17,1621160096,4,robustness_K_equals_d_hat,499,499,0,0.0,1.0,96240.60201591768,49900.0,1.9286693790765066,96240.60201591768,49900.0,1.9286693790765066,1.0,0.31200731970015894,3.0,0.0,0.0,0.9252181344303488
formal_preferred_20260816,17,1621160096,5,primary_fixed_K,499,499,0,0.0,1.0,94961.35222297667,49900.0,1.903033110680895,94961.35222297667,49900.0,1.903033110680895,1.0,0.7136635852127559,2.0,0.0,0.0,0.9252181344303488
formal_preferred_20260816,17,1621160096,5,robustness_K_equals_d_hat,499,499,0,0.0,1.0,96500.3722360161,49900.0,1.9338751951105433,96500.3722360161,49900.0,1.9338751951105433,1.0,0.326530612244898,2.0,0.0,0.0,0.9252181344303488
formal_preferred_20260816,17,1621160096,6,primary_fixed_K,499,499,0,0.0,1.0,95660.83612072785,49900.0,1.9170508240626825,95660.83612072785,49900.0,1.9170508240626825,1.0,0.3514071093674534,1.1442885771543085,0.3517347212692618,0.0,0.9252181344303488
formal_preferred_20260816,17,1621160096,6,robustness_K_equals_d_hat,499,499,0,0.0,1.0,98477.6882790954,49900.0,1.9735007671161402,98477.6882790954,49900.0,1.9735007671161402,1.0,0.029968998049493895,1.1442885771543085,0.3517347212692618,0.0,0.9252181344303488
formal_preferred_20260816,17,1621160096,7,primary_fixed_K,499,499,0,0.0,1.0,95496.22273783304,49900.0,1.9137519586740088,95496.22273783304,49900.0,1.9137519586740088,1.0,0.03493590783462745,2.190380761523046,0.5684365715311037,0.014028056112224449,0.9252181344303488
formal_preferred_20260816,17,1621160096,7,robustness_K_equals_d_hat,499,499,0,0.0,1.0,96585.44506084581,49900.0,1.9355800613395955,96585.44506084581,49900.0,1.9355800613395955,1.0,0.03452929786568899,2.190380761523046,0.5684365715311037,0.014028056112224449,0.9252181344303488
formal_preferred_20260816,17,1621160096,8,primary_fixed_K,499,499,0,0.0,1.0,95411.36205774659,49900.0,1.912051343842617,95411.36205774659,49900.0,1.912051343842617,1.0,0.011144478461362699,2.3607214428857715,0.5434349701927875,0.0,0.9252181344303488
formal_preferred_20260816,17,1621160096,8,robustness_K_equals_d_hat,499,499,0,0.0,1.0,96346.03491876362,49900.0,1.9307822629010745,96346.03491876362,49900.0,1.9307822629010745,1.0,0.010379826439306442,2.3607214428857715,0.5434349701927875,0.0,0.9252181344303488
formal_preferred_20260816,17,1621160096,9,primary_fixed_K,499,499,0,0.0,1.0,95259.94831506483,49900.0,1.9090170003019005,95259.94831506483,49900.0,1.9090170003019005,1.0,0.003935064628492906,2.2104208416833666,0.535685972460412,0.0,0.9252181344303488
formal_preferred_20260816,17,1621160096,9,robustness_K_equals_d_hat,499,499,0,0.0,1.0,96225.91868133801,49900.0,1.9283751238745093,96225.91868133801,49900.0,1.9283751238745093,1.0,0.0046298920611970796,2.2104208416833666,0.535685972460412,0.0,0.9252181344303488
formal_preferred_20260816,18,3367057627,1,primary_fixed_K,499,499,0,0.0,1.0,109512.9747279697,49900.0,2.1946487921436812,109512.9747279697,49900.0,2.1946487921436812,1.0,0.001833622841793398,5.480961923847695,0.5001388126116904,0.0,0.9191845537859016
formal_preferred_20260816,18,3367057627,1,robustness_K_equals_d_hat,499,499,0,0.0,1.0,110540.256946643,49900.0,2.2152356101531665,110540.256946643,49900.0,2.2152356101531665,1.0,0.004111860788589447,5.480961923847695,0.5001388126116904,0.0,0.9191845537859016
formal_preferred_20260816,18,3367057627,2,primary_fixed_K,499,499,0,0.0,1.0,106325.32178669762,49900.0,2.130767971677307,106325.32178669762,49900.0,2.130767971677307,1.0,0.00388460526417667,5.0,0.0,0.0,0.9191845537859016
formal_preferred_20260816,18,3367057627,2,robustness_K_equals_d_hat,499,499,0,0.0,1.0,106729.51374900778,49900.0,2.1388680110021596,106729.51374900778,49900.0,2.1388680110021596,1.0,0.005187287176589167,5.0,0.0,0.0,0.9191845537859016
formal_preferred_20260816,18,3367057627,3,primary_fixed_K,499,499,0,0.0,1.0,103370.14649790569,49900.0,2.071546022002118,103370.14649790569,49900.0,2.071546022002118,1.0,0.0109836227302244,4.0,0.0,1.0,0.9191845537859016
formal_preferred_20260816,18,3367057627,3,robustness_K_equals_d_hat,499,499,0,0.0,1.0,103370.14649790569,49900.0,2.071546022002118,103370.14649790569,49900.0,2.071546022002118,1.0,0.0109836227302244,4.0,0.0,1.0,0.9191845537859016
formal_preferred_20260816,18,3367057627,4,primary_fixed_K,499,499,0,0.0,1.0,98925.46830580529,49900.0,1.982474314745597,98925.46830580529,49900.0,1.982474314745597,1.0,0.22615743122389328,3.0,0.0,0.0,0.9191845537859016
formal_preferred_20260816,18,3367057627,4,robustness_K_equals_d_hat,499,499,0,0.0,1.0,99528.06368499124,49900.0,1.9945503744487223,99528.06368499124,49900.0,1.9945503744487223,1.0,0.08334328464899936,3.0,0.0,0.0,0.9191845537859016
formal_preferred_20260816,18,3367057627,5,primary_fixed_K,499,499,0,0.0,1.0,97242.55276406059,49900.0,1.9487485523859838,97242.55276406059,49900.0,1.9487485523859838,1.0,0.6239399644827256,2.0501002004008018,0.2183706319805956,0.0,0.9191845537859016
formal_preferred_20260816,18,3367057627,5,robustness_K_equals_d_hat,499,499,0,0.0,1.0,98254.66121593297,49900.0,1.9690312868924442,98254.66121593297,49900.0,1.9690312868924442,1.0,0.34304869476323474,2.0501002004008018,0.2183706319805956,0.0,0.9191845537859016
formal_preferred_20260816,18,3367057627,6,primary_fixed_K,499,499,0,0.0,1.0,98086.81124020062,49900.0,1.9656675599238602,98086.81124020062,49900.0,1.9656675599238602,1.0,0.29836149087757,1.7555110220440882,0.4302150967792094,0.0,0.9191845537859016
formal_preferred_20260816,18,3367057627,6,robustness_K_equals_d_hat,499,499,0,0.0,1.0,99725.30949798811,49900.0,1.998503196352467,99725.30949798811,49900.0,1.998503196352467,1.0,0.16614226591868994,1.7555110220440882,0.4302150967792094,0.0,0.9191845537859016
formal_preferred_20260816,18,3367057627,7,primary_fixed_K,499,499,0,0.0,1.0,97404.05943072258,49900.0,1.9519851589323163,97404.05943072258,49900.0,1.9519851589323163,1.0,0.005629402910913969,2.182364729458918,0.3916928803136827,0.0,0.9191845537859016
formal_preferred_20260816,18,3367057627,7,robustness_K_equals_d_hat,499,499,0,0.0,1.0,98012.76607927214,49900.0,1.9641836889633697,98012.76607927214,49900.0,1.9641836889633697,1.0,0.00432654129596482,2.182364729458918,0.3916928803136827,0.0,0.9191845537859016
formal_preferred_20260816,18,3367057627,8,primary_fixed_K,499,499,0,0.0,1.0,97413.7294392615,49900.0,1.9521789466785873,97413.7294392615,49900.0,1.9521789466785873,1.0,0.0068495710478474105,2.270541082164329,0.527319800980064,0.0,0.9191845537859016
formal_preferred_20260816,18,3367057627,8,robustness_K_equals_d_hat,499,499,0,0.0,1.0,98170.49527579432,49900.0,1.967344594705297,98170.49527579432,49900.0,1.967344594705297,1.0,0.004660688980070736,2.270541082164329,0.527319800980064,0.0,0.9191845537859016
formal_preferred_20260816,18,3367057627,9,primary_fixed_K,499,499,0,0.0,1.0,97534.09096337386,49900.0,1.9545910012700174,97534.09096337386,49900.0,1.9545910012700174,1.0,0.0067782190603748625,2.2945891783567136,0.6300624543237959,0.0,0.9191845537859016
formal_preferred_20260816,18,3367057627,9,robustness_K_equals_d_hat,499,499,0,0.0,1.0,98563.41144469214,49900.0,1.9752186662262954,98563.41144469214,49900.0,1.9752186662262954,1.0,0.0038517924069982816,2.2945891783567136,0.6300624543237959,0.0,0.9191845537859016
formal_preferred_20260816,19,2147057047,1,primary_fixed_K,499,499,0,0.0,1.0,104394.83706188863,49900.0,2.0920809030438603,104394.83706188863,49900.0,2.0920809030438603,1.0,0.0222989723435945,4.474949899799599,0.4998732243847605,0.5250501002004008,0.8999999999999995
formal_preferred_20260816,19,2147057047,1,robustness_K_equals_d_hat,499,499,0,0.0,1.0,104755.15575481315,49900.0,2.09930171853333,104755.15575481315,49900.0,2.09930171853333,1.0,0.019095101608378216,4.474949899799599,0.4998732243847605,0.5250501002004008,0.8999999999999995
formal_preferred_20260816,19,2147057047,2,primary_fixed_K,499,499,0,0.0,1.0,100718.88247705407,49900.0,2.0184144784980775,100718.88247705407,49900.0,2.0184144784980775,1.0,0.020497461302249397,4.80561122244489,0.396126548116636,0.19438877755511022,0.8999999999999995
formal_preferred_20260816,19,2147057047,2,robustness_K_equals_d_hat,499,499,0,0.0,1.0,101015.55637162183,49900.0,2.02435984712669,101015.55637162183,49900.0,2.02435984712669,1.0,0.015506391000223154,4.80561122244489,0.396126548116636,0.19438877755511022,0.8999999999999995
formal_preferred_20260816,19,2147057047,3,primary_fixed_K,499,499,0,0.0,1.0,98032.81184046375,49900.0,1.964585407624524,98032.81184046375,49900.0,1.964585407624524,1.0,0.03876966757951979,4.0,0.0,1.0,0.8999999999999995
formal_preferred_20260816,19,2147057047,3,robustness_K_equals_d_hat,499,499,0,0.0,1.0,98032.81184046375,49900.0,1.964585407624524,98032.81184046375,49900.0,1.964585407624524,1.0,0.03876966757951979,4.0,0.0,1.0,0.8999999999999995
formal_preferred_20260816,19,2147057047,4,primary_fixed_K,499,499,0,0.0,1.0,94290.9132966937,49900.0,1.8895974608555852,94290.9132966937,49900.0,1.8895974608555852,1.0,0.09904836711075132,3.0,0.0,0.0,0.8999999999999995
formal_preferred_20260816,19,2147057047,4,robustness_K_equals_d_hat,499,499,0,0.0,1.0,94726.39357163924,49900.0,1.8983245204737325,94726.39357163924,49900.0,1.8983245204737325,1.0,0.0836919042265846,3.0,0.0,0.0,0.8999999999999995
formal_preferred_20260816,19,2147057047,5,primary_fixed_K,499,499,0,0.0,1.0,92667.78453025666,49900.0,1.8570698302656645,92667.78453025666,49900.0,1.8570698302656645,1.0,0.5523230091614805,2.0,0.0,0.0,0.8999999999999995
formal_preferred_20260816,19,2147057047,5,robustness_K_equals_d_hat,499,499,0,0.0,1.0,94018.3410640777,49900.0,1.884135091464483,94018.3410640777,49900.0,1.884135091464483,1.0,0.3261111507494312,2.0,0.0,0.0,0.8999999999999995
formal_preferred_20260816,19,2147057047,6,primary_fixed_K,499,499,0,0.0,1.0,94294.71880717402,49900.0,1.8896737235906618,94294.71880717402,49900.0,1.8896737235906618,1.0,0.22008889843506643,1.685370741482966,0.521819504432785,0.0,0.8999999999999995
formal_preferred_20260816,19,2147057047,6,robustness_K_equals_d_hat,499,499,0,0.0,1.0,96021.54235828482,49900.0,1.9242794059776516,96021.54235828482,49900.0,1.9242794059776516,1.0,0.1478417861646809,1.685370741482966,0.521819504432785,0.0,0.8999999999999995
formal_preferred_20260816,19,2147057047,7,primary_fixed_K,499,499,0,0.0,1.0,93221.75251206697,49900.0,1.8681713930273942,93221.75251206697,49900.0,1.8681713930273942,1.0,0.008005655822427411,2.7394789579158316,0.6178929485286933,0.09418837675350701,0.8999999999999995
formal_preferred_20260816,19,2147057047,7,robustness_K_equals_d_hat,499,499,0,0.0,1.0,93587.93073693466,49900.0,1.8755096340067068,93587.93073693466,49900.0,1.8755096340067068,1.0,0.00775585273194736,2.7394789579158316,0.6178929485286933,0.09418837675350701,0.8999999999999995
formal_preferred_20260816,19,2147057047,8,primary_fixed_K,499,499,0,0.0,1.0,93277.56659862201,49900.0,1.8692899117960322,93277.56659862201,49900.0,1.8692899117960322,1.0,0.0008504216908706832,2.687374749498998,0.532536668273564,0.008016032064128256,0.8999999999999995
formal_preferred_20260816,19,2147057047,8,robustness_K_equals_d_hat,499,499,0,0.0,1.0,93836.40542498819,49900.0,1.8804890866731099,93836.40542498819,49900.0,1.8804890866731099,1.0,0.000275117811907647,2.687374749498998,0.532536668273564,0.008016032064128256,0.8999999999999995
formal_preferred_20260816,19,2147057047,9,primary_fixed_K,499,499,0,0.0,1.0,93369.49527488147,49900.0,1.871132169837304,93369.49527488147,49900.0,1.871132169837304,1.0,0.00018565820125845882,2.6633266533066133,0.5441157997385512,0.036072144288577156,0.8999999999999995
formal_preferred_20260816,19,2147057047,9,robustness_K_equals_d_hat,499,499,0,0.0,1.0,93894.83952109798,49900.0,1.881660110643246,93894.83952109798,49900.0,1.881660110643246,1.0,0.001981696047984389,2.6633266533066133,0.5441157997385512,0.036072144288577156,0.8999999999999995
qualification_final_20260816,0,3674827978,1,primary_fixed_K,499,499,0,0.0,1.0,109285.37776261734,49900.0,2.1900877307137745,109285.37776261734,49900.0,2.1900877307137745,1.0,-0.005578388784074429,5.6312625250501,0.4829467459837201,0.0,0.9310466043855584
qualification_final_20260816,0,3674827978,1,robustness_K_equals_d_hat,499,499,0,0.0,1.0,110781.17331980723,49900.0,2.220063593583311,110781.17331980723,49900.0,2.220063593583311,1.0,-0.0016758714466882927,5.6312625250501,0.4829467459837201,0.0,0.9310466043855584
qualification_final_20260816,0,3674827978,2,primary_fixed_K,499,499,0,0.0,1.0,104626.47391267477,49900.0,2.096722924101699,104626.47391267477,49900.0,2.096722924101699,1.0,0.024285085064243143,5.0,0.0,0.0,0.9310466043855584
qualification_final_20260816,0,3674827978,2,robustness_K_equals_d_hat,499,499,0,0.0,1.0,105153.3871591139,49900.0,2.107282307797874,105153.3871591139,49900.0,2.107282307797874,1.0,0.016187152286444424,5.0,0.0,0.0,0.9310466043855584
qualification_final_20260816,0,3674827978,3,primary_fixed_K,499,499,0,0.0,1.0,102219.69597669758,49900.0,2.0484909013366246,102219.69597669758,49900.0,2.0484909013366246,1.0,0.014688484753767071,4.0,0.0,1.0,0.9310466043855584
qualification_final_20260816,0,3674827978,3,robustness_K_equals_d_hat,499,499,0,0.0,1.0,102219.69597669758,49900.0,2.0484909013366246,102219.69597669758,49900.0,2.0484909013366246,1.0,0.014688484753767071,4.0,0.0,1.0,0.9310466043855584
qualification_final_20260816,0,3674827978,4,primary_fixed_K,499,499,0,0.0,1.0,98445.90633419364,49900.0,1.9728638543926582,98445.90633419364,49900.0,1.9728638543926582,1.0,0.13526948725232707,3.0,0.0,0.0,0.9310466043855584
qualification_final_20260816,0,3674827978,4,robustness_K_equals_d_hat,499,499,0,0.0,1.0,98633.77194590456,49900.0,1.9766286963107127,98633.77194590456,49900.0,1.9766286963107127,1.0,0.13999355093299765,3.0,0.0,0.0,0.9310466043855584
qualification_final_20260816,0,3674827978,5,primary_fixed_K,499,499,0,0.0,1.0,95455.82306602751,49900.0,1.9129423460125754,95455.82306602751,49900.0,1.9129423460125754,1.0,0.672568950421701,2.0,0.0,0.0,0.9310466043855584
qualification_final_20260816,0,3674827978,5,robustness_K_equals_d_hat,499,499,0,0.0,1.0,96865.65598849604,49900.0,1.941195510791504,96865.65598849604,49900.0,1.941195510791504,1.0,0.32643763395070713,2.0,0.0,0.0,0.9310466043855584
qualification_final_20260816,0,3674827978,6,primary_fixed_K,499,499,0,0.0,1.0,95895.50405447737,49900.0,1.9217535882660794,95895.50405447737,49900.0,1.9217535882660794,1.0,0.37270213605075014,1.8537074148296593,0.4832965806880369,0.0,0.9310466043855584
qualification_final_20260816,0,3674827978,6,robustness_K_equals_d_hat,499,499,0,0.0,1.0,97314.84836806558,49900.0,1.9501973620854824,97314.84836806558,49900.0,1.9501973620854824,1.0,0.2566463609113472,1.8537074148296593,0.4832965806880369,0.0,0.9310466043855584
qualification_final_20260816,0,3674827978,7,primary_fixed_K,499,499,0,0.0,1.0,95964.68219822062,49900.0,1.9231399238120364,95964.68219822062,49900.0,1.9231399238120364,1.0,0.04608028725718553,2.2284569138276553,0.42025979683361464,0.0,0.9310466043855584
qualification_final_20260816,0,3674827978,7,robustness_K_equals_d_hat,499,499,0,0.0,1.0,96731.84259456527,49900.0,1.9385138796506067,96731.84259456527,49900.0,1.9385138796506067,1.0,0.049087304316084136,2.2284569138276553,0.42025979683361464,0.0,0.9310466043855584
qualification_final_20260816,0,3674827978,8,primary_fixed_K,499,499,0,0.0,1.0,95896.63312645967,49900.0,1.9217762149591116,95896.63312645967,49900.0,1.9217762149591116,1.0,0.024959316916998025,2.2905811623246493,0.47182830640897855,0.0,0.9310466043855584
qualification_final_20260816,0,3674827978,8,robustness_K_equals_d_hat,499,499,0,0.0,1.0,96917.54807835071,49900.0,1.942235432431878,96917.54807835071,49900.0,1.942235432431878,1.0,0.012652808285279954,2.2905811623246493,0.47182830640897855,0.0,0.9310466043855584
qualification_final_20260816,0,3674827978,9,primary_fixed_K,499,499,0,0.0,1.0,95995.94735586998,49900.0,1.9237664800775547,95995.94735586998,49900.0,1.9237664800775547,1.0,0.01710077192569438,2.190380761523046,0.39299546696985727,0.0,0.9310466043855584
qualification_final_20260816,0,3674827978,9,robustness_K_equals_d_hat,499,499,0,0.0,1.0,97087.82840558494,49900.0,1.9456478638393775,97087.82840558494,49900.0,1.9456478638393775,1.0,0.012562355667624389,2.190380761523046,0.39299546696985727,0.0,0.9310466043855584
