r_used,metric,n_replications_planned,n_replications_valid,coverage_fraction,mean,sd,mcse,ci95_low,ci95_high,n_replications_any_valid_origin,series
3.0,QR_Q_C_capture,20,20,1.0,0.04167880204440245,0.01691717066214959,0.003782794358753161,0.0337613224586522,0.04959628163015269,20,cell
3.0,QR_Q_C_dim_Q,20,20,1.0,3.0,0.0,0.0,3.0,3.0,20,cell
3.0,QR_Q_C_dim_U,20,20,1.0,3.0,0.0,0.0,3.0,3.0,20,cell
3.0,QR_Q_C_excess_capture,20,20,1.0,0.011678802044402475,0.016917170662149556,0.0037827943587531534,0.003761322458652244,0.019596281630152708,20,cell
3.0,QR_Q_C_excess_purity,20,20,1.0,0.011678802044402475,0.016917170662149556,0.0037827943587531534,0.003761322458652244,0.019596281630152708,20,cell
3.0,QR_Q_C_expected_random_capture,20,20,1.0,0.030000000000000006,7.119154932824459e-18,1.5918914372148438e-18,0.030000000000000002,0.03000000000000001,20,cell
3.0,QR_Q_C_expected_random_purity,20,20,1.0,0.030000000000000006,7.119154932824459e-18,1.5918914372148438e-18,0.030000000000000002,0.03000000000000001,20,cell
3.0,QR_Q_C_full_capture,20,20,1.0,0.03829565279566403,0.011850396560753474,0.0026498292270174485,0.032749496483442456,0.0438418091078856,20,cell
3.0,QR_Q_C_full_dim_Q,20,20,1.0,4.0,0.0,0.0,4.0,4.0,20,cell
3.0,QR_Q_C_full_dim_U,20,20,1.0,3.0,0.0,0.0,3.0,3.0,20,cell
3.0,QR_Q_C_full_excess_capture,20,20,1.0,0.008295652795664049,0.011850396560753443,0.002649829227017441,0.0027494964834424906,0.013841809107885607,20,cell
3.0,QR_Q_C_full_excess_purity,20,20,1.0,0.011060870394218736,0.015800528747671266,0.003533105636023257,0.003665995311256654,0.018455745477180818,20,cell
3.0,QR_Q_C_full_expected_random_capture,20,20,1.0,0.030000000000000006,7.119154932824459e-18,1.5918914372148438e-18,0.030000000000000002,0.03000000000000001,20,cell
3.0,QR_Q_C_full_expected_random_purity,20,20,1.0,0.04000000000000001,7.119154932824459e-18,1.5918914372148438e-18,0.04000000000000001,0.04000000000000001,20,cell
3.0,QR_Q_C_full_largest_canonical_correlation,20,20,1.0,0.32919955025332936,0.055782967335889215,0.012473450694969862,0.30309231790728197,0.35530678259937676,20,cell
3.0,QR_Q_C_full_purity,20,20,1.0,0.051060870394218714,0.0158005287476713,0.003533105636023265,0.04366599531125662,0.05845574547718081,20,cell
3.0,QR_Q_C_full_shared_energy,20,20,1.0,0.15318261118265625,0.0474015862430139,0.010599316908069794,0.13099798593376996,0.17536723643154253,20,cell
3.0,QR_Q_C_full_smallest_principal_angle,20,20,1.0,1.2347143411666845,0.05908082542151317,0.01321087418093011,1.2070636637262369,1.2623650186071322,20,cell
3.0,QR_Q_C_largest_canonical_correlation,20,20,1.0,0.30407668802812027,0.06385651975906129,0.014278751898781953,0.274190916837042,0.33396245921919854,20,cell
3.0,QR_Q_C_purity,20,20,1.0,0.04167880204440245,0.01691717066214959,0.003782794358753161,0.0337613224586522,0.04959628163015269,20,cell
3.0,QR_Q_C_shared_energy,20,20,1.0,0.1250364061332075,0.05075151198644877,0.011348383076259483,0.10128396737595675,0.14878884489045824,20,cell
3.0,QR_Q_C_smallest_principal_angle,20,20,1.0,1.2611116107049296,0.0670267219510355,0.01498763065914927,1.2297421392167434,1.2924810821931159,20,cell
3.0,QR_Q_C_unique_capture,20,20,1.0,0.0007920876369600441,0.0005548151258798238,0.00012406043364123886,0.0005324261651486111,0.0010517491087714771,20,cell
3.0,QR_Q_C_unique_dim_Q,20,20,1.0,3.0,0.0,0.0,3.0,3.0,20,cell
3.0,QR_Q_C_unique_dim_U,20,20,1.0,3.0,0.0,0.0,3.0,3.0,20,cell
3.0,QR_Q_C_unique_excess_capture,20,20,1.0,-0.029207912363039858,0.0005548151258798255,0.00012406043364123926,-0.029467573834851293,-0.028948250891228423,20,cell
3.0,QR_Q_C_unique_excess_purity,20,20,1.0,-0.029207912363039858,0.0005548151258798255,0.00012406043364123926,-0.029467573834851293,-0.028948250891228423,20,cell
3.0,QR_Q_C_unique_expected_random_capture,20,20,1.0,0.030000000000000006,7.119154932824459e-18,1.5918914372148438e-18,0.030000000000000002,0.03000000000000001,20,cell
3.0,QR_Q_C_unique_expected_random_purity,20,20,1.0,0.030000000000000006,7.119154932824459e-18,1.5918914372148438e-18,0.030000000000000002,0.03000000000000001,20,cell
3.0,QR_Q_C_unique_largest_canonical_correlation,20,20,1.0,0.04298493953391779,0.016608829373294196,0.003713847150538105,0.03521176811344595,0.05075811095438963,20,cell
3.0,QR_Q_C_unique_purity,20,20,1.0,0.0007920876369600441,0.0005548151258798238,0.00012406043364123886,0.0005324261651486111,0.0010517491087714771,20,cell
3.0,QR_Q_C_unique_shared_energy,20,20,1.0,0.0023762629108802225,0.0016644453776394768,0.0003721813009237178,0.0015972784954459208,0.003155247326314524,20,cell
3.0,QR_Q_C_unique_smallest_principal_angle,20,20,1.0,1.5277891699646713,0.016631275388356938,0.0037188662320885323,1.5200054934857834,1.5355728464435592,20,cell
3.0,QR_Q_F_capture,20,20,1.0,0.5985639634836889,0.00039783177950819754,8.895789025900375e-05,0.5983777724795474,0.5987501544878304,20,cell
3.0,QR_Q_F_dim_Q,20,20,1.0,5.0,0.0,0.0,5.0,5.0,20,cell
3.0,QR_Q_F_dim_U,20,20,1.0,3.0,0.0,0.0,3.0,3.0,20,cell
3.0,QR_Q_F_excess_capture,20,20,1.0,0.5685639634836887,0.0003978317795082059,8.895789025900562e-05,0.5683777724795471,0.5687501544878302,20,cell
3.0,QR_Q_F_excess_purity,20,20,1.0,0.9476066058061479,0.0006630529658470175,0.00014826315043167776,0.947296287465912,0.9479169241463837,20,cell
3.0,QR_Q_F_expected_random_capture,20,20,1.0,0.030000000000000006,7.119154932824459e-18,1.5918914372148438e-18,0.030000000000000002,0.03000000000000001,20,cell
3.0,QR_Q_F_expected_random_purity,20,20,1.0,0.05000000000000001,0.0,0.0,0.05000000000000001,0.05000000000000001,20,cell
3.0,QR_Q_F_largest_canonical_correlation,20,20,1.0,0.9994259408867595,9.834879389873591e-05,2.1991458866269004e-05,0.9993799122343608,0.9994719695391582,20,cell
3.0,QR_Q_F_purity,20,20,1.0,0.997606605806148,0.000663052965847027,0.00014826315043167988,0.9972962874659121,0.9979169241463839,20,cell
3.0,QR_Q_F_shared_energy,20,20,1.0,2.992819817418444,0.0019891588975410796,0.00044478945129503933,2.991888862397736,2.9937507724391517,20,cell
3.0,QR_Q_F_smallest_principal_angle,20,20,1.0,0.03370194994615547,0.002997292744277683,0.0006702150324671793,0.03229917376157565,0.035104726130735286,20,cell
3.0,QR_Q_P4_capture,20,20,1.0,0.039225152095361676,0.012485869513816257,0.00279192529910854,0.033381585286216514,0.04506871890450684,20,cell
3.0,QR_Q_P4_dim_Q,20,20,1.0,4.0,0.0,0.0,4.0,4.0,20,cell
3.0,QR_Q_P4_dim_U,20,20,1.0,3.0,0.0,0.0,3.0,3.0,20,cell
3.0,QR_Q_P4_excess_capture,20,20,1.0,0.009225152095361707,0.01248586951381622,0.0027919252991085316,0.0033815852862165655,0.015068718904506848,20,cell
3.0,QR_Q_P4_excess_purity,20,20,1.0,0.012300202793815617,0.016647826018421637,0.0037225670654780444,0.004508780381622091,0.020091625206009142,20,cell
3.0,QR_Q_P4_expected_random_capture,20,20,1.0,0.030000000000000006,7.119154932824459e-18,1.5918914372148438e-18,0.030000000000000002,0.03000000000000001,20,cell
3.0,QR_Q_P4_expected_random_purity,20,20,1.0,0.04000000000000001,7.119154932824459e-18,1.5918914372148438e-18,0.04000000000000001,0.04000000000000001,20,cell
3.0,QR_Q_P4_largest_canonical_correlation,20,20,1.0,0.33035466057533913,0.05575890496442098,0.01246807018513958,0.3042586897657915,0.35645063138488675,20,cell
3.0,QR_Q_P4_purity,20,20,1.0,0.0523002027938156,0.01664782601842168,0.0037225670654780535,0.04450878038162206,0.06009162520600914,20,cell
3.0,QR_Q_P4_shared_energy,20,20,1.0,0.15690060838144687,0.04994347805526503,0.01116770119643416,0.13352634114486622,0.18027487561802752,20,cell
3.0,QR_Q_P4_smallest_principal_angle,20,20,1.0,1.2335015109189973,0.05897103694471342,0.013186324731203071,1.2059022160673507,1.2611008057706439,20,cell
3.0,U4_Q_C_capture,20,20,1.0,0.4346997613246314,0.018780594818590204,0.004199468667224803,0.42591017238839607,0.4434893502608667,20,cell
3.0,U4_Q_C_dim_Q,20,20,1.0,3.0,0.0,0.0,3.0,3.0,20,cell
3.0,U4_Q_C_dim_U,20,20,1.0,4.0,0.0,0.0,4.0,4.0,20,cell
3.0,U4_Q_C_excess_capture,20,20,1.0,0.39469976132463147,0.018780594818590193,0.0041994686672248,0.38591017238839614,0.4034893502608668,20,cell
3.0,U4_Q_C_excess_purity,20,20,1.0,0.2960248209934736,0.014085446113942659,0.0031496015004186034,0.2894326292912971,0.3026170126956501,20,cell
3.0,U4_Q_C_expected_random_capture,20,20,1.0,0.04000000000000001,7.119154932824459e-18,1.5918914372148438e-18,0.04000000000000001,0.04000000000000001,20,cell
3.0,U4_Q_C_expected_random_purity,20,20,1.0,0.030000000000000006,7.119154932824459e-18,1.5918914372148438e-18,0.030000000000000002,0.03000000000000001,20,cell
3.0,U4_Q_C_full_capture,20,20,1.0,0.45544605163035234,0.018614748990190083,0.004162384412616059,0.44673408093105293,0.46415802232965175,20,cell
3.0,U4_Q_C_full_dim_Q,20,20,1.0,4.0,0.0,0.0,4.0,4.0,20,cell
3.0,U4_Q_C_full_dim_U,20,20,1.0,4.0,0.0,0.0,4.0,4.0,20,cell
3.0,U4_Q_C_full_excess_capture,20,20,1.0,0.41544605163035236,0.018614748990190087,0.00416238441261606,0.40673408093105295,0.4241580223296518,20,cell
3.0,U4_Q_C_full_excess_purity,20,20,1.0,0.41544605163035236,0.018614748990190087,0.00416238441261606,0.40673408093105295,0.4241580223296518,20,cell
3.0,U4_Q_C_full_expected_random_capture,20,20,1.0,0.04000000000000001,7.119154932824459e-18,1.5918914372148438e-18,0.04000000000000001,0.04000000000000001,20,cell
3.0,U4_Q_C_full_expected_random_purity,20,20,1.0,0.04000000000000001,7.119154932824459e-18,1.5918914372148438e-18,0.04000000000000001,0.04000000000000001,20,cell
3.0,U4_Q_C_full_largest_canonical_correlation,20,20,1.0,0.9556544570363166,0.01108921393085688,0.0024796236166433634,0.9504645451608033,0.9608443689118299,20,cell
3.0,U4_Q_C_full_purity,20,20,1.0,0.45544605163035234,0.018614748990190083,0.004162384412616059,0.44673408093105293,0.46415802232965175,20,cell
3.0,U4_Q_C_full_shared_energy,20,20,1.0,1.8217842065214094,0.07445899596076036,0.01664953765046424,1.7869363237242117,1.856632089318607,20,cell
3.0,U4_Q_C_full_smallest_principal_angle,20,20,1.0,0.29612721428731753,0.0399050806277942,0.008923047293135781,0.2774510616641618,0.3148033669104733,20,cell
3.0,U4_Q_C_largest_canonical_correlation,20,20,1.0,0.9383514727182621,0.021345178175178562,0.004772926939154418,0.9283616218246787,0.9483413236118455,20,cell
3.0,U4_Q_C_purity,20,20,1.0,0.3260248209934736,0.014085446113942664,0.0031496015004186043,0.31943262929129707,0.3326170126956501,20,cell
3.0,U4_Q_C_shared_energy,20,20,1.0,1.3040992839738943,0.056341784455770635,0.012598406001674414,1.2777305171651883,1.3304680507826003,20,cell
3.0,U4_Q_C_smallest_principal_angle,20,20,1.0,0.3479669933942119,0.06054582437037325,0.0135384579045918,0.31963067534030754,0.37630331144811624,20,cell
3.0,U4_Q_C_unique_capture,20,20,1.0,0.4399880482215848,0.013224366089037862,0.0029570581534431695,0.4337988543761442,0.44617724206702547,20,cell
3.0,U4_Q_C_unique_dim_Q,20,20,1.0,3.0,0.0,0.0,3.0,3.0,20,cell
3.0,U4_Q_C_unique_dim_U,20,20,1.0,4.0,0.0,0.0,4.0,4.0,20,cell
3.0,U4_Q_C_unique_excess_capture,20,20,1.0,0.39998804822158485,0.013224366089037872,0.0029570581534431716,0.3937988543761442,0.4061772420670255,20,cell
3.0,U4_Q_C_unique_excess_purity,20,20,1.0,0.29999103616618855,0.0099182745667784,0.002217793615082378,0.29534914078210805,0.30463293155026905,20,cell
3.0,U4_Q_C_unique_expected_random_capture,20,20,1.0,0.04000000000000001,7.119154932824459e-18,1.5918914372148438e-18,0.04000000000000001,0.04000000000000001,20,cell
3.0,U4_Q_C_unique_expected_random_purity,20,20,1.0,0.030000000000000006,7.119154932824459e-18,1.5918914372148438e-18,0.030000000000000002,0.03000000000000001,20,cell
3.0,U4_Q_C_unique_largest_canonical_correlation,20,20,1.0,0.962755839244722,0.007543600366709672,0.0016868003215055169,0.9592253255968274,0.9662863528926166,20,cell
3.0,U4_Q_C_unique_purity,20,20,1.0,0.32999103616618863,0.009918274566778393,0.002217793615082376,0.32534914078210814,0.33463293155026913,20,cell
3.0,U4_Q_C_unique_shared_energy,20,20,1.0,1.3199641446647545,0.039673098267113585,0.008871174460329508,1.3013965631284325,1.3385317262010765,20,cell
3.0,U4_Q_C_unique_smallest_principal_angle,20,20,1.0,0.2721591358707002,0.027998382871427276,0.006260628736057714,0.2590554893304118,0.28526278241098857,20,cell
3.0,U4_Q_F_capture,20,20,1.0,0.39237043473201944,0.0011100110724121255,0.0002482060213690954,0.3918509335588449,0.39288993590519394,20,cell
3.0,U4_Q_F_dim_Q,20,20,1.0,5.0,0.0,0.0,5.0,5.0,20,cell
3.0,U4_Q_F_dim_U,20,20,1.0,4.0,0.0,0.0,4.0,4.0,20,cell
3.0,U4_Q_F_excess_capture,20,20,1.0,0.35237043473201946,0.0011100110724121149,0.000248206021369093,0.35185093355884495,0.35288993590519396,20,cell
3.0,U4_Q_F_excess_purity,20,20,1.0,0.4404630434150242,0.0013875138405151383,0.0003102575267113651,0.43981366694855606,0.4411124198814923,20,cell
3.0,U4_Q_F_expected_random_capture,20,20,1.0,0.04000000000000001,7.119154932824459e-18,1.5918914372148438e-18,0.04000000000000001,0.04000000000000001,20,cell
3.0,U4_Q_F_expected_random_purity,20,20,1.0,0.05000000000000001,0.0,0.0,0.05000000000000001,0.05000000000000001,20,cell
3.0,U4_Q_F_largest_canonical_correlation,20,20,1.0,0.9923308477957292,0.0016582360219410993,0.00037079284677991306,0.9915547694482163,0.9931069261432421,20,cell
3.0,U4_Q_F_purity,20,20,1.0,0.4904630434150243,0.0013875138405151422,0.00031025752671136596,0.48981366694855616,0.4911124198814924,20,cell
3.0,U4_Q_F_shared_energy,20,20,1.0,1.9618521736600976,0.005550055362060553,0.0012410301068454604,1.959254667794225,1.96444967952597,20,cell
3.0,U4_Q_F_smallest_principal_angle,20,20,1.0,0.1223406968780757,0.013571819900094028,0.0030347511874994648,0.11598888964349527,0.12869250411265612,20,cell
3.0,U4_Q_F_unique_capture,20,20,1.0,0.3955434068701914,0.006906367266122157,0.0015443106684628523,0.39231112749361935,0.39877568624676346,20,cell
3.0,U4_Q_F_unique_dim_Q,20,20,1.0,5.0,0.0,0.0,5.0,5.0,20,cell
3.0,U4_Q_F_unique_dim_U,20,20,1.0,4.0,0.0,0.0,4.0,4.0,20,cell
3.0,U4_Q_F_unique_excess_capture,20,20,1.0,0.3555434068701915,0.006906367266122145,0.0015443106684628497,0.3523111274936194,0.35877568624676354,20,cell
3.0,U4_Q_F_unique_excess_purity,20,20,1.0,0.44442925858773935,0.008632959082652701,0.0019303883355785666,0.4403889093670243,0.4484696078084544,20,cell
3.0,U4_Q_F_unique_expected_random_capture,20,20,1.0,0.04000000000000001,7.119154932824459e-18,1.5918914372148438e-18,0.04000000000000001,0.04000000000000001,20,cell
3.0,U4_Q_F_unique_expected_random_purity,20,20,1.0,0.05000000000000001,0.0,0.0,0.05000000000000001,0.05000000000000001,20,cell
3.0,U4_Q_F_unique_largest_canonical_correlation,20,20,1.0,0.9866070358660439,0.003371551272812773,0.0007539017835635299,0.9850291012983842,0.9881849704337037,20,cell
3.0,U4_Q_F_unique_purity,20,20,1.0,0.49442925858773934,0.00863295908265269,0.0019303883355785637,0.4903889093670243,0.4984696078084544,20,cell
3.0,U4_Q_F_unique_shared_energy,20,20,1.0,1.9777170343509574,0.034531836330610764,0.007721553342314257,1.9615556374680971,1.9938784312338176,20,cell
3.0,U4_Q_F_unique_smallest_principal_angle,20,20,1.0,0.161753484262654,0.020715023855042473,0.004632020149540472,0.15205855466916204,0.17144841385614598,20,cell
3.0,U4_Q_P4_capture,20,20,1.0,0.463438345959967,0.018121066086342466,0.0040519935593827825,0.4549574259718715,0.47191926594806255,20,cell
3.0,U4_Q_P4_dim_Q,20,20,1.0,4.0,0.0,0.0,4.0,4.0,20,cell
3.0,U4_Q_P4_dim_U,20,20,1.0,4.0,0.0,0.0,4.0,4.0,20,cell
3.0,U4_Q_P4_excess_capture,20,20,1.0,0.4234383459599669,0.01812106608634245,0.004051993559382779,0.41495742597187135,0.4319192659480624,20,cell
3.0,U4_Q_P4_excess_purity,20,20,1.0,0.4234383459599669,0.01812106608634245,0.004051993559382779,0.41495742597187135,0.4319192659480624,20,cell
3.0,U4_Q_P4_expected_random_capture,20,20,1.0,0.04000000000000001,7.119154932824459e-18,1.5918914372148438e-18,0.04000000000000001,0.04000000000000001,20,cell
3.0,U4_Q_P4_expected_random_purity,20,20,1.0,0.04000000000000001,7.119154932824459e-18,1.5918914372148438e-18,0.04000000000000001,0.04000000000000001,20,cell
3.0,U4_Q_P4_largest_canonical_correlation,20,20,1.0,0.9650007188304365,0.011555946847214765,0.002583988269474659,0.9595923692261172,0.9704090684347557,20,cell
3.0,U4_Q_P4_purity,20,20,1.0,0.463438345959967,0.018121066086342466,0.0040519935593827825,0.4549574259718715,0.47191926594806255,20,cell
3.0,U4_Q_P4_shared_energy,20,20,1.0,1.853753383839868,0.07248426434536984,0.016207974237531123,1.819829703887486,1.8876770637922502,20,cell
3.0,U4_Q_P4_smallest_principal_angle,20,20,1.0,0.2611183037591299,0.04645722247509945,0.01038815075001534,0.2393756543585286,0.28286095315973125,20,cell
3.0,UMP_Q_C_capture,20,20,1.0,0.4346997613246314,0.018780594818590204,0.004199468667224803,0.42591017238839607,0.4434893502608667,20,cell
3.0,UMP_Q_C_dim_Q,20,20,1.0,3.0,0.0,0.0,3.0,3.0,20,cell
3.0,UMP_Q_C_dim_U,20,20,1.0,4.0,0.0,0.0,4.0,4.0,20,cell
3.0,UMP_Q_C_excess_capture,20,20,1.0,0.39469976132463147,0.018780594818590193,0.0041994686672248,0.38591017238839614,0.4034893502608668,20,cell
3.0,UMP_Q_C_excess_purity,20,20,1.0,0.2960248209934736,0.014085446113942659,0.0031496015004186034,0.2894326292912971,0.3026170126956501,20,cell
3.0,UMP_Q_C_expected_random_capture,20,20,1.0,0.04000000000000001,7.119154932824459e-18,1.5918914372148438e-18,0.04000000000000001,0.04000000000000001,20,cell
3.0,UMP_Q_C_expected_random_purity,20,20,1.0,0.030000000000000006,7.119154932824459e-18,1.5918914372148438e-18,0.030000000000000002,0.03000000000000001,20,cell
3.0,UMP_Q_C_full_capture,20,20,1.0,0.45544605163035234,0.018614748990190083,0.004162384412616059,0.44673408093105293,0.46415802232965175,20,cell
3.0,UMP_Q_C_full_dim_Q,20,20,1.0,4.0,0.0,0.0,4.0,4.0,20,cell
3.0,UMP_Q_C_full_dim_U,20,20,1.0,4.0,0.0,0.0,4.0,4.0,20,cell
3.0,UMP_Q_C_full_excess_capture,20,20,1.0,0.41544605163035236,0.018614748990190087,0.00416238441261606,0.40673408093105295,0.4241580223296518,20,cell
3.0,UMP_Q_C_full_excess_purity,20,20,1.0,0.41544605163035236,0.018614748990190087,0.00416238441261606,0.40673408093105295,0.4241580223296518,20,cell
3.0,UMP_Q_C_full_expected_random_capture,20,20,1.0,0.04000000000000001,7.119154932824459e-18,1.5918914372148438e-18,0.04000000000000001,0.04000000000000001,20,cell
3.0,UMP_Q_C_full_expected_random_purity,20,20,1.0,0.04000000000000001,7.119154932824459e-18,1.5918914372148438e-18,0.04000000000000001,0.04000000000000001,20,cell
3.0,UMP_Q_C_full_largest_canonical_correlation,20,20,1.0,0.9556544570363166,0.01108921393085688,0.0024796236166433634,0.9504645451608033,0.9608443689118299,20,cell
3.0,UMP_Q_C_full_purity,20,20,1.0,0.45544605163035234,0.018614748990190083,0.004162384412616059,0.44673408093105293,0.46415802232965175,20,cell
3.0,UMP_Q_C_full_shared_energy,20,20,1.0,1.8217842065214094,0.07445899596076036,0.01664953765046424,1.7869363237242117,1.856632089318607,20,cell
3.0,UMP_Q_C_full_smallest_principal_angle,20,20,1.0,0.29612721428731753,0.0399050806277942,0.008923047293135781,0.2774510616641618,0.3148033669104733,20,cell
3.0,UMP_Q_C_largest_canonical_correlation,20,20,1.0,0.9383514727182621,0.021345178175178562,0.004772926939154418,0.9283616218246787,0.9483413236118455,20,cell
3.0,UMP_Q_C_purity,20,20,1.0,0.3260248209934736,0.014085446113942664,0.0031496015004186043,0.31943262929129707,0.3326170126956501,20,cell
3.0,UMP_Q_C_shared_energy,20,20,1.0,1.3040992839738943,0.056341784455770635,0.012598406001674414,1.2777305171651883,1.3304680507826003,20,cell
3.0,UMP_Q_C_smallest_principal_angle,20,20,1.0,0.3479669933942119,0.06054582437037325,0.0135384579045918,0.31963067534030754,0.37630331144811624,20,cell
3.0,UMP_Q_C_unique_capture,20,20,1.0,0.4399880482215848,0.013224366089037862,0.0029570581534431695,0.4337988543761442,0.44617724206702547,20,cell
3.0,UMP_Q_C_unique_dim_Q,20,20,1.0,3.0,0.0,0.0,3.0,3.0,20,cell
3.0,UMP_Q_C_unique_dim_U,20,20,1.0,4.0,0.0,0.0,4.0,4.0,20,cell
3.0,UMP_Q_C_unique_excess_capture,20,20,1.0,0.39998804822158485,0.013224366089037872,0.0029570581534431716,0.3937988543761442,0.4061772420670255,20,cell
3.0,UMP_Q_C_unique_excess_purity,20,20,1.0,0.29999103616618855,0.0099182745667784,0.002217793615082378,0.29534914078210805,0.30463293155026905,20,cell
3.0,UMP_Q_C_unique_expected_random_capture,20,20,1.0,0.04000000000000001,7.119154932824459e-18,1.5918914372148438e-18,0.04000000000000001,0.04000000000000001,20,cell
3.0,UMP_Q_C_unique_expected_random_purity,20,20,1.0,0.030000000000000006,7.119154932824459e-18,1.5918914372148438e-18,0.030000000000000002,0.03000000000000001,20,cell
3.0,UMP_Q_C_unique_largest_canonical_correlation,20,20,1.0,0.962755839244722,0.007543600366709672,0.0016868003215055169,0.9592253255968274,0.9662863528926166,20,cell
3.0,UMP_Q_C_unique_purity,20,20,1.0,0.32999103616618863,0.009918274566778393,0.002217793615082376,0.32534914078210814,0.33463293155026913,20,cell
3.0,UMP_Q_C_unique_shared_energy,20,20,1.0,1.3199641446647545,0.039673098267113585,0.008871174460329508,1.3013965631284325,1.3385317262010765,20,cell
3.0,UMP_Q_C_unique_smallest_principal_angle,20,20,1.0,0.2721591358707002,0.027998382871427276,0.006260628736057714,0.2590554893304118,0.28526278241098857,20,cell
3.0,UMP_Q_F_capture,20,20,1.0,0.39237043473201944,0.0011100110724121255,0.0002482060213690954,0.3918509335588449,0.39288993590519394,20,cell
3.0,UMP_Q_F_dim_Q,20,20,1.0,5.0,0.0,0.0,5.0,5.0,20,cell
3.0,UMP_Q_F_dim_U,20,20,1.0,4.0,0.0,0.0,4.0,4.0,20,cell
3.0,UMP_Q_F_excess_capture,20,20,1.0,0.35237043473201946,0.0011100110724121149,0.000248206021369093,0.35185093355884495,0.35288993590519396,20,cell
3.0,UMP_Q_F_excess_purity,20,20,1.0,0.4404630434150242,0.0013875138405151383,0.0003102575267113651,0.43981366694855606,0.4411124198814923,20,cell
3.0,UMP_Q_F_expected_random_capture,20,20,1.0,0.04000000000000001,7.119154932824459e-18,1.5918914372148438e-18,0.04000000000000001,0.04000000000000001,20,cell
3.0,UMP_Q_F_expected_random_purity,20,20,1.0,0.05000000000000001,0.0,0.0,0.05000000000000001,0.05000000000000001,20,cell
3.0,UMP_Q_F_largest_canonical_correlation,20,20,1.0,0.9923308477957292,0.0016582360219410993,0.00037079284677991306,0.9915547694482163,0.9931069261432421,20,cell
3.0,UMP_Q_F_purity,20,20,1.0,0.4904630434150243,0.0013875138405151422,0.00031025752671136596,0.48981366694855616,0.4911124198814924,20,cell
3.0,UMP_Q_F_shared_energy,20,20,1.0,1.9618521736600976,0.005550055362060553,0.0012410301068454604,1.959254667794225,1.96444967952597,20,cell
3.0,UMP_Q_F_smallest_principal_angle,20,20,1.0,0.1223406968780757,0.013571819900094028,0.0030347511874994648,0.11598888964349527,0.12869250411265612,20,cell
3.0,UMP_Q_F_unique_capture,20,20,1.0,0.3955434068701914,0.006906367266122157,0.0015443106684628523,0.39231112749361935,0.39877568624676346,20,cell
3.0,UMP_Q_F_unique_dim_Q,20,20,1.0,5.0,0.0,0.0,5.0,5.0,20,cell
3.0,UMP_Q_F_unique_dim_U,20,20,1.0,4.0,0.0,0.0,4.0,4.0,20,cell
3.0,UMP_Q_F_unique_excess_capture,20,20,1.0,0.3555434068701915,0.006906367266122145,0.0015443106684628497,0.3523111274936194,0.35877568624676354,20,cell
3.0,UMP_Q_F_unique_excess_purity,20,20,1.0,0.44442925858773935,0.008632959082652701,0.0019303883355785666,0.4403889093670243,0.4484696078084544,20,cell
3.0,UMP_Q_F_unique_expected_random_capture,20,20,1.0,0.04000000000000001,7.119154932824459e-18,1.5918914372148438e-18,0.04000000000000001,0.04000000000000001,20,cell
3.0,UMP_Q_F_unique_expected_random_purity,20,20,1.0,0.05000000000000001,0.0,0.0,0.05000000000000001,0.05000000000000001,20,cell
3.0,UMP_Q_F_unique_largest_canonical_correlation,20,20,1.0,0.9866070358660439,0.003371551272812773,0.0007539017835635299,0.9850291012983842,0.9881849704337037,20,cell
3.0,UMP_Q_F_unique_purity,20,20,1.0,0.49442925858773934,0.00863295908265269,0.0019303883355785637,0.4903889093670243,0.4984696078084544,20,cell
3.0,UMP_Q_F_unique_shared_energy,20,20,1.0,1.9777170343509574,0.034531836330610764,0.007721553342314257,1.9615556374680971,1.9938784312338176,20,cell
3.0,UMP_Q_F_unique_smallest_principal_angle,20,20,1.0,0.161753484262654,0.020715023855042473,0.004632020149540472,0.15205855466916204,0.17144841385614598,20,cell
3.0,UMP_Q_P4_capture,20,20,1.0,0.463438345959967,0.018121066086342466,0.0040519935593827825,0.4549574259718715,0.47191926594806255,20,cell
3.0,UMP_Q_P4_dim_Q,20,20,1.0,4.0,0.0,0.0,4.0,4.0,20,cell
3.0,UMP_Q_P4_dim_U,20,20,1.0,4.0,0.0,0.0,4.0,4.0,20,cell
3.0,UMP_Q_P4_excess_capture,20,20,1.0,0.4234383459599669,0.01812106608634245,0.004051993559382779,0.41495742597187135,0.4319192659480624,20,cell
3.0,UMP_Q_P4_excess_purity,20,20,1.0,0.4234383459599669,0.01812106608634245,0.004051993559382779,0.41495742597187135,0.4319192659480624,20,cell
3.0,UMP_Q_P4_expected_random_capture,20,20,1.0,0.04000000000000001,7.119154932824459e-18,1.5918914372148438e-18,0.04000000000000001,0.04000000000000001,20,cell
3.0,UMP_Q_P4_expected_random_purity,20,20,1.0,0.04000000000000001,7.119154932824459e-18,1.5918914372148438e-18,0.04000000000000001,0.04000000000000001,20,cell
3.0,UMP_Q_P4_largest_canonical_correlation,20,20,1.0,0.9650007188304365,0.011555946847214765,0.002583988269474659,0.9595923692261172,0.9704090684347557,20,cell
3.0,UMP_Q_P4_purity,20,20,1.0,0.463438345959967,0.018121066086342466,0.0040519935593827825,0.4549574259718715,0.47191926594806255,20,cell
3.0,UMP_Q_P4_shared_energy,20,20,1.0,1.853753383839868,0.07248426434536984,0.016207974237531123,1.819829703887486,1.8876770637922502,20,cell
3.0,UMP_Q_P4_smallest_principal_angle,20,20,1.0,0.2611183037591299,0.04645722247509945,0.01038815075001534,0.2393756543585286,0.28286095315973125,20,cell
5.0,QR_Q_C_capture,20,20,1.0,0.07449965337193892,0.023176914218714942,0.0051825155701728035,0.0636525236212219,0.08534678312265595,20,cell
5.0,QR_Q_C_dim_Q,20,20,1.0,3.0,0.0,0.0,3.0,3.0,20,cell
5.0,QR_Q_C_dim_U,20,20,1.0,5.0,0.0,0.0,5.0,5.0,20,cell
5.0,QR_Q_C_excess_capture,20,20,1.0,0.024499653371938913,0.023176914218714918,0.005182515570172798,0.013652523621221893,0.035346783122655934,20,cell
5.0,QR_Q_C_excess_purity,20,20,1.0,0.014699792023163339,0.013906148531228943,0.0031095093421036773,0.00819151417273313,0.021208069873593548,20,cell
5.0,QR_Q_C_expected_random_capture,20,20,1.0,0.05000000000000001,0.0,0.0,0.05000000000000001,0.05000000000000001,20,cell
5.0,QR_Q_C_expected_random_purity,20,20,1.0,0.030000000000000006,7.119154932824459e-18,1.5918914372148438e-18,0.030000000000000002,0.03000000000000001,20,cell
5.0,QR_Q_C_full_capture,20,20,1.0,0.07107422429341831,0.015454186314823213,0.0034556611136891667,0.06384144245858364,0.07830700612825298,20,cell
5.0,QR_Q_C_full_dim_Q,20,20,1.0,4.0,0.0,0.0,4.0,4.0,20,cell
5.0,QR_Q_C_full_dim_U,20,20,1.0,5.0,0.0,0.0,5.0,5.0,20,cell
5.0,QR_Q_C_full_excess_capture,20,20,1.0,0.02107422429341832,0.015454186314823194,0.0034556611136891623,0.013841442458583656,0.028307006128252984,20,cell
5.0,QR_Q_C_full_excess_purity,20,20,1.0,0.016859379434734652,0.01236334905185855,0.002764528890951329,0.011073153966866922,0.02264560490260238,20,cell
5.0,QR_Q_C_full_expected_random_capture,20,20,1.0,0.05000000000000001,0.0,0.0,0.05000000000000001,0.05000000000000001,20,cell
5.0,QR_Q_C_full_expected_random_purity,20,20,1.0,0.04000000000000001,7.119154932824459e-18,1.5918914372148438e-18,0.04000000000000001,0.04000000000000001,20,cell
5.0,QR_Q_C_full_largest_canonical_correlation,20,20,1.0,0.41430408231353066,0.04599647768521863,0.010285125082970104,0.3927770681122765,0.43583109651478485,20,cell
5.0,QR_Q_C_full_purity,20,20,1.0,0.056859379434734646,0.012363349051858565,0.0027645288909513323,0.05107315396686691,0.06264560490260238,20,cell
5.0,QR_Q_C_full_shared_energy,20,20,1.0,0.28429689717367346,0.06181674525929283,0.013822644454756663,0.2553657698343348,0.3132280245130121,20,cell
5.0,QR_Q_C_full_smallest_principal_angle,20,20,1.0,1.143045605915315,0.05060705475012602,0.011316081456233541,1.1193607752257748,1.166730436604855,20,cell
5.0,QR_Q_C_largest_canonical_correlation,20,20,1.0,0.3717572184481657,0.06337429660594499,0.014170923523712717,0.3420971346398551,0.40141730225647637,20,cell
5.0,QR_Q_C_purity,20,20,1.0,0.04469979202316333,0.013906148531228965,0.003109509342103682,0.03819151417273311,0.05120806987359355,20,cell
5.0,QR_Q_C_shared_energy,20,20,1.0,0.22349896011581682,0.06953074265614481,0.015547546710518407,0.19095757086366574,0.25604034936796793,20,cell
5.0,QR_Q_C_smallest_principal_angle,20,20,1.0,1.1890642037104828,0.06740332758063311,0.015071842237998206,1.1575184753621062,1.2206099320588595,20,cell
5.0,QR_Q_C_unique_capture,20,20,1.0,0.003437852598499941,0.00313013591055223,0.0006999196674807987,0.0019729038983091964,0.004902801298690685,20,cell
5.0,QR_Q_C_unique_dim_Q,20,20,1.0,3.0,0.0,0.0,3.0,3.0,20,cell
5.0,QR_Q_C_unique_dim_U,20,20,1.0,5.0,0.0,0.0,5.0,5.0,20,cell
5.0,QR_Q_C_unique_excess_capture,20,20,1.0,-0.046562147401499956,0.0031301359105522304,0.0006999196674807988,-0.0480270961016907,-0.04509719870130921,20,cell
5.0,QR_Q_C_unique_excess_purity,20,20,1.0,-0.027937288440899953,0.0018780815463313376,0.00041995180048847916,-0.0288162576610144,-0.027058319220785505,20,cell
5.0,QR_Q_C_unique_expected_random_capture,20,20,1.0,0.05000000000000001,0.0,0.0,0.05000000000000001,0.05000000000000001,20,cell
5.0,QR_Q_C_unique_expected_random_purity,20,20,1.0,0.030000000000000006,7.119154932824459e-18,1.5918914372148438e-18,0.030000000000000002,0.03000000000000001,20,cell
5.0,QR_Q_C_unique_largest_canonical_correlation,20,20,1.0,0.08628790461545169,0.038543181219219666,0.00861851732752684,0.0682491405356036,0.10432666869529977,20,cell
5.0,QR_Q_C_unique_purity,20,20,1.0,0.0020627115590999444,0.001878081546331337,0.000419951800488479,0.001183742338985498,0.0029416807792143904,20,cell
5.0,QR_Q_C_unique_shared_energy,20,20,1.0,0.010313557795499927,0.009390407731656693,0.002099759002442397,0.005918711694927692,0.014708403896072163,20,cell
5.0,QR_Q_C_unique_smallest_principal_angle,20,20,1.0,1.484314450003386,0.038800453523453876,0.00867604516362641,1.4661552787787835,1.5024736212279886,20,cell
5.0,QR_Q_F_capture,20,20,1.0,0.9946370223770513,0.0027913455982722045,0.0006241638506431469,0.9933306324237631,0.9959434123303396,20,cell
5.0,QR_Q_F_dim_Q,20,20,1.0,5.0,0.0,0.0,5.0,5.0,20,cell
5.0,QR_Q_F_dim_U,20,20,1.0,5.0,0.0,0.0,5.0,5.0,20,cell
5.0,QR_Q_F_excess_capture,20,20,1.0,0.9446370223770512,0.002791345598272221,0.0006241638506431505,0.9433306324237629,0.9459434123303394,20,cell
5.0,QR_Q_F_excess_purity,20,20,1.0,0.9446370223770512,0.002791345598272221,0.0006241638506431505,0.9433306324237629,0.9459434123303394,20,cell
5.0,QR_Q_F_expected_random_capture,20,20,1.0,0.05000000000000001,0.0,0.0,0.05000000000000001,0.05000000000000001,20,cell
5.0,QR_Q_F_expected_random_purity,20,20,1.0,0.05000000000000001,0.0,0.0,0.05000000000000001,0.05000000000000001,20,cell
5.0,QR_Q_F_largest_canonical_correlation,20,20,1.0,0.9994684525090836,7.919580022005563e-05,1.7708719282453718e-05,0.9994313877336526,0.9995055172845145,20,cell
5.0,QR_Q_F_purity,20,20,1.0,0.9946370223770513,0.0027913455982722045,0.0006241638506431469,0.9933306324237631,0.9959434123303396,20,cell
5.0,QR_Q_F_shared_energy,20,20,1.0,4.973185111885257,0.013956727991361115,0.003120819253215755,4.966653162118815,4.979717061651698,20,cell
5.0,QR_Q_F_smallest_principal_angle,20,20,1.0,0.03246451865492763,0.0025323696606397543,0.0005662550705348564,0.03127933317136753,0.03364970413848773,20,cell
5.0,QR_Q_P4_capture,20,20,1.0,0.0718282832882127,0.014689490487007281,0.003284669928378477,0.06495339011732508,0.07870317645910031,20,cell
5.0,QR_Q_P4_dim_Q,20,20,1.0,4.0,0.0,0.0,4.0,4.0,20,cell
5.0,QR_Q_P4_dim_U,20,20,1.0,5.0,0.0,0.0,5.0,5.0,20,cell
5.0,QR_Q_P4_excess_capture,20,20,1.0,0.021828283288212673,0.014689490487007269,0.0032846699283784744,0.01495339011732506,0.028703176459100286,20,cell
5.0,QR_Q_P4_excess_purity,20,20,1.0,0.01746262663057014,0.01175159238960581,0.0026277359427027782,0.011962712093860052,0.022962541167280227,20,cell
5.0,QR_Q_P4_expected_random_capture,20,20,1.0,0.05000000000000001,0.0,0.0,0.05000000000000001,0.05000000000000001,20,cell
5.0,QR_Q_P4_expected_random_purity,20,20,1.0,0.04000000000000001,7.119154932824459e-18,1.5918914372148438e-18,0.04000000000000001,0.04000000000000001,20,cell
5.0,QR_Q_P4_largest_canonical_correlation,20,20,1.0,0.4151671032562213,0.04129856809156982,0.009234640562615387,0.39583877842485304,0.43449542808758956,20,cell
5.0,QR_Q_P4_purity,20,20,1.0,0.057462626630570134,0.011751592389605827,0.002627735942702782,0.05196271209386004,0.06296254116728023,20,cell
5.0,QR_Q_P4_shared_energy,20,20,1.0,0.28731313315285084,0.05875796194802911,0.013138679713513905,0.2598135604693004,0.3148127058364013,20,cell
5.0,QR_Q_P4_smallest_principal_angle,20,20,1.0,1.1422024250060856,0.04543793018907817,0.010160230065966867,1.120936819079695,1.1634680309324763,20,cell
5.0,U4_Q_C_capture,20,20,1.0,0.5197847461370066,0.045532434674065383,0.010181361911227867,0.49847491075017064,0.5410945815238427,20,cell
5.0,U4_Q_C_dim_Q,20,20,1.0,3.0,0.0,0.0,3.0,3.0,20,cell
5.0,U4_Q_C_dim_U,20,20,1.0,4.0,0.0,0.0,4.0,4.0,20,cell
5.0,U4_Q_C_excess_capture,20,20,1.0,0.47978474613700656,0.04553243467406534,0.010181361911227859,0.45847491075017055,0.5010945815238426,20,cell
5.0,U4_Q_C_excess_purity,20,20,1.0,0.359838559602755,0.034149326005549034,0.0076360214334209,0.343856183062628,0.37582093614288203,20,cell
5.0,U4_Q_C_expected_random_capture,20,20,1.0,0.04000000000000001,7.119154932824459e-18,1.5918914372148438e-18,0.04000000000000001,0.04000000000000001,20,cell
5.0,U4_Q_C_expected_random_purity,20,20,1.0,0.030000000000000006,7.119154932824459e-18,1.5918914372148438e-18,0.030000000000000002,0.03000000000000001,20,cell
5.0,U4_Q_C_full_capture,20,20,1.0,0.5334504335862851,0.03595302047738567,0.008039339778387628,0.5166239020485586,0.5502769651240116,20,cell
5.0,U4_Q_C_full_dim_Q,20,20,1.0,4.0,0.0,0.0,4.0,4.0,20,cell
5.0,U4_Q_C_full_dim_U,20,20,1.0,4.0,0.0,0.0,4.0,4.0,20,cell
5.0,U4_Q_C_full_excess_capture,20,20,1.0,0.49345043358628493,0.03595302047738564,0.008039339778387623,0.4766239020485584,0.5102769651240114,20,cell
5.0,U4_Q_C_full_excess_purity,20,20,1.0,0.49345043358628493,0.03595302047738564,0.008039339778387623,0.4766239020485584,0.5102769651240114,20,cell
5.0,U4_Q_C_full_expected_random_capture,20,20,1.0,0.04000000000000001,7.119154932824459e-18,1.5918914372148438e-18,0.04000000000000001,0.04000000000000001,20,cell
5.0,U4_Q_C_full_expected_random_purity,20,20,1.0,0.04000000000000001,7.119154932824459e-18,1.5918914372148438e-18,0.04000000000000001,0.04000000000000001,20,cell
5.0,U4_Q_C_full_largest_canonical_correlation,20,20,1.0,0.9547444707992254,0.012205639800018606,0.002729264030171854,0.9490320555332445,0.9604568860652063,20,cell
5.0,U4_Q_C_full_purity,20,20,1.0,0.5334504335862851,0.03595302047738567,0.008039339778387628,0.5166239020485586,0.5502769651240116,20,cell
5.0,U4_Q_C_full_shared_energy,20,20,1.0,2.1338017343451403,0.14381208190954262,0.032157359113550506,2.0664956081942343,2.2011078604960463,20,cell
5.0,U4_Q_C_full_smallest_principal_angle,20,20,1.0,0.29926141259501693,0.040719622602796546,0.009105184415798998,0.28020404259292636,0.3183187825971075,20,cell
5.0,U4_Q_C_largest_canonical_correlation,20,20,1.0,0.9364518678014058,0.01951967639528762,0.004364732331866117,0.9273163780397565,0.945587357563055,20,cell
5.0,U4_Q_C_purity,20,20,1.0,0.38983855960275493,0.03414932600554901,0.007636021433420895,0.3738561830626279,0.40582093614288195,20,cell
5.0,U4_Q_C_shared_energy,20,20,1.0,1.5593542384110197,0.13659730402219608,0.030544085733683585,1.4954247322505116,1.6232837445715278,20,cell
5.0,U4_Q_C_smallest_principal_angle,20,20,1.0,0.3543407705742575,0.05512363381125365,0.012326019236876897,0.32854211581637516,0.38013942533213985,20,cell
5.0,U4_Q_C_unique_capture,20,20,1.0,0.5619942763020553,0.04636520850208967,0.01036757580016237,0.5402946907664145,0.5836938618376962,20,cell
5.0,U4_Q_C_unique_dim_Q,20,20,1.0,3.0,0.0,0.0,3.0,3.0,20,cell
5.0,U4_Q_C_unique_dim_U,20,20,1.0,4.0,0.0,0.0,4.0,4.0,20,cell
5.0,U4_Q_C_unique_excess_capture,20,20,1.0,0.5219942763020553,0.04636520850208966,0.010367575800162367,0.5002946907664145,0.5436938618376961,20,cell
5.0,U4_Q_C_unique_excess_purity,20,20,1.0,0.39149570722654137,0.03477390637656725,0.007775681850121776,0.37522101807481073,0.407770396378272,20,cell
5.0,U4_Q_C_unique_expected_random_capture,20,20,1.0,0.04000000000000001,7.119154932824459e-18,1.5918914372148438e-18,0.04000000000000001,0.04000000000000001,20,cell
5.0,U4_Q_C_unique_expected_random_purity,20,20,1.0,0.030000000000000006,7.119154932824459e-18,1.5918914372148438e-18,0.030000000000000002,0.03000000000000001,20,cell
5.0,U4_Q_C_unique_largest_canonical_correlation,20,20,1.0,0.975354431757156,0.004548629721252689,0.0010171045261196932,0.9732256075181399,0.977483255996172,20,cell
5.0,U4_Q_C_unique_purity,20,20,1.0,0.4214957072265414,0.03477390637656724,0.0077756818501217755,0.40522101807481076,0.43777039637827203,20,cell
5.0,U4_Q_C_unique_shared_energy,20,20,1.0,1.6859828289061656,0.13909562550626897,0.031102727400487102,1.620884072299243,1.7510815855130881,20,cell
5.0,U4_Q_C_unique_smallest_principal_angle,20,20,1.0,0.22136967541798064,0.019826783349591256,0.004433403534484702,0.21209045517740555,0.23064889565855573,20,cell
5.0,U4_Q_F_capture,20,20,1.0,0.0028493117892213317,0.0027533489619040717,0.0006156675444595983,0.0015607048091489239,0.00413791876929374,20,cell
5.0,U4_Q_F_dim_Q,20,20,1.0,5.0,0.0,0.0,5.0,5.0,20,cell
5.0,U4_Q_F_dim_U,20,20,1.0,4.0,0.0,0.0,4.0,4.0,20,cell
5.0,U4_Q_F_excess_capture,20,20,1.0,-0.03715068821077857,0.002753348961904071,0.000615667544459598,-0.03843929519085098,-0.03586208123070616,20,cell
5.0,U4_Q_F_excess_purity,20,20,1.0,-0.046438360263473234,0.0034416862023800934,0.0007695844305744987,-0.048049118988563747,-0.04482760153838272,20,cell
5.0,U4_Q_F_expected_random_capture,20,20,1.0,0.04000000000000001,7.119154932824459e-18,1.5918914372148438e-18,0.04000000000000001,0.04000000000000001,20,cell
5.0,U4_Q_F_expected_random_purity,20,20,1.0,0.05000000000000001,0.0,0.0,0.05000000000000001,0.05000000000000001,20,cell
5.0,U4_Q_F_largest_canonical_correlation,20,20,1.0,0.09950850420107471,0.04529717503893002,0.01012875625757542,0.07830877371273114,0.12070823468941828,20,cell
5.0,U4_Q_F_purity,20,20,1.0,0.0035616397365266757,0.00344168620238009,0.000769584430574498,0.0019508810114361656,0.005172398461617185,20,cell
5.0,U4_Q_F_shared_energy,20,20,1.0,0.014246558946106847,0.01376674480952036,0.003078337722297992,0.007803524045744806,0.020689593846468887,20,cell
5.0,U4_Q_F_smallest_principal_angle,20,20,1.0,1.470984963133005,0.04573719026258833,0.010227146652698896,1.4495792991809453,1.4923906270850646,20,cell
5.0,U4_Q_F_unique_capture,20,20,1.0,0.028175029888250602,0.009661468546818255,0.0021603700433161727,0.02365332342116683,0.03269673635533437,20,cell
5.0,U4_Q_F_unique_dim_Q,20,20,1.0,5.0,0.0,0.0,5.0,5.0,20,cell
5.0,U4_Q_F_unique_dim_U,20,20,1.0,4.0,0.0,0.0,4.0,4.0,20,cell
5.0,U4_Q_F_unique_excess_capture,20,20,1.0,-0.011824970111749305,0.009661468546818238,0.002160370043316169,-0.01634667657883307,-0.007303263644665542,20,cell
5.0,U4_Q_F_unique_excess_purity,20,20,1.0,-0.014781212639686642,0.0120768356835228,0.0027004625541452118,-0.020433345723541347,-0.009129079555831938,20,cell
5.0,U4_Q_F_unique_expected_random_capture,20,20,1.0,0.04000000000000001,7.119154932824459e-18,1.5918914372148438e-18,0.04000000000000001,0.04000000000000001,20,cell
5.0,U4_Q_F_unique_expected_random_purity,20,20,1.0,0.05000000000000001,0.0,0.0,0.05000000000000001,0.05000000000000001,20,cell
5.0,U4_Q_F_unique_largest_canonical_correlation,20,20,1.0,0.31094076193209064,0.05885551100788005,0.013160492346410695,0.2833955348831972,0.3384859889809841,20,cell
5.0,U4_Q_F_unique_purity,20,20,1.0,0.03521878736031327,0.01207683568352282,0.002700462554145216,0.029566654276458555,0.04087092044416798,20,cell
5.0,U4_Q_F_unique_shared_energy,20,20,1.0,0.1408751494412532,0.04830734273409128,0.010801850216580864,0.11826661710583436,0.16348368177667205,20,cell
5.0,U4_Q_F_unique_smallest_principal_angle,20,20,1.0,1.25398901311672,0.06186174260233911,0.013832706166542499,1.225036826372585,1.2829411998608549,20,cell
5.0,U4_Q_P4_capture,20,20,1.0,0.5486427432355212,0.03806898046351442,0.008512482815052968,0.5308259119408784,0.566459574530164,20,cell
5.0,U4_Q_P4_dim_Q,20,20,1.0,4.0,0.0,0.0,4.0,4.0,20,cell
5.0,U4_Q_P4_dim_U,20,20,1.0,4.0,0.0,0.0,4.0,4.0,20,cell
5.0,U4_Q_P4_excess_capture,20,20,1.0,0.5086427432355213,0.038068980463514424,0.00851248281505297,0.49082591194087843,0.5264595745301641,20,cell
5.0,U4_Q_P4_excess_purity,20,20,1.0,0.5086427432355213,0.038068980463514424,0.00851248281505297,0.49082591194087843,0.5264595745301641,20,cell
5.0,U4_Q_P4_expected_random_capture,20,20,1.0,0.04000000000000001,7.119154932824459e-18,1.5918914372148438e-18,0.04000000000000001,0.04000000000000001,20,cell
5.0,U4_Q_P4_expected_random_purity,20,20,1.0,0.04000000000000001,7.119154932824459e-18,1.5918914372148438e-18,0.04000000000000001,0.04000000000000001,20,cell
5.0,U4_Q_P4_largest_canonical_correlation,20,20,1.0,0.9639490409479192,0.013873966351842525,0.003102313188026465,0.9574558248210718,0.9704422570747666,20,cell
5.0,U4_Q_P4_purity,20,20,1.0,0.5486427432355212,0.03806898046351442,0.008512482815052968,0.5308259119408784,0.566459574530164,20,cell
5.0,U4_Q_P4_shared_energy,20,20,1.0,2.194570972942085,0.15227592185405767,0.03404993126021187,2.1233036477635134,2.265838298120656,20,cell
5.0,U4_Q_P4_smallest_principal_angle,20,20,1.0,0.26439045909284997,0.05189680972113338,0.011604479435182613,0.24010200449612676,0.2886789136895732,20,cell
5.0,UMP_Q_C_capture,20,20,1.0,0.4185923332644296,0.019658449984962235,0.004395763049865527,0.409391895463582,0.42779277106527713,20,cell
5.0,UMP_Q_C_dim_Q,20,20,1.0,3.0,0.0,0.0,3.0,3.0,20,cell
5.0,UMP_Q_C_dim_U,20,20,1.0,2.05,0.127733274731701,0.028562028528873965,1.9902189872463716,2.1097810127536283,20,cell
5.0,UMP_Q_C_excess_capture,20,20,1.0,0.3980923332644296,0.01941932330527372,0.004342292698763794,0.3890038101946356,0.40718085633422363,20,cell
5.0,UMP_Q_C_excess_purity,20,20,1.0,0.5861251454477452,0.03744357843767379,0.008372638670748396,0.5686010113109999,0.6036492795844904,20,cell
5.0,UMP_Q_C_expected_random_capture,20,20,1.0,0.0205,0.0012773327473170107,0.0002856202852887398,0.019902189872463717,0.021097810127536285,20,cell
5.0,UMP_Q_C_expected_random_purity,20,20,1.0,0.030000000000000006,7.119154932824459e-18,1.5918914372148438e-18,0.030000000000000002,0.03000000000000001,20,cell
5.0,UMP_Q_C_full_capture,20,20,1.0,0.44008469180340964,0.015594822490665959,0.003487108318617166,0.43278609021221676,0.44738329339460253,20,cell
5.0,UMP_Q_C_full_dim_Q,20,20,1.0,4.0,0.0,0.0,4.0,4.0,20,cell
5.0,UMP_Q_C_full_dim_U,20,20,1.0,2.05,0.127733274731701,0.028562028528873965,1.9902189872463716,2.1097810127536283,20,cell
5.0,UMP_Q_C_full_excess_capture,20,20,1.0,0.41958469180340974,0.015108546794160176,0.0033783737672978672,0.4125136742436734,0.42665570936314606,20,cell
5.0,UMP_Q_C_full_excess_purity,20,20,1.0,0.8235580741432363,0.04114028839571148,0.009199248146675663,0.8043038264897735,0.8428123217966992,20,cell
5.0,UMP_Q_C_full_expected_random_capture,20,20,1.0,0.0205,0.0012773327473170107,0.0002856202852887398,0.019902189872463717,0.021097810127536285,20,cell
5.0,UMP_Q_C_full_expected_random_purity,20,20,1.0,0.04000000000000001,7.119154932824459e-18,1.5918914372148438e-18,0.04000000000000001,0.04000000000000001,20,cell
5.0,UMP_Q_C_full_largest_canonical_correlation,20,20,1.0,0.9537604743321462,0.013097426577397122,0.0029286736157372374,0.9476306900068973,0.9598902586573951,20,cell
5.0,UMP_Q_C_full_purity,20,20,1.0,0.8635580741432362,0.04114028839571147,0.00919924814667566,0.8443038264897733,0.882812321796699,20,cell
5.0,UMP_Q_C_full_shared_energy,20,20,1.0,1.7603387672136386,0.062379289962663766,0.013948433274468649,1.731144360848867,1.7895331735784101,20,cell
5.0,UMP_Q_C_full_smallest_principal_angle,20,20,1.0,0.3023556941011936,0.042624601722581555,0.009531150696554698,0.28240676642711454,0.3223046217752727,20,cell
5.0,UMP_Q_C_largest_canonical_correlation,20,20,1.0,0.9353882583727913,0.02011759493371689,0.004498430981559634,0.9259729341212916,0.944803582624291,20,cell
5.0,UMP_Q_C_purity,20,20,1.0,0.6161251454477452,0.037443578437673805,0.0083726386707484,0.598601011311,0.6336492795844905,20,cell
5.0,UMP_Q_C_shared_energy,20,20,1.0,1.2557769997932886,0.058975349954886715,0.013187289149596585,1.2281756863907458,1.2833783131958314,20,cell
5.0,UMP_Q_C_smallest_principal_angle,20,20,1.0,0.35720912443788033,0.0564199261414539,0.012615879013780832,0.33080378619453266,0.383614462681228,20,cell
5.0,UMP_Q_C_unique_capture,20,20,1.0,0.45524742229000015,0.01662613707144796,0.0037177172694986917,0.4474661506174504,0.4630286939625499,20,cell
5.0,UMP_Q_C_unique_dim_Q,20,20,1.0,3.0,0.0,0.0,3.0,3.0,20,cell
5.0,UMP_Q_C_unique_dim_U,20,20,1.0,2.05,0.127733274731701,0.028562028528873965,1.9902189872463716,2.1097810127536283,20,cell
5.0,UMP_Q_C_unique_excess_capture,20,20,1.0,0.4347474222900002,0.015852420754954407,0.0035447090416006587,0.42732826100005156,0.4421665835799488,20,cell
5.0,UMP_Q_C_unique_excess_purity,20,20,1.0,0.6397017376161097,0.026930968008602677,0.006021947516710773,0.62709765660925,0.6523058186229694,20,cell
5.0,UMP_Q_C_unique_expected_random_capture,20,20,1.0,0.0205,0.0012773327473170107,0.0002856202852887398,0.019902189872463717,0.021097810127536285,20,cell
5.0,UMP_Q_C_unique_expected_random_purity,20,20,1.0,0.030000000000000006,7.119154932824459e-18,1.5918914372148438e-18,0.030000000000000002,0.03000000000000001,20,cell
5.0,UMP_Q_C_unique_largest_canonical_correlation,20,20,1.0,0.9748480302148502,0.004676590748350037,0.0010457174816257294,0.9726593183716924,0.9770367420580081,20,cell
5.0,UMP_Q_C_unique_purity,20,20,1.0,0.6697017376161096,0.026930968008602656,0.006021947516710768,0.6570976566092499,0.6823058186229694,20,cell
5.0,UMP_Q_C_unique_shared_energy,20,20,1.0,1.3657422668700003,0.04987841121434391,0.011153151808496081,1.342398451852351,1.3890860818876496,20,cell
5.0,UMP_Q_C_unique_smallest_principal_angle,20,20,1.0,0.22362755821889121,0.020272647296388016,0.004533101743860093,0.214139667227912,0.23311544920987043,20,cell
5.0,UMP_Q_F_capture,20,20,1.0,0.002750346253814329,0.002717643676657175,0.0006076835999627901,0.0014784498616228008,0.004022242646005857,20,cell
5.0,UMP_Q_F_dim_Q,20,20,1.0,5.0,0.0,0.0,5.0,5.0,20,cell
5.0,UMP_Q_F_dim_U,20,20,1.0,2.05,0.127733274731701,0.028562028528873965,1.9902189872463716,2.1097810127536283,20,cell
5.0,UMP_Q_F_excess_capture,20,20,1.0,-0.017749653746185576,0.0032934314833582756,0.0007364336676027072,-0.01929102712695414,-0.01620828036541701,20,cell
5.0,UMP_Q_F_excess_purity,20,20,1.0,-0.043175212207589866,0.0068243629243369495,0.0015259739401946673,-0.046369112370817464,-0.03998131204436227,20,cell
5.0,UMP_Q_F_expected_random_capture,20,20,1.0,0.0205,0.0012773327473170107,0.0002856202852887398,0.019902189872463717,0.021097810127536285,20,cell
5.0,UMP_Q_F_expected_random_purity,20,20,1.0,0.05000000000000001,0.0,0.0,0.05000000000000001,0.05000000000000001,20,cell
5.0,UMP_Q_F_largest_canonical_correlation,20,20,1.0,0.09879048815561009,0.04524059230942096,0.010116103974621945,0.07761723919983132,0.11996373711138886,20,cell
5.0,UMP_Q_F_purity,20,20,1.0,0.006824787792410044,0.006824362924336948,0.0015259739401946668,0.0036308876291824507,0.010018687955637639,20,cell
5.0,UMP_Q_F_shared_energy,20,20,1.0,0.013751731269071851,0.013588218383285871,0.00303841799981395,0.007392249308114213,0.02011121323002949,20,cell
5.0,UMP_Q_F_smallest_principal_angle,20,20,1.0,1.4717079729213591,0.04567435352975524,0.010213095932089017,1.4503317174655177,1.4930842283772006,20,cell
5.0,UMP_Q_F_unique_capture,20,20,1.0,0.024743399669156722,0.007966616412485882,0.0017813895848983934,0.021014908417692033,0.028471890920621412,20,cell
5.0,UMP_Q_F_unique_dim_Q,20,20,1.0,5.0,0.0,0.0,5.0,5.0,20,cell
5.0,UMP_Q_F_unique_dim_U,20,20,1.0,2.05,0.127733274731701,0.028562028528873965,1.9902189872463716,2.1097810127536283,20,cell
5.0,UMP_Q_F_unique_excess_capture,20,20,1.0,0.004243399669156754,0.007580058685526023,0.0016949526494273888,0.0006958230028222129,0.007790976335491294,20,cell
5.0,UMP_Q_F_unique_excess_purity,20,20,1.0,0.010401379960774648,0.018700573400512392,0.004181575334177011,0.001649242201021894,0.019153517720527403,20,cell
5.0,UMP_Q_F_unique_expected_random_capture,20,20,1.0,0.0205,0.0012773327473170107,0.0002856202852887398,0.019902189872463717,0.021097810127536285,20,cell
5.0,UMP_Q_F_unique_expected_random_purity,20,20,1.0,0.05000000000000001,0.0,0.0,0.05000000000000001,0.05000000000000001,20,cell
5.0,UMP_Q_F_unique_largest_canonical_correlation,20,20,1.0,0.30175494203139847,0.05703564466867755,0.012753557861968646,0.2750614386470105,0.32844844541578644,20,cell
5.0,UMP_Q_F_unique_purity,20,20,1.0,0.060401379960774625,0.018700573400512434,0.00418157533417702,0.05164924220102185,0.0691535177205274,20,cell
5.0,UMP_Q_F_unique_shared_energy,20,20,1.0,0.12371699834578383,0.039833082062429415,0.00890694792449197,0.10507454208846038,0.14235945460310728,20,cell
5.0,UMP_Q_F_unique_smallest_principal_angle,20,20,1.0,1.2636990708730018,0.05978546972821842,0.013368437437905225,1.2357186097456143,1.2916795320003893,20,cell
5.0,UMP_Q_P4_capture,20,20,1.0,0.4491881345833117,0.0159502565735155,0.0035665857956943526,0.44172318472081257,0.4566530844458108,20,cell
5.0,UMP_Q_P4_dim_Q,20,20,1.0,4.0,0.0,0.0,4.0,4.0,20,cell
5.0,UMP_Q_P4_dim_U,20,20,1.0,2.05,0.127733274731701,0.028562028528873965,1.9902189872463716,2.1097810127536283,20,cell
5.0,UMP_Q_P4_excess_capture,20,20,1.0,0.4286881345833117,0.015397543392573987,0.0034429953712298163,0.4214818624521114,0.43589440671451196,20,cell
5.0,UMP_Q_P4_excess_purity,20,20,1.0,0.8413162311646001,0.04057652947095321,0.009073187818807494,0.8223258308096719,0.8603066315195282,20,cell
5.0,UMP_Q_P4_expected_random_capture,20,20,1.0,0.0205,0.0012773327473170107,0.0002856202852887398,0.019902189872463717,0.021097810127536285,20,cell
5.0,UMP_Q_P4_expected_random_purity,20,20,1.0,0.04000000000000001,7.119154932824459e-18,1.5918914372148438e-18,0.04000000000000001,0.04000000000000001,20,cell
5.0,UMP_Q_P4_largest_canonical_correlation,20,20,1.0,0.963112751892166,0.014573216449085923,0.0032586702630974223,0.9562922766461183,0.9699332271382138,20,cell
5.0,UMP_Q_P4_purity,20,20,1.0,0.8813162311646001,0.04057652947095319,0.009073187818807492,0.862325830809672,0.9003066315195283,20,cell
5.0,UMP_Q_P4_shared_energy,20,20,1.0,1.7967525383332472,0.063801026294062,0.01426634318277741,1.7668927388832507,1.8266123377832437,20,cell
5.0,UMP_Q_P4_smallest_principal_angle,20,20,1.0,0.2673212883544759,0.053331765483830285,0.011925345298192147,0.24236125378823525,0.2922813229207165,20,cell
7.0,QR_Q_C_capture,20,20,1.0,0.4915408306731551,0.01674772037929883,0.003744904123627074,0.483702656260951,0.49937900508535926,20,cell
7.0,QR_Q_C_dim_Q,20,20,1.0,3.0,0.0,0.0,3.0,3.0,20,cell
7.0,QR_Q_C_dim_U,20,20,1.0,7.0,0.0,0.0,7.0,7.0,20,cell
7.0,QR_Q_C_excess_capture,20,20,1.0,0.42154083067315506,0.016747720379298836,0.003744904123627076,0.4137026562609509,0.42937900508535926,20,cell
7.0,QR_Q_C_excess_purity,20,20,1.0,0.1806603560027807,0.0071775944482709245,0.0016049589101258884,0.17730113839755032,0.18401957360801105,20,cell
7.0,QR_Q_C_expected_random_capture,20,20,1.0,0.07000000000000002,1.4238309865648918e-17,3.1837828744296875e-18,0.07000000000000002,0.07000000000000002,20,cell
7.0,QR_Q_C_expected_random_purity,20,20,1.0,0.030000000000000006,7.119154932824459e-18,1.5918914372148438e-18,0.030000000000000002,0.03000000000000001,20,cell
7.0,QR_Q_C_full_capture,20,20,1.0,0.5077225100858221,0.014837121672704467,0.003317681265060257,0.5007785233931914,0.5146664967784529,20,cell
7.0,QR_Q_C_full_dim_Q,20,20,1.0,4.0,0.0,0.0,4.0,4.0,20,cell
7.0,QR_Q_C_full_dim_U,20,20,1.0,7.0,0.0,0.0,7.0,7.0,20,cell
7.0,QR_Q_C_full_excess_capture,20,20,1.0,0.43772251008582214,0.014837121672704446,0.0033176812650602527,0.4307785233931914,0.4446664967784529,20,cell
7.0,QR_Q_C_full_excess_purity,20,20,1.0,0.2501271486204698,0.00847835524154541,0.0018958178657487185,0.2461591562246808,0.2540951410162588,20,cell
7.0,QR_Q_C_full_expected_random_capture,20,20,1.0,0.07000000000000002,1.4238309865648918e-17,3.1837828744296875e-18,0.07000000000000002,0.07000000000000002,20,cell
7.0,QR_Q_C_full_expected_random_purity,20,20,1.0,0.04000000000000001,7.119154932824459e-18,1.5918914372148438e-18,0.04000000000000001,0.04000000000000001,20,cell
7.0,QR_Q_C_full_largest_canonical_correlation,20,20,1.0,0.9819664841604773,0.002688839765908171,0.0006012428497175291,0.9807080684134775,0.9832248999074771,20,cell
7.0,QR_Q_C_full_purity,20,20,1.0,0.29012714862046984,0.00847835524154539,0.001895817865748714,0.28615915622468086,0.29409514101625883,20,cell
7.0,QR_Q_C_full_shared_energy,20,20,1.0,2.030890040343289,0.059348486690817805,0.013270725060241014,2.003114093572766,2.058665987113812,20,cell
7.0,QR_Q_C_full_smallest_principal_angle,20,20,1.0,0.18953594600350215,0.01437807198858464,0.0032150346351860833,0.182806801176302,0.19626509083070232,20,cell
7.0,QR_Q_C_largest_canonical_correlation,20,20,1.0,0.9801311122736991,0.003628256765983283,0.0008113028768562167,0.9784330358370285,0.9818291887103697,20,cell
7.0,QR_Q_C_purity,20,20,1.0,0.21066035600278074,0.0071775944482709315,0.0016049589101258899,0.20730113839755038,0.2140195736080111,20,cell
7.0,QR_Q_C_shared_energy,20,20,1.0,1.4746224920194653,0.05024316113789657,0.011234712370881242,1.4511079687828528,1.4981370152560778,20,cell
7.0,QR_Q_C_smallest_principal_angle,20,20,1.0,0.1987433136640891,0.018190181484480115,0.004067448232235558,0.1902300466739597,0.20725658065421848,20,cell
7.0,QR_Q_C_unique_capture,20,20,1.0,0.45685942897376197,0.01203625020260612,0.0026913873647222896,0.4512262904796678,0.46249256746785616,20,cell
7.0,QR_Q_C_unique_dim_Q,20,20,1.0,3.0,0.0,0.0,3.0,3.0,20,cell
7.0,QR_Q_C_unique_dim_U,20,20,1.0,7.0,0.0,0.0,7.0,7.0,20,cell
7.0,QR_Q_C_unique_excess_capture,20,20,1.0,0.38685942897376197,0.012036250202606126,0.0026913873647222914,0.3812262904796677,0.3924925674678562,20,cell
7.0,QR_Q_C_unique_excess_purity,20,20,1.0,0.16579689813161225,0.005158392943974054,0.0011534517277381248,0.16338269591985757,0.16821110034336692,20,cell
7.0,QR_Q_C_unique_expected_random_capture,20,20,1.0,0.07000000000000002,1.4238309865648918e-17,3.1837828744296875e-18,0.07000000000000002,0.07000000000000002,20,cell
7.0,QR_Q_C_unique_expected_random_purity,20,20,1.0,0.030000000000000006,7.119154932824459e-18,1.5918914372148438e-18,0.030000000000000002,0.03000000000000001,20,cell
7.0,QR_Q_C_unique_largest_canonical_correlation,20,20,1.0,0.9786179418333841,0.004361895914554486,0.0009753495775722445,0.9765765117060685,0.9806593719606997,20,cell
7.0,QR_Q_C_unique_purity,20,20,1.0,0.19579689813161222,0.005158392943974046,0.001153451727738123,0.19338269591985754,0.1982111003433669,20,cell
7.0,QR_Q_C_unique_shared_energy,20,20,1.0,1.3705782869212857,0.036108750607818346,0.008074162094166866,1.3536788714390031,1.3874777024035683,20,cell
7.0,QR_Q_C_unique_smallest_principal_angle,20,20,1.0,0.20601985033591186,0.020828677198438596,0.004657433809710857,0.1962717293403727,0.215767971331451,20,cell
7.0,QR_Q_F_capture,20,20,1.0,0.997261266737625,0.00026681879785974495,5.9662496968916505e-05,0.9971363916963231,0.997386141778927,20,cell
7.0,QR_Q_F_dim_Q,20,20,1.0,5.0,0.0,0.0,5.0,5.0,20,cell
7.0,QR_Q_F_dim_U,20,20,1.0,7.0,0.0,0.0,7.0,7.0,20,cell
7.0,QR_Q_F_excess_capture,20,20,1.0,0.9272612667376249,0.00026681879785975027,5.96624969689177e-05,0.9271363916963229,0.9273861417789269,20,cell
7.0,QR_Q_F_excess_purity,20,20,1.0,0.6623294762411606,0.00019058485561411064,4.261606926351338e-05,0.6622402797830877,0.6624186726992334,20,cell
7.0,QR_Q_F_expected_random_capture,20,20,1.0,0.07000000000000002,1.4238309865648918e-17,3.1837828744296875e-18,0.07000000000000002,0.07000000000000002,20,cell
7.0,QR_Q_F_expected_random_purity,20,20,1.0,0.05000000000000001,0.0,0.0,0.05000000000000001,0.05000000000000001,20,cell
7.0,QR_Q_F_largest_canonical_correlation,20,20,1.0,0.9995257961089801,6.641444279888754e-05,1.4850720878608392e-05,0.9994947131929558,0.9995568790250043,20,cell
7.0,QR_Q_F_purity,20,20,1.0,0.7123294762411605,0.0001905848556141332,4.261606926351842e-05,0.7122402797830876,0.7124186726992334,20,cell
7.0,QR_Q_F_shared_energy,20,20,1.0,4.986306333688124,0.0013340939892987442,0.0002983124848445869,4.9856819584816146,4.986930708894634,20,cell
7.0,QR_Q_F_smallest_principal_angle,20,20,1.0,0.0306776853857127,0.0022315281838353376,0.0004989848712762462,0.029633298047345706,0.031722072724079696,20,cell
7.0,QR_Q_P4_capture,20,20,1.0,0.5184947286709656,0.014730956974377273,0.003293942116833221,0.5116004285866051,0.525389028755326,20,cell
7.0,QR_Q_P4_dim_Q,20,20,1.0,4.0,0.0,0.0,4.0,4.0,20,cell
7.0,QR_Q_P4_dim_U,20,20,1.0,7.0,0.0,0.0,7.0,7.0,20,cell
7.0,QR_Q_P4_excess_capture,20,20,1.0,0.4484947286709657,0.014730956974377263,0.0032939421168332187,0.4416004285866053,0.45538902875532605,20,cell
7.0,QR_Q_P4_excess_purity,20,20,1.0,0.25628270209769466,0.00841768969964416,0.0018822526381904127,0.25234310204948873,0.2602223021459006,20,cell
7.0,QR_Q_P4_expected_random_capture,20,20,1.0,0.07000000000000002,1.4238309865648918e-17,3.1837828744296875e-18,0.07000000000000002,0.07000000000000002,20,cell
7.0,QR_Q_P4_expected_random_purity,20,20,1.0,0.04000000000000001,7.119154932824459e-18,1.5918914372148438e-18,0.04000000000000001,0.04000000000000001,20,cell
7.0,QR_Q_P4_largest_canonical_correlation,20,20,1.0,0.9905137985611251,0.002646588338035714,0.0005917951432306049,0.9892751570910614,0.9917524400311888,20,cell
7.0,QR_Q_P4_purity,20,20,1.0,0.2962827020976947,0.00841768969964415,0.0018822526381904107,0.29234310204948877,0.3002223021459006,20,cell
7.0,QR_Q_P4_shared_energy,20,20,1.0,2.0739789146838623,0.05892382789750909,0.013175768467332883,2.0464017143464206,2.101556115021304,20,cell
7.0,QR_Q_P4_smallest_principal_angle,20,20,1.0,0.1363768334047756,0.019124684859128358,0.004276409539327199,0.12742620537246283,0.14532746143708838,20,cell
7.0,U4_Q_C_capture,20,20,1.0,0.09421460552408306,0.03428957981273737,0.007667383138118527,0.07816658818163667,0.11026262286652945,20,cell
7.0,U4_Q_C_dim_Q,20,20,1.0,3.0,0.0,0.0,3.0,3.0,20,cell
7.0,U4_Q_C_dim_U,20,20,1.0,4.0,0.0,0.0,4.0,4.0,20,cell
7.0,U4_Q_C_excess_capture,20,20,1.0,0.05421460552408307,0.03428957981273736,0.007667383138118523,0.038166588181636686,0.07026262286652946,20,cell
7.0,U4_Q_C_excess_purity,20,20,1.0,0.0406609541430623,0.025717184859553027,0.005750537353588894,0.028624941136227506,0.05269696714989709,20,cell
7.0,U4_Q_C_expected_random_capture,20,20,1.0,0.04000000000000001,7.119154932824459e-18,1.5918914372148438e-18,0.04000000000000001,0.04000000000000001,20,cell
7.0,U4_Q_C_expected_random_purity,20,20,1.0,0.030000000000000006,7.119154932824459e-18,1.5918914372148438e-18,0.030000000000000002,0.03000000000000001,20,cell
7.0,U4_Q_C_full_capture,20,20,1.0,0.08726009793960673,0.02828032613122806,0.006323673165528958,0.07402449789193857,0.1004956979872749,20,cell
7.0,U4_Q_C_full_dim_Q,20,20,1.0,4.0,0.0,0.0,4.0,4.0,20,cell
7.0,U4_Q_C_full_dim_U,20,20,1.0,4.0,0.0,0.0,4.0,4.0,20,cell
7.0,U4_Q_C_full_excess_capture,20,20,1.0,0.04726009793960675,0.028280326131228054,0.006323673165528956,0.03402449789193859,0.0604956979872749,20,cell
7.0,U4_Q_C_full_excess_purity,20,20,1.0,0.04726009793960675,0.028280326131228054,0.006323673165528956,0.03402449789193859,0.0604956979872749,20,cell
7.0,U4_Q_C_full_expected_random_capture,20,20,1.0,0.04000000000000001,7.119154932824459e-18,1.5918914372148438e-18,0.04000000000000001,0.04000000000000001,20,cell
7.0,U4_Q_C_full_expected_random_purity,20,20,1.0,0.04000000000000001,7.119154932824459e-18,1.5918914372148438e-18,0.04000000000000001,0.04000000000000001,20,cell
7.0,U4_Q_C_full_largest_canonical_correlation,20,20,1.0,0.49534734798748586,0.07512928904786445,0.016799419741225535,0.4601857583689998,0.530508937605972,20,cell
7.0,U4_Q_C_full_purity,20,20,1.0,0.08726009793960673,0.02828032613122806,0.006323673165528958,0.07402449789193857,0.1004956979872749,20,cell
7.0,U4_Q_C_full_shared_energy,20,20,1.0,0.34904039175842716,0.11312130452491223,0.025294692662115828,0.29609799156775457,0.40198279194909975,20,cell
7.0,U4_Q_C_full_smallest_principal_angle,20,20,1.0,1.0494616181242375,0.08731412630870262,0.019524032182226186,1.008597349127797,1.090325887120678,20,cell
7.0,U4_Q_C_largest_canonical_correlation,20,20,1.0,0.4556735872940198,0.09036984486791685,0.020207311624077257,0.4133791979899024,0.4979679765981372,20,cell
7.0,U4_Q_C_purity,20,20,1.0,0.07066095414306231,0.025717184859553033,0.005750537353588896,0.058624941136227515,0.0826969671498971,20,cell
7.0,U4_Q_C_shared_energy,20,20,1.0,0.2826438165722493,0.10286873943821212,0.02300214941435558,0.23449976454491012,0.3307878685995885,20,cell
7.0,U4_Q_C_smallest_principal_angle,20,20,1.0,1.0939479521771414,0.10277506422411975,0.022981202999703843,1.045847741499522,1.1420481628547607,20,cell
7.0,U4_Q_C_unique_capture,20,20,1.0,0.10017612126628332,0.03683424944844319,0.00823638856669031,0.08293716187474731,0.11741508065781933,20,cell
7.0,U4_Q_C_unique_dim_Q,20,20,1.0,3.0,0.0,0.0,3.0,3.0,20,cell
7.0,U4_Q_C_unique_dim_U,20,20,1.0,4.0,0.0,0.0,4.0,4.0,20,cell
7.0,U4_Q_C_unique_excess_capture,20,20,1.0,0.06017612126628332,0.03683424944844319,0.00823638856669031,0.042937161874747304,0.07741508065781934,20,cell
7.0,U4_Q_C_unique_excess_purity,20,20,1.0,0.045132090949712475,0.0276256870863324,0.006177291425017734,0.03220287140606046,0.05806131049336449,20,cell
7.0,U4_Q_C_unique_expected_random_capture,20,20,1.0,0.04000000000000001,7.119154932824459e-18,1.5918914372148438e-18,0.04000000000000001,0.04000000000000001,20,cell
7.0,U4_Q_C_unique_expected_random_purity,20,20,1.0,0.030000000000000006,7.119154932824459e-18,1.5918914372148438e-18,0.030000000000000002,0.03000000000000001,20,cell
7.0,U4_Q_C_unique_largest_canonical_correlation,20,20,1.0,0.4689871939391576,0.09293145577495318,0.02078010523608107,0.4254939338269048,0.5124804540514104,20,cell
7.0,U4_Q_C_unique_purity,20,20,1.0,0.07513209094971249,0.027625687086332402,0.006177291425017735,0.06220287140606047,0.0880613104933645,20,cell
7.0,U4_Q_C_unique_shared_energy,20,20,1.0,0.30052836379885,0.1105027483453296,0.024709165700070937,0.24881148562424193,0.3522452419734581,20,cell
7.0,U4_Q_C_unique_smallest_principal_angle,20,20,1.0,1.0785215305422895,0.1067994646438813,0.023881086290430394,1.0285378424910192,1.1285052185935598,20,cell
7.0,U4_Q_F_capture,20,20,1.0,0.00013829432000521987,3.484608925074647e-05,7.791822431469382e-06,0.00012198584822847657,0.00015460279178196318,20,cell
7.0,U4_Q_F_dim_Q,20,20,1.0,5.0,0.0,0.0,5.0,5.0,20,cell
7.0,U4_Q_F_dim_U,20,20,1.0,4.0,0.0,0.0,4.0,4.0,20,cell
7.0,U4_Q_F_excess_capture,20,20,1.0,-0.0398617056799947,3.484608925075558e-05,7.79182243147142e-06,-0.039878014151771446,-0.03984539720821795,20,cell
7.0,U4_Q_F_excess_purity,20,20,1.0,-0.049827132099993385,4.355761156344934e-05,9.739778039340362e-06,-0.04984751768971432,-0.04980674651027245,20,cell
7.0,U4_Q_F_expected_random_capture,20,20,1.0,0.04000000000000001,7.119154932824459e-18,1.5918914372148438e-18,0.04000000000000001,0.04000000000000001,20,cell
7.0,U4_Q_F_expected_random_purity,20,20,1.0,0.05000000000000001,0.0,0.0,0.05000000000000001,0.05000000000000001,20,cell
7.0,U4_Q_F_largest_canonical_correlation,20,20,1.0,0.020253123061111003,0.0030886105389178525,0.0006906343121042578,0.018807608833077086,0.02169863728914492,20,cell
7.0,U4_Q_F_purity,20,20,1.0,0.00017286790000652875,4.35576115634422e-05,9.739778039338764e-06,0.00015248231028559535,0.00019325348972746214,20,cell
7.0,U4_Q_F_shared_energy,20,20,1.0,0.000691471600026252,0.00017423044625378739,3.895911215735922e-05,0.0006099292411425098,0.0007730139589099943,20,cell
7.0,U4_Q_F_smallest_principal_angle,20,20,1.0,1.5505416021369316,0.003089351657081733,0.0006908000311636374,1.5490957410549202,1.551987463218943,20,cell
7.0,U4_Q_F_unique_capture,20,20,1.0,0.0037152037653254205,0.0027199545345196986,0.0006082003234894844,0.002442225858363043,0.004988181672287798,20,cell
7.0,U4_Q_F_unique_dim_Q,20,20,1.0,5.0,0.0,0.0,5.0,5.0,20,cell
7.0,U4_Q_F_unique_dim_U,20,20,1.0,4.0,0.0,0.0,4.0,4.0,20,cell
7.0,U4_Q_F_unique_excess_capture,20,20,1.0,-0.03628479623467449,0.002719954534519699,0.0006082003234894845,-0.037557774141636864,-0.035011818327712114,20,cell
7.0,U4_Q_F_unique_excess_purity,20,20,1.0,-0.045355995293343124,0.003399943168149621,0.000760250404361855,-0.04694721767704609,-0.043764772909640155,20,cell
7.0,U4_Q_F_unique_expected_random_capture,20,20,1.0,0.04000000000000001,7.119154932824459e-18,1.5918914372148438e-18,0.04000000000000001,0.04000000000000001,20,cell
7.0,U4_Q_F_unique_expected_random_purity,20,20,1.0,0.05000000000000001,0.0,0.0,0.05000000000000001,0.05000000000000001,20,cell
7.0,U4_Q_F_unique_largest_canonical_correlation,20,20,1.0,0.11485277834293701,0.04280321282786776,0.00957108935385033,0.09482025809843743,0.1348852985874366,20,cell
7.0,U4_Q_F_unique_purity,20,20,1.0,0.004644004706656785,0.0033999431681496213,0.0007602504043618551,0.0030527823229538143,0.0062352270903597564,20,cell
7.0,U4_Q_F_unique_shared_energy,20,20,1.0,0.0185760188266273,0.013599772672598489,0.003041001617447421,0.012211129291815413,0.02494090836143919,20,cell
7.0,U4_Q_F_unique_smallest_principal_angle,20,20,1.0,1.4555636294410728,0.04321715109781183,0.00966364876485869,1.4353373801228708,1.4757898787592747,20,cell
7.0,U4_Q_P4_capture,20,20,1.0,0.09380410782216819,0.03217164607661656,0.007193798757537903,0.07874731398006908,0.1088609016642673,20,cell
7.0,U4_Q_P4_dim_Q,20,20,1.0,4.0,0.0,0.0,4.0,4.0,20,cell
7.0,U4_Q_P4_dim_U,20,20,1.0,4.0,0.0,0.0,4.0,4.0,20,cell
7.0,U4_Q_P4_excess_capture,20,20,1.0,0.05380410782216819,0.032171646076616545,0.0071937987575379,0.03874731398006909,0.0688609016642673,20,cell
7.0,U4_Q_P4_excess_purity,20,20,1.0,0.05380410782216819,0.032171646076616545,0.0071937987575379,0.03874731398006909,0.0688609016642673,20,cell
7.0,U4_Q_P4_expected_random_capture,20,20,1.0,0.04000000000000001,7.119154932824459e-18,1.5918914372148438e-18,0.04000000000000001,0.04000000000000001,20,cell
7.0,U4_Q_P4_expected_random_purity,20,20,1.0,0.04000000000000001,7.119154932824459e-18,1.5918914372148438e-18,0.04000000000000001,0.04000000000000001,20,cell
7.0,U4_Q_P4_largest_canonical_correlation,20,20,1.0,0.5133430408015631,0.07401922723593486,0.01655120237415542,0.47870097610307666,0.5479851055000495,20,cell
7.0,U4_Q_P4_purity,20,20,1.0,0.09380410782216819,0.03217164607661656,0.007193798757537903,0.07874731398006908,0.1088609016642673,20,cell
7.0,U4_Q_P4_shared_energy,20,20,1.0,0.3752164312886729,0.1286865843064662,0.028775195030151607,0.3149892559202765,0.43544360665706927,20,cell
7.0,U4_Q_P4_smallest_principal_angle,20,20,1.0,1.0284427904144378,0.08724958283518518,0.019509599822797288,0.9876087286934438,1.0692768521354317,20,cell
7.0,UMP_Q_C_capture,20,20,1.0,0.06679846638803069,0.03026779238589353,0.0067680841303708475,0.05263270350090568,0.0809642292751557,20,cell
7.0,UMP_Q_C_dim_Q,20,20,1.0,3.0,0.0,0.0,3.0,3.0,20,cell
7.0,UMP_Q_C_dim_U,20,20,1.0,2.3140000000000005,0.2948755312795017,0.06593617328423314,2.175994003260469,2.452005996739532,20,cell
7.0,UMP_Q_C_excess_capture,20,20,1.0,0.043658466388030684,0.029498432719759674,0.006596050079108663,0.029852774908374728,0.05746415786768664,20,cell
7.0,UMP_Q_C_excess_purity,20,20,1.0,0.05742115405081225,0.036099648490331565,0.008072126798822904,0.04052599849064234,0.07431630961098216,20,cell
7.0,UMP_Q_C_expected_random_capture,20,20,1.0,0.02314,0.0029487553127950177,0.0006593617328423314,0.021759940032604685,0.024520059967395317,20,cell
7.0,UMP_Q_C_expected_random_purity,20,20,1.0,0.030000000000000006,7.119154932824459e-18,1.5918914372148438e-18,0.030000000000000002,0.03000000000000001,20,cell
7.0,UMP_Q_C_full_capture,20,20,1.0,0.06227164549709371,0.025486282192775826,0.005698905947678914,0.05034369826479142,0.074199592729396,20,cell
7.0,UMP_Q_C_full_dim_Q,20,20,1.0,4.0,0.0,0.0,4.0,4.0,20,cell
7.0,UMP_Q_C_full_dim_U,20,20,1.0,2.3140000000000005,0.2948755312795017,0.06593617328423314,2.175994003260469,2.452005996739532,20,cell
7.0,UMP_Q_C_full_excess_capture,20,20,1.0,0.03913164549709371,0.02444290875536541,0.0054656005544821825,0.027692012064775368,0.05057127892941206,20,cell
7.0,UMP_Q_C_full_excess_purity,20,20,1.0,0.06848396376539359,0.038949028150254486,0.008709267460152192,0.050255257475019896,0.08671267005576729,20,cell
7.0,UMP_Q_C_full_expected_random_capture,20,20,1.0,0.02314,0.0029487553127950177,0.0006593617328423314,0.021759940032604685,0.024520059967395317,20,cell
7.0,UMP_Q_C_full_expected_random_purity,20,20,1.0,0.04000000000000001,7.119154932824459e-18,1.5918914372148438e-18,0.04000000000000001,0.04000000000000001,20,cell
7.0,UMP_Q_C_full_largest_canonical_correlation,20,20,1.0,0.43578749279753737,0.07913558918883071,0.01769525568657229,0.39875089699663696,0.4728240885984378,20,cell
7.0,UMP_Q_C_full_purity,20,20,1.0,0.10848396376539357,0.03894902815025449,0.008709267460152194,0.09025525747501986,0.12671267005576728,20,cell
7.0,UMP_Q_C_full_shared_energy,20,20,1.0,0.24908658198837497,0.1019451287711033,0.022795623790715657,0.20137479305916584,0.2967983709175841,20,cell
7.0,UMP_Q_C_full_smallest_principal_angle,20,20,1.0,1.116358051550113,0.08946721965747477,0.020005478491201902,1.0744861038480804,1.1582299992521456,20,cell
7.0,UMP_Q_C_largest_canonical_correlation,20,20,1.0,0.39250908123686834,0.08624944792672676,0.019285962858598932,0.35214309706139646,0.4328750654123402,20,cell
7.0,UMP_Q_C_purity,20,20,1.0,0.08742115405081224,0.036099648490331565,0.008072126798822904,0.07052599849064234,0.10431630961098215,20,cell
7.0,UMP_Q_C_shared_energy,20,20,1.0,0.20039539916409216,0.09080337715768058,0.02030425239111254,0.15789811050271713,0.2428926878254672,20,cell
7.0,UMP_Q_C_smallest_principal_angle,20,20,1.0,1.1638022334045566,0.09612463403021847,0.021494121600385805,1.1188145198665729,1.2087899469425403,20,cell
7.0,UMP_Q_C_unique_capture,20,20,1.0,0.07113139243417604,0.033528807927777356,0.007497269373104402,0.055439427293890176,0.08682335757446191,20,cell
7.0,UMP_Q_C_unique_dim_Q,20,20,1.0,3.0,0.0,0.0,3.0,3.0,20,cell
7.0,UMP_Q_C_unique_dim_U,20,20,1.0,2.3140000000000005,0.2948755312795017,0.06593617328423314,2.175994003260469,2.452005996739532,20,cell
7.0,UMP_Q_C_unique_excess_capture,20,20,1.0,0.04799139243417606,0.03267166742001096,0.007305606928940967,0.032700581399850936,0.06328220346850118,20,cell
7.0,UMP_Q_C_unique_excess_purity,20,20,1.0,0.06292445021416668,0.039497719350422296,0.008831958542375309,0.04443894853743861,0.08140995189089474,20,cell
7.0,UMP_Q_C_unique_expected_random_capture,20,20,1.0,0.02314,0.0029487553127950177,0.0006593617328423314,0.021759940032604685,0.024520059967395317,20,cell
7.0,UMP_Q_C_unique_expected_random_purity,20,20,1.0,0.030000000000000006,7.119154932824459e-18,1.5918914372148438e-18,0.030000000000000002,0.03000000000000001,20,cell
7.0,UMP_Q_C_unique_largest_canonical_correlation,20,20,1.0,0.4040507630126934,0.09147697104574881,0.020454872563407434,0.361238222707626,0.44686330331776075,20,cell
7.0,UMP_Q_C_unique_purity,20,20,1.0,0.09292445021416669,0.0394977193504223,0.00883195854237531,0.07443894853743863,0.11140995189089475,20,cell
7.0,UMP_Q_C_unique_shared_energy,20,20,1.0,0.21339417730252824,0.10058642378333207,0.022491808119313207,0.16631828188167064,0.26047007272338585,20,cell
7.0,UMP_Q_C_unique_smallest_principal_angle,20,20,1.0,1.1507024224708142,0.10300160872950308,0.023031859891100463,1.10249618570098,1.1989086592406484,20,cell
7.0,UMP_Q_F_capture,20,20,1.0,7.845082213612861e-05,2.346993782374785e-05,5.248037640159367e-06,6.746655311683507e-05,8.943509115542215e-05,20,cell
7.0,UMP_Q_F_dim_Q,20,20,1.0,5.0,0.0,0.0,5.0,5.0,20,cell
7.0,UMP_Q_F_dim_U,20,20,1.0,2.3140000000000005,0.2948755312795017,0.06593617328423314,2.175994003260469,2.452005996739532,20,cell
7.0,UMP_Q_F_excess_capture,20,20,1.0,-0.02306154917786381,0.0029489312705015445,0.0006594010781816273,-0.0244416914960007,-0.021681406859726922,20,cell
7.0,UMP_Q_F_excess_purity,20,20,1.0,-0.04982790664237783,6.110873174263378e-05,1.3664327819532831e-05,-0.04985650640919143,-0.04979930687556423,20,cell
7.0,UMP_Q_F_expected_random_capture,20,20,1.0,0.02314,0.0029487553127950177,0.0006593617328423314,0.021759940032604685,0.024520059967395317,20,cell
7.0,UMP_Q_F_expected_random_purity,20,20,1.0,0.05000000000000001,0.0,0.0,0.05000000000000001,0.05000000000000001,20,cell
7.0,UMP_Q_F_largest_canonical_correlation,20,20,1.0,0.016410066964882196,0.002887942403966994,0.0006457635530374357,0.015058468314914697,0.017761665614849695,20,cell
7.0,UMP_Q_F_purity,20,20,1.0,0.0001720933576220863,6.110873174262396e-05,1.3664327819530634e-05,0.00014349359080848868,0.00020069312443568392,20,cell
7.0,UMP_Q_F_shared_energy,20,20,1.0,0.0003922541106806552,0.00011734968911879372,2.624018820080901e-05,0.00033733276558416207,0.00044717545577714835,20,cell
7.0,UMP_Q_F_smallest_principal_angle,20,20,1.0,1.554385341737858,0.002888416497161923,0.0006458695634985888,1.5530335212054451,1.5557371622702707,20,cell
7.0,UMP_Q_F_unique_capture,20,20,1.0,0.0026782064498233594,0.002529414048894663,0.0005655941756571443,0.0014944042351397438,0.0038620086645069747,20,cell
7.0,UMP_Q_F_unique_dim_Q,20,20,1.0,5.0,0.0,0.0,5.0,5.0,20,cell
7.0,UMP_Q_F_unique_dim_U,20,20,1.0,2.3140000000000005,0.2948755312795017,0.06593617328423314,2.175994003260469,2.452005996739532,20,cell
7.0,UMP_Q_F_unique_excess_capture,20,20,1.0,-0.020461793550176542,0.002938834563996005,0.0006571433859721023,-0.021837210464211446,-0.019086376636141638,20,cell
7.0,UMP_Q_F_unique_excess_purity,20,20,1.0,-0.0443246104790233,0.00483596084138317,0.0010813537177859845,-0.04658790982167317,-0.04206131113637343,20,cell
7.0,UMP_Q_F_unique_expected_random_capture,20,20,1.0,0.02314,0.0029487553127950177,0.0006593617328423314,0.021759940032604685,0.024520059967395317,20,cell
7.0,UMP_Q_F_unique_expected_random_purity,20,20,1.0,0.05000000000000001,0.0,0.0,0.05000000000000001,0.05000000000000001,20,cell
7.0,UMP_Q_F_unique_largest_canonical_correlation,20,20,1.0,0.09582227631069604,0.04429915542031208,0.009905592286564607,0.07508963338175537,0.1165549192396367,20,cell
7.0,UMP_Q_F_unique_purity,20,20,1.0,0.005675389520976608,0.00483596084138317,0.0010813537177859845,0.003412090178326738,0.007938688863626477,20,cell
7.0,UMP_Q_F_unique_shared_energy,20,20,1.0,0.013391032249116993,0.012647070244473313,0.002827970878285721,0.007472021175698917,0.01931004332253507,20,cell
7.0,UMP_Q_F_unique_smallest_principal_angle,20,20,1.0,1.474698006277501,0.04466459448518501,0.00998730694563359,1.4537943326015312,1.4956016799534708,20,cell
7.0,UMP_Q_P4_capture,20,20,1.0,0.06731755796692931,0.029949756371714126,0.0066969691156710245,0.05330064051620063,0.08133447541765801,20,cell
7.0,UMP_Q_P4_dim_Q,20,20,1.0,4.0,0.0,0.0,4.0,4.0,20,cell
7.0,UMP_Q_P4_dim_U,20,20,1.0,2.3140000000000005,0.2948755312795017,0.06593617328423314,2.175994003260469,2.452005996739532,20,cell
7.0,UMP_Q_P4_excess_capture,20,20,1.0,0.04417755796692931,0.028759849711263785,0.006430897897706352,0.030717533975586384,0.05763758195827223,20,cell
7.0,UMP_Q_P4_excess_purity,20,20,1.0,0.0770646120274725,0.04517769444026376,0.010102039583514407,0.055920800180592416,0.09820842387435258,20,cell
7.0,UMP_Q_P4_expected_random_capture,20,20,1.0,0.02314,0.0029487553127950177,0.0006593617328423314,0.021759940032604685,0.024520059967395317,20,cell
7.0,UMP_Q_P4_expected_random_purity,20,20,1.0,0.04000000000000001,7.119154932824459e-18,1.5918914372148438e-18,0.04000000000000001,0.04000000000000001,20,cell
7.0,UMP_Q_P4_largest_canonical_correlation,20,20,1.0,0.45030679909804194,0.08293774054086915,0.018545442574962358,0.41149074168899863,0.48912285650708526,20,cell
7.0,UMP_Q_P4_purity,20,20,1.0,0.11706461202747247,0.04517769444026376,0.010102039583514407,0.09592080018059237,0.13820842387435256,20,cell
7.0,UMP_Q_P4_shared_energy,20,20,1.0,0.2692702318677173,0.11979902548685648,0.02678787646268409,0.2132025620648026,0.32533790167063203,20,cell
7.0,UMP_Q_P4_smallest_principal_angle,20,20,1.0,1.0997313033212301,0.09459050437174779,0.021151079780121908,1.0554615845647268,1.1440010220777335,20,cell
,Qextra7_Q_C_capture,20,20,1.0,0.41704117730121626,0.020068344294149765,0.004487418203758891,0.4076489030585594,0.42643345154387313,20,matched
,Qextra7_Q_C_dim_Q,20,20,1.0,3.0,0.0,0.0,3.0,3.0,20,matched
,Qextra7_Q_C_dim_U,20,20,1.0,2.0,0.0,0.0,2.0,2.0,20,matched
,Qextra7_Q_C_excess_capture,20,20,1.0,0.3970411773012162,0.020068344294149772,0.0044874182037588925,0.3876489030585593,0.40643345154387306,20,matched
,Qextra7_Q_C_excess_purity,20,20,1.0,0.5955617659518242,0.03010251644122466,0.006731127305638339,0.5814733545878389,0.6096501773158095,20,matched
,Qextra7_Q_C_expected_random_capture,20,20,1.0,0.020000000000000004,3.5595774664122295e-18,7.959457186074219e-19,0.020000000000000004,0.020000000000000004,20,matched
,Qextra7_Q_C_expected_random_purity,20,20,1.0,0.030000000000000006,7.119154932824459e-18,1.5918914372148438e-18,0.030000000000000002,0.03000000000000001,20,matched
,Qextra7_Q_C_full_capture,20,20,1.0,0.4366482857924038,0.014738981223122586,0.0032957363933995096,0.42975023024402986,0.4435463413407777,20,matched
,Qextra7_Q_C_full_dim_Q,20,20,1.0,4.0,0.0,0.0,4.0,4.0,20,matched
,Qextra7_Q_C_full_dim_U,20,20,1.0,2.0,0.0,0.0,2.0,2.0,20,matched
,Qextra7_Q_C_full_excess_capture,20,20,1.0,0.41664828579240387,0.01473898122312259,0.0032957363933995105,0.40975023024402996,0.4235463413407778,20,matched
,Qextra7_Q_C_full_excess_purity,20,20,1.0,0.8332965715848077,0.02947796244624518,0.006591472786799021,0.8195004604880599,0.8470926826815556,20,matched
,Qextra7_Q_C_full_expected_random_capture,20,20,1.0,0.020000000000000004,3.5595774664122295e-18,7.959457186074219e-19,0.020000000000000004,0.020000000000000004,20,matched
,Qextra7_Q_C_full_expected_random_purity,20,20,1.0,0.04000000000000001,7.119154932824459e-18,1.5918914372148438e-18,0.04000000000000001,0.04000000000000001,20,matched
,Qextra7_Q_C_full_largest_canonical_correlation,20,20,1.0,0.9542484069979459,0.013059032517119092,0.0029200884428658477,0.9481365916460281,0.9603602223498636,20,matched
,Qextra7_Q_C_full_purity,20,20,1.0,0.8732965715848078,0.029477962446245183,0.006591472786799022,0.85950046048806,0.8870926826815556,20,matched
,Qextra7_Q_C_full_shared_energy,20,20,1.0,1.7465931431696156,0.058955924892490304,0.01318294557359803,1.71900092097612,1.7741853653631112,20,matched
,Qextra7_Q_C_full_smallest_principal_angle,20,20,1.0,0.30070884214618915,0.04275208652021489,0.009559657163915292,0.2807002497502182,0.3207174345421601,20,matched
,Qextra7_Q_C_largest_canonical_correlation,20,20,1.0,0.9349589802297675,0.020409417841204303,0.004563684567412983,0.9254070786534404,0.9445108818060947,20,matched
,Qextra7_Q_C_purity,20,20,1.0,0.6255617659518242,0.03010251644122467,0.006731127305638341,0.6114733545878389,0.6396501773158095,20,matched
,Qextra7_Q_C_shared_energy,20,20,1.0,1.2511235319036484,0.06020503288244935,0.013462254611276684,1.2229467091756778,1.279300354631619,20,matched
,Qextra7_Q_C_smallest_principal_angle,20,20,1.0,0.3583852479319493,0.0567812505791146,0.012696673614234955,0.33181080464638485,0.3849596912175138,20,matched
,Qextra7_Q_C_unique_capture,20,20,1.0,0.4534215763752619,0.01206849338611786,0.002698597159736615,0.4477733476067754,0.45906980514374846,20,matched
,Qextra7_Q_C_unique_dim_Q,20,20,1.0,3.0,0.0,0.0,3.0,3.0,20,matched
,Qextra7_Q_C_unique_dim_U,20,20,1.0,2.0,0.0,0.0,2.0,2.0,20,matched
,Qextra7_Q_C_unique_excess_capture,20,20,1.0,0.4334215763752619,0.012068493386117882,0.00269859715973662,0.4277733476067753,0.4390698051437485,20,matched
,Qextra7_Q_C_unique_excess_purity,20,20,1.0,0.650132364562893,0.0181027400791768,0.004047895739604924,0.6416600214101632,0.6586047077156229,20,matched
,Qextra7_Q_C_unique_expected_random_capture,20,20,1.0,0.020000000000000004,3.5595774664122295e-18,7.959457186074219e-19,0.020000000000000004,0.020000000000000004,20,matched
,Qextra7_Q_C_unique_expected_random_purity,20,20,1.0,0.030000000000000006,7.119154932824459e-18,1.5918914372148438e-18,0.030000000000000002,0.03000000000000001,20,matched
,Qextra7_Q_C_unique_largest_canonical_correlation,20,20,1.0,0.9746680308950714,0.004600076359818192,0.001028608344224326,0.9725151288880448,0.9768209329020979,20,matched
,Qextra7_Q_C_unique_purity,20,20,1.0,0.6801323645628929,0.01810274007917678,0.00404789573960492,0.6716600214101631,0.6886047077156228,20,matched
,Qextra7_Q_C_unique_shared_energy,20,20,1.0,1.3602647291257859,0.03620548015835354,0.008095791479209835,1.3433200428203262,1.3772094154312455,20,matched
,Qextra7_Q_C_unique_smallest_principal_angle,20,20,1.0,0.22443397007377208,0.020250185709778476,0.00452807918040595,0.21495659142891718,0.23391134871862698,20,matched
,Qextra7_Q_F_capture,20,20,1.0,0.0026242443605736026,0.002612157217628321,0.0005840961106533637,0.0014017171508898018,0.0038467715702574035,20,matched
,Qextra7_Q_F_dim_Q,20,20,1.0,5.0,0.0,0.0,5.0,5.0,20,matched
,Qextra7_Q_F_dim_U,20,20,1.0,2.0,0.0,0.0,2.0,2.0,20,matched
,Qextra7_Q_F_excess_capture,20,20,1.0,-0.0173757556394263,0.00261215721762832,0.0005840961106533635,-0.0185982828491101,-0.0161532284297425,20,matched
,Qextra7_Q_F_excess_purity,20,20,1.0,-0.043439389098565824,0.006530393044070798,0.0014602402766334083,-0.04649570712277532,-0.040383071074356326,20,matched
,Qextra7_Q_F_expected_random_capture,20,20,1.0,0.020000000000000004,3.5595774664122295e-18,7.959457186074219e-19,0.020000000000000004,0.020000000000000004,20,matched
,Qextra7_Q_F_expected_random_purity,20,20,1.0,0.05000000000000001,0.0,0.0,0.05000000000000001,0.05000000000000001,20,matched
,Qextra7_Q_F_largest_canonical_correlation,20,20,1.0,0.09641842951324571,0.043861639271586546,0.009807760701584187,0.07589055044494994,0.11694630858154148,20,matched
,Qextra7_Q_F_purity,20,20,1.0,0.006560610901434083,0.006530393044070799,0.0014602402766334085,0.0035042928772245833,0.009616928925643583,20,matched
,Qextra7_Q_F_shared_energy,20,20,1.0,0.01312122180286821,0.0130607860881416,0.0029204805532668174,0.007008585754449209,0.01923385785128721,20,matched
,Qextra7_Q_F_smallest_principal_angle,20,20,1.0,1.4741029189555763,0.04425871613340031,0.009896549787114973,1.4533892021954957,1.494816635715657,20,matched
,Qextra7_Q_P4_capture,20,20,1.0,0.4466664453827531,0.01456514531710547,0.003256865503121056,0.43984974754274825,0.4534831432227579,20,matched
,Qextra7_Q_P4_dim_Q,20,20,1.0,4.0,0.0,0.0,4.0,4.0,20,matched
,Qextra7_Q_P4_dim_U,20,20,1.0,2.0,0.0,0.0,2.0,2.0,20,matched
,Qextra7_Q_P4_excess_capture,20,20,1.0,0.426666445382753,0.014565145317105486,0.0032568655031210594,0.4198497475427482,0.4334831432227578,20,matched
,Qextra7_Q_P4_excess_purity,20,20,1.0,0.8533328907655061,0.029130290634210944,0.006513731006242113,0.8396994950854965,0.8669662864455158,20,matched
,Qextra7_Q_P4_expected_random_capture,20,20,1.0,0.020000000000000004,3.5595774664122295e-18,7.959457186074219e-19,0.020000000000000004,0.020000000000000004,20,matched
,Qextra7_Q_P4_expected_random_purity,20,20,1.0,0.04000000000000001,7.119154932824459e-18,1.5918914372148438e-18,0.04000000000000001,0.04000000000000001,20,matched
,Qextra7_Q_P4_largest_canonical_correlation,20,20,1.0,0.9647130622115576,0.014122284379380278,0.0031578387869877727,0.9581036296704488,0.9713224947526664,20,matched
,Qextra7_Q_P4_purity,20,20,1.0,0.8933328907655061,0.02913029063421094,0.006513731006242112,0.8796994950854965,0.9069662864455158,20,matched
,Qextra7_Q_P4_shared_energy,20,20,1.0,1.7866657815310123,0.058260581268421895,0.013027462012484227,1.759398990170993,1.8139325728910316,20,matched
,Qextra7_Q_P4_smallest_principal_angle,20,20,1.0,0.26125929660441854,0.052900796154068896,0.011828977626435748,0.23650096189323136,0.2860176313156057,20,matched
,Qmissing3_Q_C_capture,20,20,1.0,0.03282085132753641,0.01803914238340977,0.004033674862510182,0.024378272812640656,0.04126342984243217,20,matched
,Qmissing3_Q_C_dim_Q,20,20,1.0,3.0,0.0,0.0,3.0,3.0,20,matched
,Qmissing3_Q_C_dim_U,20,20,1.0,2.0,0.0,0.0,2.0,2.0,20,matched
,Qmissing3_Q_C_excess_capture,20,20,1.0,0.01282085132753644,0.018039142383409736,0.0040336748625101745,0.004378272812640702,0.02126342984243218,20,matched
,Qmissing3_Q_C_excess_purity,20,20,1.0,0.01923127699130467,0.027058713575114617,0.006050512293765264,0.006567409218961057,0.031895144763648284,20,matched
,Qmissing3_Q_C_expected_random_capture,20,20,1.0,0.020000000000000004,3.5595774664122295e-18,7.959457186074219e-19,0.020000000000000004,0.020000000000000004,20,matched
,Qmissing3_Q_C_expected_random_purity,20,20,1.0,0.030000000000000006,7.119154932824459e-18,1.5918914372148438e-18,0.030000000000000002,0.03000000000000001,20,matched
,Qmissing3_Q_C_largest_canonical_correlation,20,20,1.0,0.2728449474249022,0.08239788346404602,0.018424726862771273,0.2342815509052198,0.31140834394458455,20,matched
,Qmissing3_Q_C_purity,20,20,1.0,0.04923127699130465,0.02705871357511465,0.006050512293765271,0.03656740921896102,0.061895144763648276,20,matched
,Qmissing3_Q_C_shared_energy,20,20,1.0,0.09846255398260932,0.0541174271502293,0.012101024587530542,0.07313481843792206,0.12379028952729658,20,matched
,Qmissing3_Q_C_smallest_principal_angle,20,20,1.0,1.2934087621927728,0.08562128703910568,0.019145501814046197,1.253336766362257,1.3334807580232886,20,matched
,Qmissing3_Q_C_unique_capture,20,20,1.0,0.0026457649615398513,0.0029340238323563405,0.0006560676736753224,0.0012725995392177307,0.004018930383861972,20,matched
,Qmissing3_Q_C_unique_dim_Q,20,20,1.0,3.0,0.0,0.0,3.0,3.0,20,matched
,Qmissing3_Q_C_unique_dim_U,20,20,1.0,2.0,0.0,0.0,2.0,2.0,20,matched
,Qmissing3_Q_C_unique_excess_capture,20,20,1.0,-0.017354235038460057,0.00293402383235634,0.0006560676736753223,-0.018727400460782178,-0.015981069616137936,20,matched
,Qmissing3_Q_C_unique_excess_purity,20,20,1.0,-0.026031352557690103,0.004401035748534515,0.0009841015105129846,-0.028091100691173286,-0.02397160442420692,20,matched
,Qmissing3_Q_C_unique_expected_random_capture,20,20,1.0,0.020000000000000004,3.5595774664122295e-18,7.959457186074219e-19,0.020000000000000004,0.020000000000000004,20,matched
,Qmissing3_Q_C_unique_expected_random_purity,20,20,1.0,0.030000000000000006,7.119154932824459e-18,1.5918914372148438e-18,0.030000000000000002,0.03000000000000001,20,matched
,Qmissing3_Q_C_unique_largest_canonical_correlation,20,20,1.0,0.07411416786007011,0.041512435337393364,0.009282462732597597,0.05468575007659508,0.09354258564354513,20,matched
,Qmissing3_Q_C_unique_purity,20,20,1.0,0.003968647442309803,0.004401035748534516,0.0009841015105129848,0.0019088993088266196,0.006028395575792987,20,matched
,Qmissing3_Q_C_unique_shared_energy,20,20,1.0,0.007937294884619653,0.008802071497069028,0.0019682030210259687,0.0038177986176532877,0.012056791151586019,20,matched
,Qmissing3_Q_C_unique_smallest_principal_angle,20,20,1.0,1.4965251874560501,0.04175160475750272,0.00933594264074797,1.4769848349383887,1.5160655399737115,20,matched
,Qmissing3_Q_F_capture,20,20,1.0,0.3960730588933624,0.002674412322823896,0.0005980167753697343,0.3948213953975739,0.39732472238915095,20,matched
,Qmissing3_Q_F_dim_Q,20,20,1.0,5.0,0.0,0.0,5.0,5.0,20,matched
,Qmissing3_Q_F_dim_U,20,20,1.0,2.0,0.0,0.0,2.0,2.0,20,matched
,Qmissing3_Q_F_excess_capture,20,20,1.0,0.3760730588933623,0.002674412322823896,0.0005980167753697343,0.37482139539757375,0.3773247223891508,20,matched
,Qmissing3_Q_F_excess_purity,20,20,1.0,0.9401826472334058,0.006686030807059771,0.001495041938424343,0.9370534884939345,0.9433118059728771,20,matched
,Qmissing3_Q_F_expected_random_capture,20,20,1.0,0.020000000000000004,3.5595774664122295e-18,7.959457186074219e-19,0.020000000000000004,0.020000000000000004,20,matched
,Qmissing3_Q_F_expected_random_purity,20,20,1.0,0.05000000000000001,0.0,0.0,0.05000000000000001,0.05000000000000001,20,matched
,Qmissing3_Q_F_largest_canonical_correlation,20,20,1.0,0.9981583007771373,0.0006913610654347957,0.00015459303393088833,0.997834733838476,0.9984818677157986,20,matched
,Qmissing3_Q_F_purity,20,20,1.0,0.990182647233406,0.006686030807059728,0.0014950419384243332,0.9870534884939347,0.9933118059728773,20,matched
,Qmissing3_Q_F_shared_energy,20,20,1.0,1.980365294466812,0.013372061614119454,0.002990083876848666,1.9741069769878694,1.9866236119457545,20,matched
,Qmissing3_Q_F_smallest_principal_angle,20,20,1.0,0.05934848033252853,0.010194007358098169,0.0022794493415840547,0.05457753802978802,0.06411942263526903,20,matched
,Qmissing3_Q_F_unique_capture,20,20,1.0,0.37796800707376443,0.011430275071981669,0.0025558872062472313,0.37261847367073464,0.3833175404767942,20,matched
,Qmissing3_Q_F_unique_dim_Q,20,20,1.0,5.0,0.0,0.0,5.0,5.0,20,matched
,Qmissing3_Q_F_unique_dim_U,20,20,1.0,2.0,0.0,0.0,2.0,2.0,20,matched
,Qmissing3_Q_F_unique_excess_capture,20,20,1.0,0.3579680070737644,0.011430275071981681,0.002555887206247234,0.3526184736707346,0.3633175404767942,20,matched
,Qmissing3_Q_F_unique_excess_purity,20,20,1.0,0.894920017684411,0.028575687679954203,0.006389718015618085,0.8815461841768365,0.9082938511919855,20,matched
,Qmissing3_Q_F_unique_expected_random_capture,20,20,1.0,0.020000000000000004,3.5595774664122295e-18,7.959457186074219e-19,0.020000000000000004,0.020000000000000004,20,matched
,Qmissing3_Q_F_unique_expected_random_purity,20,20,1.0,0.05000000000000001,0.0,0.0,0.05000000000000001,0.05000000000000001,20,matched
,Qmissing3_Q_F_unique_largest_canonical_correlation,20,20,1.0,0.9891802175067674,0.00843260848948828,0.0018855885810137613,0.9852336352499881,0.9931267997635468,20,matched
,Qmissing3_Q_F_unique_purity,20,20,1.0,0.9449200176844114,0.028575687679954227,0.00638971801561809,0.9315461841768369,0.9582938511919858,20,matched
,Qmissing3_Q_F_unique_shared_energy,20,20,1.0,1.8898400353688227,0.05715137535990852,0.012779436031236194,1.8630923683536738,1.9165877023839717,20,matched
,Qmissing3_Q_F_unique_smallest_principal_angle,20,20,1.0,0.13655703936447444,0.04911533175764263,0.010982522054754314,0.1135703565258044,0.15954372220314447,20,matched
,Qmissing3_Q_P4_capture,20,20,1.0,0.03260313119285095,0.01661667723105839,0.003715601984881954,0.024826286861885934,0.04037997552381597,20,matched
,Qmissing3_Q_P4_dim_Q,20,20,1.0,4.0,0.0,0.0,4.0,4.0,20,matched
,Qmissing3_Q_P4_dim_U,20,20,1.0,2.0,0.0,0.0,2.0,2.0,20,matched
,Qmissing3_Q_P4_excess_capture,20,20,1.0,0.012603131192850978,0.01661667723105836,0.003715601984881947,0.004826286861885976,0.020379975523815982,20,matched
,Qmissing3_Q_P4_excess_purity,20,20,1.0,0.025206262385701977,0.03323335446211675,0.0074312039697639,0.00965257372377196,0.040759951047632,20,matched
,Qmissing3_Q_P4_expected_random_capture,20,20,1.0,0.020000000000000004,3.5595774664122295e-18,7.959457186074219e-19,0.020000000000000004,0.020000000000000004,20,matched
,Qmissing3_Q_P4_expected_random_purity,20,20,1.0,0.04000000000000001,7.119154932824459e-18,1.5918914372148438e-18,0.04000000000000001,0.04000000000000001,20,matched
,Qmissing3_Q_P4_largest_canonical_correlation,20,20,1.0,0.310782457866992,0.0863709169691129,0.019313124162192653,0.27035962442974937,0.3512052913042346,20,matched
,Qmissing3_Q_P4_purity,20,20,1.0,0.06520626238570196,0.03323335446211678,0.007431203969763908,0.04965257372377192,0.08075995104763199,20,matched
,Qmissing3_Q_P4_shared_energy,20,20,1.0,0.13041252477140394,0.06646670892423356,0.014862407939527816,0.09930514744754387,0.161519902095264,20,matched
,Qmissing3_Q_P4_smallest_principal_angle,20,20,1.0,1.2534642978584214,0.09080821285864613,0.02030533368672032,1.2109647460193294,1.2959638496975134,20,matched
