replication,r_used,mean,n_valid_origins,n_total_origins,metric,series
0,1,0.6962012115863969,25,25,UMP_Q_F_unique_purity,mechanism_cell
0,2,0.5898174474124636,25,25,UMP_Q_F_unique_purity,mechanism_cell
0,3,0.49514738295072,25,25,UMP_Q_F_unique_purity,mechanism_cell
0,4,0.35061087093276766,25,25,UMP_Q_F_unique_purity,mechanism_cell
0,5,0.07991900005930748,25,25,UMP_Q_F_unique_purity,mechanism_cell
0,6,0.06423015499687895,25,25,UMP_Q_F_unique_purity,mechanism_cell
0,7,0.0014116989949200963,25,25,UMP_Q_F_unique_purity,mechanism_cell
0,8,0.00134532926420262,25,25,UMP_Q_F_unique_purity,mechanism_cell
0,9,0.001396461577934324,25,25,UMP_Q_F_unique_purity,mechanism_cell
1,1,0.6801475241574017,25,25,UMP_Q_F_unique_purity,mechanism_cell
1,2,0.5772499068132655,25,25,UMP_Q_F_unique_purity,mechanism_cell
1,3,0.5030292301247582,25,25,UMP_Q_F_unique_purity,mechanism_cell
1,4,0.35284254095672163,25,25,UMP_Q_F_unique_purity,mechanism_cell
1,5,0.04244218688054767,25,25,UMP_Q_F_unique_purity,mechanism_cell
1,6,0.02222784151997986,25,25,UMP_Q_F_unique_purity,mechanism_cell
1,7,0.002889809965175732,25,25,UMP_Q_F_unique_purity,mechanism_cell
1,8,0.004283009255622088,25,25,UMP_Q_F_unique_purity,mechanism_cell
1,9,0.0031983567639476116,25,25,UMP_Q_F_unique_purity,mechanism_cell
2,1,0.6911548008150337,25,25,UMP_Q_F_unique_purity,mechanism_cell
2,2,0.5821605945380989,25,25,UMP_Q_F_unique_purity,mechanism_cell
2,3,0.49097499789437954,25,25,UMP_Q_F_unique_purity,mechanism_cell
2,4,0.36822682747817054,25,25,UMP_Q_F_unique_purity,mechanism_cell
2,5,0.07773924840333579,25,25,UMP_Q_F_unique_purity,mechanism_cell
2,6,0.031245798956330416,25,25,UMP_Q_F_unique_purity,mechanism_cell
2,7,0.006774109906273292,25,25,UMP_Q_F_unique_purity,mechanism_cell
2,8,0.0060485931657620964,25,25,UMP_Q_F_unique_purity,mechanism_cell
2,9,0.003510173785285492,25,25,UMP_Q_F_unique_purity,mechanism_cell
3,1,0.7257104869844117,25,25,UMP_Q_F_unique_purity,mechanism_cell
3,2,0.5648335937515944,25,25,UMP_Q_F_unique_purity,mechanism_cell
3,3,0.4724993401277677,25,25,UMP_Q_F_unique_purity,mechanism_cell
3,4,0.3269606795502961,25,25,UMP_Q_F_unique_purity,mechanism_cell
3,5,0.09059278796394402,25,25,UMP_Q_F_unique_purity,mechanism_cell
3,6,0.04656444475367818,25,25,UMP_Q_F_unique_purity,mechanism_cell
3,7,0.01886636428497527,25,25,UMP_Q_F_unique_purity,mechanism_cell
3,8,0.010523054327276548,25,25,UMP_Q_F_unique_purity,mechanism_cell
3,9,0.003247798807112244,25,25,UMP_Q_F_unique_purity,mechanism_cell
4,1,0.6325140363501028,25,25,UMP_Q_F_unique_purity,mechanism_cell
4,2,0.5709450410113219,25,25,UMP_Q_F_unique_purity,mechanism_cell
4,3,0.4848541819087323,25,25,UMP_Q_F_unique_purity,mechanism_cell
4,4,0.3457224182402776,25,25,UMP_Q_F_unique_purity,mechanism_cell
4,5,0.07306482020888595,25,25,UMP_Q_F_unique_purity,mechanism_cell
4,6,0.04711301822737006,25,25,UMP_Q_F_unique_purity,mechanism_cell
4,7,0.01598683854965028,25,25,UMP_Q_F_unique_purity,mechanism_cell
4,8,0.010353482334532585,25,25,UMP_Q_F_unique_purity,mechanism_cell
4,9,0.007856515459036147,25,25,UMP_Q_F_unique_purity,mechanism_cell
5,1,0.764963662210409,25,25,UMP_Q_F_unique_purity,mechanism_cell
5,2,0.5885373825769804,25,25,UMP_Q_F_unique_purity,mechanism_cell
5,3,0.5043319768302442,25,25,UMP_Q_F_unique_purity,mechanism_cell
5,4,0.3633851469933861,25,25,UMP_Q_F_unique_purity,mechanism_cell
5,5,0.06512445343875856,25,25,UMP_Q_F_unique_purity,mechanism_cell
5,6,0.034669050834266406,25,25,UMP_Q_F_unique_purity,mechanism_cell
5,7,0.00220736382536978,25,25,UMP_Q_F_unique_purity,mechanism_cell
5,8,0.0016376285576491039,25,25,UMP_Q_F_unique_purity,mechanism_cell
5,9,0.00237743395458706,25,25,UMP_Q_F_unique_purity,mechanism_cell
6,1,0.7544939507124836,25,25,UMP_Q_F_unique_purity,mechanism_cell
6,2,0.5998478549630529,25,25,UMP_Q_F_unique_purity,mechanism_cell
6,3,0.502365335825097,25,25,UMP_Q_F_unique_purity,mechanism_cell
6,4,0.3516349891818979,25,25,UMP_Q_F_unique_purity,mechanism_cell
6,5,0.07189835264266577,25,25,UMP_Q_F_unique_purity,mechanism_cell
6,6,0.03431550616535821,25,25,UMP_Q_F_unique_purity,mechanism_cell
6,7,0.0018624762656921881,25,25,UMP_Q_F_unique_purity,mechanism_cell
6,8,0.001187043138997328,25,25,UMP_Q_F_unique_purity,mechanism_cell
6,9,0.0010633883186445881,25,25,UMP_Q_F_unique_purity,mechanism_cell
7,1,0.7869432205723906,25,25,UMP_Q_F_unique_purity,mechanism_cell
7,2,0.6075800307464574,25,25,UMP_Q_F_unique_purity,mechanism_cell
7,3,0.4967083334507554,25,25,UMP_Q_F_unique_purity,mechanism_cell
7,4,0.34042677497730045,25,25,UMP_Q_F_unique_purity,mechanism_cell
7,5,0.024577803737797495,25,25,UMP_Q_F_unique_purity,mechanism_cell
7,6,0.007961790310083,25,25,UMP_Q_F_unique_purity,mechanism_cell
7,7,0.00036144405667867195,25,25,UMP_Q_F_unique_purity,mechanism_cell
7,8,0.00044699078051033293,25,25,UMP_Q_F_unique_purity,mechanism_cell
7,9,0.0006433411760922279,25,25,UMP_Q_F_unique_purity,mechanism_cell
8,1,0.7920971590067183,25,25,UMP_Q_F_unique_purity,mechanism_cell
8,2,0.5939108354455995,25,25,UMP_Q_F_unique_purity,mechanism_cell
8,3,0.5042195885970464,25,25,UMP_Q_F_unique_purity,mechanism_cell
8,4,0.35173716983670433,25,25,UMP_Q_F_unique_purity,mechanism_cell
8,5,0.07822818737103787,25,25,UMP_Q_F_unique_purity,mechanism_cell
8,6,0.020231891499285126,25,25,UMP_Q_F_unique_purity,mechanism_cell
8,7,0.004775873093544664,25,25,UMP_Q_F_unique_purity,mechanism_cell
8,8,0.004908759018453996,25,25,UMP_Q_F_unique_purity,mechanism_cell
8,9,0.00501241918538342,25,25,UMP_Q_F_unique_purity,mechanism_cell
9,1,0.652526737740899,25,25,UMP_Q_F_unique_purity,mechanism_cell
9,2,0.5977360446355489,25,25,UMP_Q_F_unique_purity,mechanism_cell
9,3,0.503722541476209,25,25,UMP_Q_F_unique_purity,mechanism_cell
9,4,0.34746137668946375,25,25,UMP_Q_F_unique_purity,mechanism_cell
9,5,0.042062447686483366,25,25,UMP_Q_F_unique_purity,mechanism_cell
9,6,0.025512916068635573,25,25,UMP_Q_F_unique_purity,mechanism_cell
9,7,0.006085561018816732,25,25,UMP_Q_F_unique_purity,mechanism_cell
9,8,0.004240400753287204,25,25,UMP_Q_F_unique_purity,mechanism_cell
9,9,0.002584995400606368,25,25,UMP_Q_F_unique_purity,mechanism_cell
10,1,0.659827088692332,25,25,UMP_Q_F_unique_purity,mechanism_cell
10,2,0.5840253333206895,25,25,UMP_Q_F_unique_purity,mechanism_cell
10,3,0.49316224071587966,25,25,UMP_Q_F_unique_purity,mechanism_cell
10,4,0.3425580374414736,25,25,UMP_Q_F_unique_purity,mechanism_cell
10,5,0.06694189945130902,25,25,UMP_Q_F_unique_purity,mechanism_cell
10,6,0.05381750319456659,25,25,UMP_Q_F_unique_purity,mechanism_cell
10,7,0.0033706385715259403,25,25,UMP_Q_F_unique_purity,mechanism_cell
10,8,0.00578746872829294,25,25,UMP_Q_F_unique_purity,mechanism_cell
10,9,0.005558579540703899,25,25,UMP_Q_F_unique_purity,mechanism_cell
11,1,0.69001918392544,25,25,UMP_Q_F_unique_purity,mechanism_cell
11,2,0.5873093003379184,25,25,UMP_Q_F_unique_purity,mechanism_cell
11,3,0.49791764116396486,25,25,UMP_Q_F_unique_purity,mechanism_cell
11,4,0.3435479180718007,25,25,UMP_Q_F_unique_purity,mechanism_cell
11,5,0.041839355421976726,25,25,UMP_Q_F_unique_purity,mechanism_cell
11,6,0.02131475287658792,25,25,UMP_Q_F_unique_purity,mechanism_cell
11,7,0.0026983662041319,25,25,UMP_Q_F_unique_purity,mechanism_cell
11,8,0.003296016760275492,25,25,UMP_Q_F_unique_purity,mechanism_cell
11,9,0.004168982426762788,25,25,UMP_Q_F_unique_purity,mechanism_cell
12,1,0.6486540620694937,25,25,UMP_Q_F_unique_purity,mechanism_cell
12,2,0.5862324675171228,25,25,UMP_Q_F_unique_purity,mechanism_cell
12,3,0.49497775679315126,25,25,UMP_Q_F_unique_purity,mechanism_cell
12,4,0.3375913072939321,25,25,UMP_Q_F_unique_purity,mechanism_cell
12,5,0.05244437430520845,25,25,UMP_Q_F_unique_purity,mechanism_cell
12,6,0.009247720505199411,25,25,UMP_Q_F_unique_purity,mechanism_cell
12,7,0.0025006404281536997,25,25,UMP_Q_F_unique_purity,mechanism_cell
12,8,0.0020687077286443882,25,25,UMP_Q_F_unique_purity,mechanism_cell
12,9,0.00109649936982414,25,25,UMP_Q_F_unique_purity,mechanism_cell
13,1,0.6451766317492342,25,25,UMP_Q_F_unique_purity,mechanism_cell
13,2,0.5827259111183092,25,25,UMP_Q_F_unique_purity,mechanism_cell
13,3,0.48758455646405735,25,25,UMP_Q_F_unique_purity,mechanism_cell
13,4,0.32912124268260107,25,25,UMP_Q_F_unique_purity,mechanism_cell
13,5,0.07731910759143738,25,25,UMP_Q_F_unique_purity,mechanism_cell
13,6,0.03866075305443677,25,25,UMP_Q_F_unique_purity,mechanism_cell
13,7,0.010947188066982184,25,25,UMP_Q_F_unique_purity,mechanism_cell
13,8,0.0034039593628360358,25,25,UMP_Q_F_unique_purity,mechanism_cell
13,9,0.0029656345997610602,25,25,UMP_Q_F_unique_purity,mechanism_cell
14,1,0.8181402155793316,25,25,UMP_Q_F_unique_purity,mechanism_cell
14,2,0.6087494120436695,25,25,UMP_Q_F_unique_purity,mechanism_cell
14,3,0.5006018986867278,25,25,UMP_Q_F_unique_purity,mechanism_cell
14,4,0.37349290974074556,25,25,UMP_Q_F_unique_purity,mechanism_cell
14,5,0.07347506819256032,25,25,UMP_Q_F_unique_purity,mechanism_cell
14,6,0.036193889303119245,25,25,UMP_Q_F_unique_purity,mechanism_cell
14,7,0.010062699665822551,25,25,UMP_Q_F_unique_purity,mechanism_cell
14,8,0.004906574779175316,25,25,UMP_Q_F_unique_purity,mechanism_cell
14,9,0.003456658991721912,25,25,UMP_Q_F_unique_purity,mechanism_cell
15,1,0.6419239796527515,25,25,UMP_Q_F_unique_purity,mechanism_cell
15,2,0.5834592169271818,25,25,UMP_Q_F_unique_purity,mechanism_cell
15,3,0.4855995420199528,25,25,UMP_Q_F_unique_purity,mechanism_cell
15,4,0.3615836389537207,25,25,UMP_Q_F_unique_purity,mechanism_cell
15,5,0.06618926700357902,25,25,UMP_Q_F_unique_purity,mechanism_cell
15,6,0.02699712607452931,25,25,UMP_Q_F_unique_purity,mechanism_cell
15,7,0.003936058686728028,25,25,UMP_Q_F_unique_purity,mechanism_cell
15,8,0.003010717554879192,25,25,UMP_Q_F_unique_purity,mechanism_cell
15,9,0.002146950927154252,25,25,UMP_Q_F_unique_purity,mechanism_cell
16,1,0.6557485336692566,25,25,UMP_Q_F_unique_purity,mechanism_cell
16,2,0.5865570369999942,25,25,UMP_Q_F_unique_purity,mechanism_cell
16,3,0.49552689090744856,25,25,UMP_Q_F_unique_purity,mechanism_cell
16,4,0.34548101015043664,25,25,UMP_Q_F_unique_purity,mechanism_cell
16,5,0.05048282242534045,25,25,UMP_Q_F_unique_purity,mechanism_cell
16,6,0.04905799242424516,25,25,UMP_Q_F_unique_purity,mechanism_cell
16,7,0.004368804965815284,25,25,UMP_Q_F_unique_purity,mechanism_cell
16,8,0.00380229761826512,25,25,UMP_Q_F_unique_purity,mechanism_cell
16,9,0.003156063206948724,25,25,UMP_Q_F_unique_purity,mechanism_cell
17,1,0.6875650830264286,25,25,UMP_Q_F_unique_purity,mechanism_cell
17,2,0.5875882493675953,25,25,UMP_Q_F_unique_purity,mechanism_cell
17,3,0.4861077315750456,25,25,UMP_Q_F_unique_purity,mechanism_cell
17,4,0.33018007460160953,25,25,UMP_Q_F_unique_purity,mechanism_cell
17,5,0.02443424683433758,25,25,UMP_Q_F_unique_purity,mechanism_cell
17,6,0.014499687022887153,25,25,UMP_Q_F_unique_purity,mechanism_cell
17,7,0.003737349830846712,25,25,UMP_Q_F_unique_purity,mechanism_cell
17,8,0.002726703574931976,25,25,UMP_Q_F_unique_purity,mechanism_cell
17,9,0.0016342599567394519,25,25,UMP_Q_F_unique_purity,mechanism_cell
18,1,0.6926820010172746,25,25,UMP_Q_F_unique_purity,mechanism_cell
18,2,0.5765414059587219,25,25,UMP_Q_F_unique_purity,mechanism_cell
18,3,0.5036004345995997,25,25,UMP_Q_F_unique_purity,mechanism_cell
18,4,0.3532320381076169,25,25,UMP_Q_F_unique_purity,mechanism_cell
18,5,0.04843569530613042,25,25,UMP_Q_F_unique_purity,mechanism_cell
18,6,0.04484283823910628,25,25,UMP_Q_F_unique_purity,mechanism_cell
18,7,0.006064232872635989,25,25,UMP_Q_F_unique_purity,mechanism_cell
18,8,0.003506394822386012,25,25,UMP_Q_F_unique_purity,mechanism_cell
18,9,0.0026139523287490043,25,25,UMP_Q_F_unique_purity,mechanism_cell
19,1,0.8402246235364456,25,25,UMP_Q_F_unique_purity,mechanism_cell
19,2,0.6019636702826545,25,25,UMP_Q_F_unique_purity,mechanism_cell
19,3,0.48565356964324896,25,25,UMP_Q_F_unique_purity,mechanism_cell
19,4,0.3386624854151355,25,25,UMP_Q_F_unique_purity,mechanism_cell
19,5,0.06081647429084921,25,25,UMP_Q_F_unique_purity,mechanism_cell
19,6,0.044798825287685556,25,25,UMP_Q_F_unique_purity,mechanism_cell
19,7,0.004600271165793172,25,25,UMP_Q_F_unique_purity,mechanism_cell
19,8,0.002608813648598244,25,25,UMP_Q_F_unique_purity,mechanism_cell
19,9,0.002173551739534964,25,25,UMP_Q_F_unique_purity,mechanism_cell
0,1,0.057767416244215386,25,25,U4_Q_C_capture,mechanism_cell
0,2,0.2798646326030677,25,25,U4_Q_C_capture,mechanism_cell
0,3,0.4310555583961889,25,25,U4_Q_C_capture,mechanism_cell
0,4,0.5315977929125278,25,25,U4_Q_C_capture,mechanism_cell
0,5,0.564784089691845,25,25,U4_Q_C_capture,mechanism_cell
0,6,0.29650691518937233,25,25,U4_Q_C_capture,mechanism_cell
0,7,0.14286219998578667,25,25,U4_Q_C_capture,mechanism_cell
0,8,0.07892139923292064,25,25,U4_Q_C_capture,mechanism_cell
0,9,0.07226112334457223,25,25,U4_Q_C_capture,mechanism_cell
1,1,0.0645449280417212,25,25,U4_Q_C_capture,mechanism_cell
1,2,0.33335324307333136,25,25,U4_Q_C_capture,mechanism_cell
1,3,0.4314297615593858,25,25,U4_Q_C_capture,mechanism_cell
1,4,0.46831785051421376,25,25,U4_Q_C_capture,mechanism_cell
1,5,0.48216447299208737,25,25,U4_Q_C_capture,mechanism_cell
1,6,0.20529159169049663,25,25,U4_Q_C_capture,mechanism_cell
1,7,0.057691729412496305,25,25,U4_Q_C_capture,mechanism_cell
1,8,0.0581539046548344,25,25,U4_Q_C_capture,mechanism_cell
1,9,0.044730710946678715,25,25,U4_Q_C_capture,mechanism_cell
2,1,0.07587024829814851,25,25,U4_Q_C_capture,mechanism_cell
2,2,0.32340729031549914,25,25,U4_Q_C_capture,mechanism_cell
2,3,0.42740246108173574,25,25,U4_Q_C_capture,mechanism_cell
2,4,0.416925369702596,25,25,U4_Q_C_capture,mechanism_cell
2,5,0.48194338736692055,25,25,U4_Q_C_capture,mechanism_cell
2,6,0.2179121956989302,25,25,U4_Q_C_capture,mechanism_cell
2,7,0.09720989884745242,25,25,U4_Q_C_capture,mechanism_cell
2,8,0.08893780834665051,25,25,U4_Q_C_capture,mechanism_cell
2,9,0.05094237508242694,25,25,U4_Q_C_capture,mechanism_cell
3,1,0.08362906347634526,25,25,U4_Q_C_capture,mechanism_cell
3,2,0.3312944301344739,25,25,U4_Q_C_capture,mechanism_cell
3,3,0.4493502960748176,25,25,U4_Q_C_capture,mechanism_cell
3,4,0.5644614207459628,25,25,U4_Q_C_capture,mechanism_cell
3,5,0.5836712502225121,25,25,U4_Q_C_capture,mechanism_cell
3,6,0.32772379925545214,25,25,U4_Q_C_capture,mechanism_cell
3,7,0.17265996338908335,25,25,U4_Q_C_capture,mechanism_cell
3,8,0.09498457372648651,25,25,U4_Q_C_capture,mechanism_cell
3,9,0.037726954548544134,25,25,U4_Q_C_capture,mechanism_cell
4,1,0.10080918216589042,25,25,U4_Q_C_capture,mechanism_cell
4,2,0.33570814634105267,25,25,U4_Q_C_capture,mechanism_cell
4,3,0.4717979284083406,25,25,U4_Q_C_capture,mechanism_cell
4,4,0.5396883153395065,25,25,U4_Q_C_capture,mechanism_cell
4,5,0.5714466624824229,25,25,U4_Q_C_capture,mechanism_cell
4,6,0.2863694236528342,25,25,U4_Q_C_capture,mechanism_cell
4,7,0.12274049670488454,25,25,U4_Q_C_capture,mechanism_cell
4,8,0.07923234664403202,25,25,U4_Q_C_capture,mechanism_cell
4,9,0.06826827793057436,25,25,U4_Q_C_capture,mechanism_cell
5,1,0.04939185698564571,25,25,U4_Q_C_capture,mechanism_cell
5,2,0.28534254565510386,25,25,U4_Q_C_capture,mechanism_cell
5,3,0.43277117536954934,25,25,U4_Q_C_capture,mechanism_cell
5,4,0.4771218958750707,25,25,U4_Q_C_capture,mechanism_cell
5,5,0.5641011451922036,25,25,U4_Q_C_capture,mechanism_cell
5,6,0.29190485912518965,25,25,U4_Q_C_capture,mechanism_cell
5,7,0.1134270582723607,25,25,U4_Q_C_capture,mechanism_cell
5,8,0.08288458910498259,25,25,U4_Q_C_capture,mechanism_cell
5,9,0.06773757653527496,25,25,U4_Q_C_capture,mechanism_cell
6,1,0.08970451275819523,25,25,U4_Q_C_capture,mechanism_cell
6,2,0.26479479728233324,25,25,U4_Q_C_capture,mechanism_cell
6,3,0.43311331826912464,25,25,U4_Q_C_capture,mechanism_cell
6,4,0.4546506046211087,25,25,U4_Q_C_capture,mechanism_cell
6,5,0.44810769869391537,25,25,U4_Q_C_capture,mechanism_cell
6,6,0.20701786325053123,25,25,U4_Q_C_capture,mechanism_cell
6,7,0.03687270187917468,25,25,U4_Q_C_capture,mechanism_cell
6,8,0.02403259999618235,25,25,U4_Q_C_capture,mechanism_cell
6,9,0.02424460910922719,25,25,U4_Q_C_capture,mechanism_cell
7,1,0.01488105390899872,25,25,U4_Q_C_capture,mechanism_cell
7,2,0.26230780331803627,25,25,U4_Q_C_capture,mechanism_cell
7,3,0.43371780402760124,25,25,U4_Q_C_capture,mechanism_cell
7,4,0.46697972833793516,25,25,U4_Q_C_capture,mechanism_cell
7,5,0.5222120915749185,25,25,U4_Q_C_capture,mechanism_cell
7,6,0.2579695656542308,25,25,U4_Q_C_capture,mechanism_cell
7,7,0.09553178882907618,25,25,U4_Q_C_capture,mechanism_cell
7,8,0.10172687007579233,25,25,U4_Q_C_capture,mechanism_cell
7,9,0.08991931353005611,25,25,U4_Q_C_capture,mechanism_cell
8,1,0.06809385153605542,25,25,U4_Q_C_capture,mechanism_cell
8,2,0.2980680202141677,25,25,U4_Q_C_capture,mechanism_cell
8,3,0.40538264504757515,25,25,U4_Q_C_capture,mechanism_cell
8,4,0.46496771591170544,25,25,U4_Q_C_capture,mechanism_cell
8,5,0.4821841233599693,25,25,U4_Q_C_capture,mechanism_cell
8,6,0.22941580899592115,25,25,U4_Q_C_capture,mechanism_cell
8,7,0.09235520704642956,25,25,U4_Q_C_capture,mechanism_cell
8,8,0.07711215458277527,25,25,U4_Q_C_capture,mechanism_cell
8,9,0.06401618785405706,25,25,U4_Q_C_capture,mechanism_cell
9,1,0.032079899487313566,25,25,U4_Q_C_capture,mechanism_cell
9,2,0.2689749592619077,25,25,U4_Q_C_capture,mechanism_cell
9,3,0.4200389898960997,25,25,U4_Q_C_capture,mechanism_cell
9,4,0.5172071990479011,25,25,U4_Q_C_capture,mechanism_cell
9,5,0.5598272426038511,25,25,U4_Q_C_capture,mechanism_cell
9,6,0.267343553617304,25,25,U4_Q_C_capture,mechanism_cell
9,7,0.11422251881716203,25,25,U4_Q_C_capture,mechanism_cell
9,8,0.07470167919879347,25,25,U4_Q_C_capture,mechanism_cell
9,9,0.04968460540674517,25,25,U4_Q_C_capture,mechanism_cell
10,1,0.06255653530114805,25,25,U4_Q_C_capture,mechanism_cell
10,2,0.30572617050264145,25,25,U4_Q_C_capture,mechanism_cell
10,3,0.4332439373050192,25,25,U4_Q_C_capture,mechanism_cell
10,4,0.5098061118369852,25,25,U4_Q_C_capture,mechanism_cell
10,5,0.554277643150699,25,25,U4_Q_C_capture,mechanism_cell
10,6,0.26072308470390515,25,25,U4_Q_C_capture,mechanism_cell
10,7,0.11484699637906061,25,25,U4_Q_C_capture,mechanism_cell
10,8,0.11280210895537066,25,25,U4_Q_C_capture,mechanism_cell
10,9,0.09594226702111057,25,25,U4_Q_C_capture,mechanism_cell
11,1,0.04129610431009278,25,25,U4_Q_C_capture,mechanism_cell
11,2,0.30434361385627057,25,25,U4_Q_C_capture,mechanism_cell
11,3,0.41792077659586524,25,25,U4_Q_C_capture,mechanism_cell
11,4,0.47687085975061555,25,25,U4_Q_C_capture,mechanism_cell
11,5,0.4996884525461548,25,25,U4_Q_C_capture,mechanism_cell
11,6,0.21807770993795222,25,25,U4_Q_C_capture,mechanism_cell
11,7,0.09531294784086061,25,25,U4_Q_C_capture,mechanism_cell
11,8,0.07033374978651528,25,25,U4_Q_C_capture,mechanism_cell
11,9,0.07999993232786853,25,25,U4_Q_C_capture,mechanism_cell
12,1,0.04569962345571873,25,25,U4_Q_C_capture,mechanism_cell
12,2,0.29147232587462507,25,25,U4_Q_C_capture,mechanism_cell
12,3,0.4327240382157492,25,25,U4_Q_C_capture,mechanism_cell
12,4,0.47355040007957677,25,25,U4_Q_C_capture,mechanism_cell
12,5,0.46575931946130017,25,25,U4_Q_C_capture,mechanism_cell
12,6,0.20894134955314012,25,25,U4_Q_C_capture,mechanism_cell
12,7,0.046410277016265065,25,25,U4_Q_C_capture,mechanism_cell
12,8,0.03470708780727114,25,25,U4_Q_C_capture,mechanism_cell
12,9,0.0293974499712268,25,25,U4_Q_C_capture,mechanism_cell
13,1,0.061529347242399106,25,25,U4_Q_C_capture,mechanism_cell
13,2,0.2800103250658086,25,25,U4_Q_C_capture,mechanism_cell
13,3,0.4623850008870214,25,25,U4_Q_C_capture,mechanism_cell
13,4,0.548448653072888,25,25,U4_Q_C_capture,mechanism_cell
13,5,0.516675632419344,25,25,U4_Q_C_capture,mechanism_cell
13,6,0.2785427172881899,25,25,U4_Q_C_capture,mechanism_cell
13,7,0.07819436161606345,25,25,U4_Q_C_capture,mechanism_cell
13,8,0.04140387573766843,25,25,U4_Q_C_capture,mechanism_cell
13,9,0.039422560736013995,25,25,U4_Q_C_capture,mechanism_cell
14,1,0.09271451210112847,25,25,U4_Q_C_capture,mechanism_cell
14,2,0.27634964160803366,25,25,U4_Q_C_capture,mechanism_cell
14,3,0.40458893103596905,25,25,U4_Q_C_capture,mechanism_cell
14,4,0.4555610005231675,25,25,U4_Q_C_capture,mechanism_cell
14,5,0.49033502293293113,25,25,U4_Q_C_capture,mechanism_cell
14,6,0.2662805735464544,25,25,U4_Q_C_capture,mechanism_cell
14,7,0.1066475791418295,25,25,U4_Q_C_capture,mechanism_cell
14,8,0.05388375719839588,25,25,U4_Q_C_capture,mechanism_cell
14,9,0.03569290757809852,25,25,U4_Q_C_capture,mechanism_cell
15,1,0.07178876957455017,25,25,U4_Q_C_capture,mechanism_cell
15,2,0.27691949929622406,25,25,U4_Q_C_capture,mechanism_cell
15,3,0.4729861540162063,25,25,U4_Q_C_capture,mechanism_cell
15,4,0.47624401328124905,25,25,U4_Q_C_capture,mechanism_cell
15,5,0.5180048893045915,25,25,U4_Q_C_capture,mechanism_cell
15,6,0.2658757102383063,25,25,U4_Q_C_capture,mechanism_cell
15,7,0.05735466993408674,25,25,U4_Q_C_capture,mechanism_cell
15,8,0.05199290479186908,25,25,U4_Q_C_capture,mechanism_cell
15,9,0.03661289651689444,25,25,U4_Q_C_capture,mechanism_cell
16,1,0.052795940564534745,25,25,U4_Q_C_capture,mechanism_cell
16,2,0.31446724160655,25,25,U4_Q_C_capture,mechanism_cell
16,3,0.4271391381590724,25,25,U4_Q_C_capture,mechanism_cell
16,4,0.4773342546399945,25,25,U4_Q_C_capture,mechanism_cell
16,5,0.5241301240145858,25,25,U4_Q_C_capture,mechanism_cell
16,6,0.22904221238809586,25,25,U4_Q_C_capture,mechanism_cell
16,7,0.1001718235801056,25,25,U4_Q_C_capture,mechanism_cell
16,8,0.0511311431278578,25,25,U4_Q_C_capture,mechanism_cell
16,9,0.038352387216765524,25,25,U4_Q_C_capture,mechanism_cell
17,1,0.025278387970744175,25,25,U4_Q_C_capture,mechanism_cell
17,2,0.2786718195530397,25,25,U4_Q_C_capture,mechanism_cell
17,3,0.4526508404719209,25,25,U4_Q_C_capture,mechanism_cell
17,4,0.5569318282020617,25,25,U4_Q_C_capture,mechanism_cell
17,5,0.609750645502066,25,25,U4_Q_C_capture,mechanism_cell
17,6,0.3142385021748768,25,25,U4_Q_C_capture,mechanism_cell
17,7,0.12045289254035016,25,25,U4_Q_C_capture,mechanism_cell
17,8,0.06683003987130132,25,25,U4_Q_C_capture,mechanism_cell
17,9,0.05075346873949416,25,25,U4_Q_C_capture,mechanism_cell
18,1,0.07526817358720278,25,25,U4_Q_C_capture,mechanism_cell
18,2,0.316939444647652,25,25,U4_Q_C_capture,mechanism_cell
18,3,0.42316444498808087,25,25,U4_Q_C_capture,mechanism_cell
18,4,0.44243169769296903,25,25,U4_Q_C_capture,mechanism_cell
18,5,0.49700970441631315,25,25,U4_Q_C_capture,mechanism_cell
18,6,0.2170236190274953,25,25,U4_Q_C_capture,mechanism_cell
18,7,0.061479572170142945,25,25,U4_Q_C_capture,mechanism_cell
18,8,0.05975142341531742,25,25,U4_Q_C_capture,mechanism_cell
18,9,0.05172744118282756,25,25,U4_Q_C_capture,mechanism_cell
19,1,0.07954034205897162,25,25,U4_Q_C_capture,mechanism_cell
19,2,0.3179954148530587,25,25,U4_Q_C_capture,mechanism_cell
19,3,0.43113202668730616,25,25,U4_Q_C_capture,mechanism_cell
19,4,0.46175676990237813,25,25,U4_Q_C_capture,mechanism_cell
19,5,0.45962132481150114,25,25,U4_Q_C_capture,mechanism_cell
19,6,0.1818107273069255,25,25,U4_Q_C_capture,mechanism_cell
19,7,0.05784742707899034,25,25,U4_Q_C_capture,mechanism_cell
19,8,0.03770326654570789,25,25,U4_Q_C_capture,mechanism_cell
19,9,0.034349260575774754,25,25,U4_Q_C_capture,mechanism_cell
0,1,0.20193826763401504,25,25,UMP_Q_C_purity,mechanism_cell
0,2,0.2560292590459998,25,25,UMP_Q_C_purity,mechanism_cell
0,3,0.3232916687971417,25,25,UMP_Q_C_purity,mechanism_cell
0,4,0.4272176997920421,25,25,UMP_Q_C_purity,mechanism_cell
0,5,0.5916075618625609,25,25,UMP_Q_C_purity,mechanism_cell
0,6,0.3862314144311271,25,25,UMP_Q_C_purity,mechanism_cell
0,7,0.12482806739909058,25,25,UMP_Q_C_purity,mechanism_cell
0,8,0.08509393381942544,25,25,UMP_Q_C_purity,mechanism_cell
0,9,0.07938213679181495,25,25,UMP_Q_C_purity,mechanism_cell
1,1,0.2289239055218076,25,25,UMP_Q_C_purity,mechanism_cell
1,2,0.27757583131688146,25,25,UMP_Q_C_purity,mechanism_cell
1,3,0.3235723211695393,25,25,UMP_Q_C_purity,mechanism_cell
1,4,0.42618202561621865,25,25,UMP_Q_C_purity,mechanism_cell
1,5,0.6428323319035275,25,25,UMP_Q_C_purity,mechanism_cell
1,6,0.361754098214377,25,25,UMP_Q_C_purity,mechanism_cell
1,7,0.040121233955191446,25,25,UMP_Q_C_purity,mechanism_cell
1,8,0.052017402976322354,25,25,UMP_Q_C_purity,mechanism_cell
1,9,0.03276269668622271,25,25,UMP_Q_C_purity,mechanism_cell
2,1,0.2153554320279592,25,25,UMP_Q_C_purity,mechanism_cell
2,2,0.2621103571616015,25,25,UMP_Q_C_purity,mechanism_cell
2,3,0.32055184581130175,25,25,UMP_Q_C_purity,mechanism_cell
2,4,0.39363105311673885,25,25,UMP_Q_C_purity,mechanism_cell
2,5,0.5747411945622224,25,25,UMP_Q_C_purity,mechanism_cell
2,6,0.23330550096885191,25,25,UMP_Q_C_purity,mechanism_cell
2,7,0.09536084399975162,25,25,UMP_Q_C_purity,mechanism_cell
2,8,0.08972389615577452,25,25,UMP_Q_C_purity,mechanism_cell
2,9,0.03617861745389289,25,25,UMP_Q_C_purity,mechanism_cell
3,1,0.20880125428786936,25,25,UMP_Q_C_purity,mechanism_cell
3,2,0.28058229019790276,25,25,UMP_Q_C_purity,mechanism_cell
3,3,0.33701272205611316,25,25,UMP_Q_C_purity,mechanism_cell
3,4,0.43165014808645885,25,25,UMP_Q_C_purity,mechanism_cell
3,5,0.579243628731652,25,25,UMP_Q_C_purity,mechanism_cell
3,6,0.37338869073785297,25,25,UMP_Q_C_purity,mechanism_cell
3,7,0.18344282913562415,25,25,UMP_Q_C_purity,mechanism_cell
3,8,0.10589397266061658,25,25,UMP_Q_C_purity,mechanism_cell
3,9,0.03465287293528489,25,25,UMP_Q_C_purity,mechanism_cell
4,1,0.25141259136133554,25,25,UMP_Q_C_purity,mechanism_cell
4,2,0.2917570495320744,25,25,UMP_Q_C_purity,mechanism_cell
4,3,0.35384844630625545,25,25,UMP_Q_C_purity,mechanism_cell
4,4,0.4600573674690544,25,25,UMP_Q_C_purity,mechanism_cell
4,5,0.6408599568111307,25,25,UMP_Q_C_purity,mechanism_cell
4,6,0.33881924888340653,25,25,UMP_Q_C_purity,mechanism_cell
4,7,0.11239477545584785,25,25,UMP_Q_C_purity,mechanism_cell
4,8,0.07192839092380612,25,25,UMP_Q_C_purity,mechanism_cell
4,9,0.054384158029065,25,25,UMP_Q_C_purity,mechanism_cell
5,1,0.1817294991886502,25,25,UMP_Q_C_purity,mechanism_cell
5,2,0.26487038413377234,25,25,UMP_Q_C_purity,mechanism_cell
5,3,0.324578381527162,25,25,UMP_Q_C_purity,mechanism_cell
5,4,0.4290754813637747,25,25,UMP_Q_C_purity,mechanism_cell
5,5,0.6425081577673479,25,25,UMP_Q_C_purity,mechanism_cell
5,6,0.3848865959234892,25,25,UMP_Q_C_purity,mechanism_cell
5,7,0.08218782365868059,25,25,UMP_Q_C_purity,mechanism_cell
5,8,0.061021117525670306,25,25,UMP_Q_C_purity,mechanism_cell
5,9,0.07239392215384334,25,25,UMP_Q_C_purity,mechanism_cell
6,1,0.19385927215843599,25,25,UMP_Q_C_purity,mechanism_cell
6,2,0.26222886141399476,25,25,UMP_Q_C_purity,mechanism_cell
6,3,0.32483498870184346,25,25,UMP_Q_C_purity,mechanism_cell
6,4,0.43095468855043,25,25,UMP_Q_C_purity,mechanism_cell
6,5,0.5693991620610945,25,25,UMP_Q_C_purity,mechanism_cell
6,6,0.29822218834391095,25,25,UMP_Q_C_purity,mechanism_cell
6,7,0.0346204293707683,25,25,UMP_Q_C_purity,mechanism_cell
6,8,0.016388079850416622,25,25,UMP_Q_C_purity,mechanism_cell
6,9,0.013707647315615317,25,25,UMP_Q_C_purity,mechanism_cell
7,1,0.1568208458490889,25,25,UMP_Q_C_purity,mechanism_cell
7,2,0.24335840063648576,25,25,UMP_Q_C_purity,mechanism_cell
7,3,0.32528835302070086,25,25,UMP_Q_C_purity,mechanism_cell
7,4,0.45010617123515667,25,25,UMP_Q_C_purity,mechanism_cell
7,5,0.6712238695167018,25,25,UMP_Q_C_purity,mechanism_cell
7,6,0.34373141264069124,25,25,UMP_Q_C_purity,mechanism_cell
7,7,0.055404887470659706,25,25,UMP_Q_C_purity,mechanism_cell
7,8,0.06447268841811142,25,25,UMP_Q_C_purity,mechanism_cell
7,9,0.0762865479706885,25,25,UMP_Q_C_purity,mechanism_cell
8,1,0.16513548163703906,25,25,UMP_Q_C_purity,mechanism_cell
8,2,0.24074854321658523,25,25,UMP_Q_C_purity,mechanism_cell
8,3,0.30403698378568134,25,25,UMP_Q_C_purity,mechanism_cell
8,4,0.4113444061250137,25,25,UMP_Q_C_purity,mechanism_cell
8,5,0.5810215563760006,25,25,UMP_Q_C_purity,mechanism_cell
8,6,0.28146209302375674,25,25,UMP_Q_C_purity,mechanism_cell
8,7,0.08087666609861661,25,25,UMP_Q_C_purity,mechanism_cell
8,8,0.06876903510342319,25,25,UMP_Q_C_purity,mechanism_cell
8,9,0.05397556884980169,25,25,UMP_Q_C_purity,mechanism_cell
9,1,0.2185306923141354,25,25,UMP_Q_C_purity,mechanism_cell
9,2,0.2474435180136519,25,25,UMP_Q_C_purity,mechanism_cell
9,3,0.3150292424220748,25,25,UMP_Q_C_purity,mechanism_cell
9,4,0.4355440817054939,25,25,UMP_Q_C_purity,mechanism_cell
9,5,0.6382569262012148,25,25,UMP_Q_C_purity,mechanism_cell
9,6,0.31446296995692147,25,25,UMP_Q_C_purity,mechanism_cell
9,7,0.1107807235676954,25,25,UMP_Q_C_purity,mechanism_cell
9,8,0.06346267532615694,25,25,UMP_Q_C_purity,mechanism_cell
9,9,0.042694077312534745,25,25,UMP_Q_C_purity,mechanism_cell
10,1,0.227824401878474,25,25,UMP_Q_C_purity,mechanism_cell
10,2,0.2670744727480843,25,25,UMP_Q_C_purity,mechanism_cell
10,3,0.32493295297876434,25,25,UMP_Q_C_purity,mechanism_cell
10,4,0.439467429720099,25,25,UMP_Q_C_purity,mechanism_cell
10,5,0.622412218661372,25,25,UMP_Q_C_purity,mechanism_cell
10,6,0.4085075529393977,25,25,UMP_Q_C_purity,mechanism_cell
10,7,0.06717299913095859,25,25,UMP_Q_C_purity,mechanism_cell
10,8,0.11111774114871828,25,25,UMP_Q_C_purity,mechanism_cell
10,9,0.10350618439445673,25,25,UMP_Q_C_purity,mechanism_cell
11,1,0.20153896367447588,25,25,UMP_Q_C_purity,mechanism_cell
11,2,0.2574033432472642,25,25,UMP_Q_C_purity,mechanism_cell
11,3,0.3134405824468989,25,25,UMP_Q_C_purity,mechanism_cell
11,4,0.41656533976333165,25,25,UMP_Q_C_purity,mechanism_cell
11,5,0.6140873463687163,25,25,UMP_Q_C_purity,mechanism_cell
11,6,0.2396813973518125,25,25,UMP_Q_C_purity,mechanism_cell
11,7,0.09082950192924953,25,25,UMP_Q_C_purity,mechanism_cell
11,8,0.055511113959511194,25,25,UMP_Q_C_purity,mechanism_cell
11,9,0.06503523235516115,25,25,UMP_Q_C_purity,mechanism_cell
12,1,0.22791313552054124,25,25,UMP_Q_C_purity,mechanism_cell
12,2,0.26496068983919935,25,25,UMP_Q_C_purity,mechanism_cell
12,3,0.3245430286618119,25,25,UMP_Q_C_purity,mechanism_cell
12,4,0.43613754411549793,25,25,UMP_Q_C_purity,mechanism_cell
12,5,0.6219359699479101,25,25,UMP_Q_C_purity,mechanism_cell
12,6,0.29615281195587023,25,25,UMP_Q_C_purity,mechanism_cell
12,7,0.05465823720735105,25,25,UMP_Q_C_purity,mechanism_cell
12,8,0.03231793876948326,25,25,UMP_Q_C_purity,mechanism_cell
12,9,0.01922256386786966,25,25,UMP_Q_C_purity,mechanism_cell
13,1,0.24274134465070982,25,25,UMP_Q_C_purity,mechanism_cell
13,2,0.2790874644501374,25,25,UMP_Q_C_purity,mechanism_cell
13,3,0.346788750665266,25,25,UMP_Q_C_purity,mechanism_cell
13,4,0.45864368649454135,25,25,UMP_Q_C_purity,mechanism_cell
13,5,0.6208698133416808,25,25,UMP_Q_C_purity,mechanism_cell
13,6,0.46003025961956195,25,25,UMP_Q_C_purity,mechanism_cell
13,7,0.09508738100569372,25,25,UMP_Q_C_purity,mechanism_cell
13,8,0.03612771255433683,25,25,UMP_Q_C_purity,mechanism_cell
13,9,0.03214385005653078,25,25,UMP_Q_C_purity,mechanism_cell
14,1,0.1321079326648489,25,25,UMP_Q_C_purity,mechanism_cell
14,2,0.23346894486958467,25,25,UMP_Q_C_purity,mechanism_cell
14,3,0.30344169827697676,25,25,UMP_Q_C_purity,mechanism_cell
14,4,0.38482069039097794,25,25,UMP_Q_C_purity,mechanism_cell
14,5,0.5293819353751382,25,25,UMP_Q_C_purity,mechanism_cell
14,6,0.3216776177306866,25,25,UMP_Q_C_purity,mechanism_cell
14,7,0.12265696151072296,25,25,UMP_Q_C_purity,mechanism_cell
14,8,0.05432518521937913,25,25,UMP_Q_C_purity,mechanism_cell
14,9,0.03174285438227789,25,25,UMP_Q_C_purity,mechanism_cell
15,1,0.24745462069704918,25,25,UMP_Q_C_purity,mechanism_cell
15,2,0.28603677787764026,25,25,UMP_Q_C_purity,mechanism_cell
15,3,0.3547396155121547,25,25,UMP_Q_C_purity,mechanism_cell
15,4,0.4389376432789179,25,25,UMP_Q_C_purity,mechanism_cell
15,5,0.6544340917466134,25,25,UMP_Q_C_purity,mechanism_cell
15,6,0.6008775643609587,25,25,UMP_Q_C_purity,mechanism_cell
15,7,0.06201961765093209,25,25,UMP_Q_C_purity,mechanism_cell
15,8,0.05136750030292332,25,25,UMP_Q_C_purity,mechanism_cell
15,9,0.03182341038603,25,25,UMP_Q_C_purity,mechanism_cell
16,1,0.21878930549427023,25,25,UMP_Q_C_purity,mechanism_cell
16,2,0.2539005624523983,25,25,UMP_Q_C_purity,mechanism_cell
16,3,0.3203543536193043,25,25,UMP_Q_C_purity,mechanism_cell
16,4,0.42817584385784896,25,25,UMP_Q_C_purity,mechanism_cell
16,5,0.6214535633745583,25,25,UMP_Q_C_purity,mechanism_cell
16,6,0.3644887805223629,25,25,UMP_Q_C_purity,mechanism_cell
16,7,0.10989269335154443,25,25,UMP_Q_C_purity,mechanism_cell
16,8,0.05643964996873176,25,25,UMP_Q_C_purity,mechanism_cell
16,9,0.04121881393552508,25,25,UMP_Q_C_purity,mechanism_cell
17,1,0.2173090960081598,25,25,UMP_Q_C_purity,mechanism_cell
17,2,0.2750186368424437,25,25,UMP_Q_C_purity,mechanism_cell
17,3,0.33948813035394065,25,25,UMP_Q_C_purity,mechanism_cell
17,4,0.46401415100892707,25,25,UMP_Q_C_purity,mechanism_cell
17,5,0.6844516840694197,25,25,UMP_Q_C_purity,mechanism_cell
17,6,0.5281922441046438,25,25,UMP_Q_C_purity,mechanism_cell
17,7,0.11530438653125528,25,25,UMP_Q_C_purity,mechanism_cell
17,8,0.06040040602394569,25,25,UMP_Q_C_purity,mechanism_cell
17,9,0.03585142695911676,25,25,UMP_Q_C_purity,mechanism_cell
18,1,0.2199665394519674,25,25,UMP_Q_C_purity,mechanism_cell
18,2,0.27756490135084677,25,25,UMP_Q_C_purity,mechanism_cell
18,3,0.31737333374106064,25,25,UMP_Q_C_purity,mechanism_cell
18,4,0.4213028919231595,25,25,UMP_Q_C_purity,mechanism_cell
18,5,0.6197901025200349,25,25,UMP_Q_C_purity,mechanism_cell
18,6,0.2924387481298143,25,25,UMP_Q_C_purity,mechanism_cell
18,7,0.05797945887614117,25,25,UMP_Q_C_purity,mechanism_cell
18,8,0.04702550074915266,25,25,UMP_Q_C_purity,mechanism_cell
18,9,0.037131570008399055,25,25,UMP_Q_C_purity,mechanism_cell
19,1,0.12987160622997665,25,25,UMP_Q_C_purity,mechanism_cell
19,2,0.2554793608141741,25,25,UMP_Q_C_purity,mechanism_cell
19,3,0.3233490200154796,25,25,UMP_Q_C_purity,mechanism_cell
19,4,0.43094421844119574,25,25,UMP_Q_C_purity,mechanism_cell
19,5,0.6019918377560091,25,25,UMP_Q_C_purity,mechanism_cell
19,6,0.27985487326615177,25,25,UMP_Q_C_purity,mechanism_cell
19,7,0.052803563710469875,25,25,UMP_Q_C_purity,mechanism_cell
19,8,0.030435887543572467,25,25,UMP_Q_C_purity,mechanism_cell
19,9,0.025814776043911955,25,25,UMP_Q_C_purity,mechanism_cell
0,1,0.9982606227424641,25,25,QR_Q_F_purity,mechanism_cell
0,2,0.9970249352900123,25,25,QR_Q_F_purity,mechanism_cell
0,3,0.9973293246745094,25,25,QR_Q_F_purity,mechanism_cell
0,4,0.9960526087814253,25,25,QR_Q_F_purity,mechanism_cell
0,5,0.9952225500393775,25,25,QR_Q_F_purity,mechanism_cell
0,6,0.8300774824362908,25,25,QR_Q_F_purity,mechanism_cell
0,7,0.7125557647533072,25,25,QR_Q_F_purity,mechanism_cell
0,8,0.6235165264082432,25,25,QR_Q_F_purity,mechanism_cell
0,9,0.5542518379687393,25,25,QR_Q_F_purity,mechanism_cell
1,1,0.9986802604189721,25,25,QR_Q_F_purity,mechanism_cell
1,2,0.9984139761144638,25,25,QR_Q_F_purity,mechanism_cell
1,3,0.9982804438017773,25,25,QR_Q_F_purity,mechanism_cell
1,4,0.9979021256568753,25,25,QR_Q_F_purity,mechanism_cell
1,5,0.9970281406174198,25,25,QR_Q_F_purity,mechanism_cell
1,6,0.8310363498238823,25,25,QR_Q_F_purity,mechanism_cell
1,7,0.7124997359933625,25,25,QR_Q_F_purity,mechanism_cell
1,8,0.6234482591675934,25,25,QR_Q_F_purity,mechanism_cell
1,9,0.5541855820014794,25,25,QR_Q_F_purity,mechanism_cell
2,1,0.9984170248481056,25,25,QR_Q_F_purity,mechanism_cell
2,2,0.9982612386554176,25,25,QR_Q_F_purity,mechanism_cell
2,3,0.9980623064810843,25,25,QR_Q_F_purity,mechanism_cell
2,4,0.997235634575358,25,25,QR_Q_F_purity,mechanism_cell
2,5,0.9960429071148339,25,25,QR_Q_F_purity,mechanism_cell
2,6,0.8307894068792812,25,25,QR_Q_F_purity,mechanism_cell
2,7,0.7123228566654034,25,25,QR_Q_F_purity,mechanism_cell
2,8,0.623299559411078,25,25,QR_Q_F_purity,mechanism_cell
2,9,0.5540616089414812,25,25,QR_Q_F_purity,mechanism_cell
3,1,0.9979685070313233,25,25,QR_Q_F_purity,mechanism_cell
3,2,0.9975413225597508,25,25,QR_Q_F_purity,mechanism_cell
3,3,0.9969764691571252,25,25,QR_Q_F_purity,mechanism_cell
3,4,0.9957346090595622,25,25,QR_Q_F_purity,mechanism_cell
3,5,0.9846546090273514,25,25,QR_Q_F_purity,mechanism_cell
3,6,0.828015037499019,25,25,QR_Q_F_purity,mechanism_cell
3,7,0.711737486853167,25,25,QR_Q_F_purity,mechanism_cell
3,8,0.6227991122234939,25,25,QR_Q_F_purity,mechanism_cell
3,9,0.553626149870565,25,25,QR_Q_F_purity,mechanism_cell
4,1,0.9991603208858016,25,25,QR_Q_F_purity,mechanism_cell
4,2,0.9980963910997734,25,25,QR_Q_F_purity,mechanism_cell
4,3,0.997858948056403,25,25,QR_Q_F_purity,mechanism_cell
4,4,0.9973399476941026,25,25,QR_Q_F_purity,mechanism_cell
4,5,0.9933328015227814,25,25,QR_Q_F_purity,mechanism_cell
4,6,0.8303123175208035,25,25,QR_Q_F_purity,mechanism_cell
4,7,0.7121409981114478,25,25,QR_Q_F_purity,mechanism_cell
4,8,0.6231449385618386,25,25,QR_Q_F_purity,mechanism_cell
4,9,0.5539201249422535,25,25,QR_Q_F_purity,mechanism_cell
5,1,0.9981146526833027,25,25,QR_Q_F_purity,mechanism_cell
5,2,0.9975516869402453,25,25,QR_Q_F_purity,mechanism_cell
5,3,0.9977269040303435,25,25,QR_Q_F_purity,mechanism_cell
5,4,0.9971025720316581,25,25,QR_Q_F_purity,mechanism_cell
5,5,0.9955510052595364,25,25,QR_Q_F_purity,mechanism_cell
5,6,0.8305969412057802,25,25,QR_Q_F_purity,mechanism_cell
5,7,0.7122795905377767,25,25,QR_Q_F_purity,mechanism_cell
5,8,0.6232576389992489,25,25,QR_Q_F_purity,mechanism_cell
5,9,0.5540221014944631,25,25,QR_Q_F_purity,mechanism_cell
6,1,0.9971881497850249,25,25,QR_Q_F_purity,mechanism_cell
6,2,0.9966773192249364,25,25,QR_Q_F_purity,mechanism_cell
6,3,0.996777721565746,25,25,QR_Q_F_purity,mechanism_cell
6,4,0.996669425904101,25,25,QR_Q_F_purity,mechanism_cell
6,5,0.995944805030431,25,25,QR_Q_F_purity,mechanism_cell
6,6,0.8312464692188263,25,25,QR_Q_F_purity,mechanism_cell
6,7,0.7126056088056582,25,25,QR_Q_F_purity,mechanism_cell
6,8,0.6235359165339063,25,25,QR_Q_F_purity,mechanism_cell
6,9,0.5542625937968999,25,25,QR_Q_F_purity,mechanism_cell
7,1,0.9959688794591584,25,25,QR_Q_F_purity,mechanism_cell
7,2,0.9965265828671181,25,25,QR_Q_F_purity,mechanism_cell
7,3,0.9966298185746113,25,25,QR_Q_F_purity,mechanism_cell
7,4,0.9967447217827505,25,25,QR_Q_F_purity,mechanism_cell
7,5,0.9957920425873691,25,25,QR_Q_F_purity,mechanism_cell
7,6,0.8308630983037772,25,25,QR_Q_F_purity,mechanism_cell
7,7,0.7122658634482946,25,25,QR_Q_F_purity,mechanism_cell
7,8,0.6232547350828606,25,25,QR_Q_F_purity,mechanism_cell
7,9,0.5540182474361085,25,25,QR_Q_F_purity,mechanism_cell
8,1,0.9981384473068173,25,25,QR_Q_F_purity,mechanism_cell
8,2,0.995345551733578,25,25,QR_Q_F_purity,mechanism_cell
8,3,0.9959833953584539,25,25,QR_Q_F_purity,mechanism_cell
8,4,0.9962779771360342,25,25,QR_Q_F_purity,mechanism_cell
8,5,0.9935387531743057,25,25,QR_Q_F_purity,mechanism_cell
8,6,0.8309223791215711,25,25,QR_Q_F_purity,mechanism_cell
8,7,0.7123553779525342,25,25,QR_Q_F_purity,mechanism_cell
8,8,0.6233185281236363,25,25,QR_Q_F_purity,mechanism_cell
8,9,0.5540789720100573,25,25,QR_Q_F_purity,mechanism_cell
9,1,0.9980385049907512,25,25,QR_Q_F_purity,mechanism_cell
9,2,0.997836749841492,25,25,QR_Q_F_purity,mechanism_cell
9,3,0.9976881771425736,25,25,QR_Q_F_purity,mechanism_cell
9,4,0.9973008069717401,25,25,QR_Q_F_purity,mechanism_cell
9,5,0.9955717788251338,25,25,QR_Q_F_purity,mechanism_cell
9,6,0.8299690135321857,25,25,QR_Q_F_purity,mechanism_cell
9,7,0.7122326966540853,25,25,QR_Q_F_purity,mechanism_cell
9,8,0.6232186281154115,25,25,QR_Q_F_purity,mechanism_cell
9,9,0.5539856910016683,25,25,QR_Q_F_purity,mechanism_cell
10,1,0.9987562676426738,25,25,QR_Q_F_purity,mechanism_cell
10,2,0.9974226087756851,25,25,QR_Q_F_purity,mechanism_cell
10,3,0.9968789807283379,25,25,QR_Q_F_purity,mechanism_cell
10,4,0.9964844468834692,25,25,QR_Q_F_purity,mechanism_cell
10,5,0.9934455925939654,25,25,QR_Q_F_purity,mechanism_cell
10,6,0.8284911067257891,25,25,QR_Q_F_purity,mechanism_cell
10,7,0.7123640044048233,25,25,QR_Q_F_purity,mechanism_cell
10,8,0.623333423418902,25,25,QR_Q_F_purity,mechanism_cell
10,9,0.5540934534095129,25,25,QR_Q_F_purity,mechanism_cell
11,1,0.9985610061177371,25,25,QR_Q_F_purity,mechanism_cell
11,2,0.9983663308648463,25,25,QR_Q_F_purity,mechanism_cell
11,3,0.9980535391713018,25,25,QR_Q_F_purity,mechanism_cell
11,4,0.9976886715448248,25,25,QR_Q_F_purity,mechanism_cell
11,5,0.9958503326082915,25,25,QR_Q_F_purity,mechanism_cell
11,6,0.8303204516848975,25,25,QR_Q_F_purity,mechanism_cell
11,7,0.712185345310742,25,25,QR_Q_F_purity,mechanism_cell
11,8,0.6231770826108243,25,25,QR_Q_F_purity,mechanism_cell
11,9,0.553948550329825,25,25,QR_Q_F_purity,mechanism_cell
12,1,0.9989819312989028,25,25,QR_Q_F_purity,mechanism_cell
12,2,0.9987238308775865,25,25,QR_Q_F_purity,mechanism_cell
12,3,0.9984264651325117,25,25,QR_Q_F_purity,mechanism_cell
12,4,0.9982160794795195,25,25,QR_Q_F_purity,mechanism_cell
12,5,0.9957010041445129,25,25,QR_Q_F_purity,mechanism_cell
12,6,0.8305427316736903,25,25,QR_Q_F_purity,mechanism_cell
12,7,0.7123192319373911,25,25,QR_Q_F_purity,mechanism_cell
12,8,0.6233083173400527,25,25,QR_Q_F_purity,mechanism_cell
12,9,0.5540775436148073,25,25,QR_Q_F_purity,mechanism_cell
13,1,0.9986704503632775,25,25,QR_Q_F_purity,mechanism_cell
13,2,0.9979471532059522,25,25,QR_Q_F_purity,mechanism_cell
13,3,0.9975653468085945,25,25,QR_Q_F_purity,mechanism_cell
13,4,0.9971766839237312,25,25,QR_Q_F_purity,mechanism_cell
13,5,0.9910605485449835,25,25,QR_Q_F_purity,mechanism_cell
13,6,0.8306026861701286,25,25,QR_Q_F_purity,mechanism_cell
13,7,0.7123086917325459,25,25,QR_Q_F_purity,mechanism_cell
13,8,0.6233048027743404,25,25,QR_Q_F_purity,mechanism_cell
13,9,0.5540639426901007,25,25,QR_Q_F_purity,mechanism_cell
14,1,0.9986083695736788,25,25,QR_Q_F_purity,mechanism_cell
14,2,0.9985774649193947,25,25,QR_Q_F_purity,mechanism_cell
14,3,0.998472854030752,25,25,QR_Q_F_purity,mechanism_cell
14,4,0.9980637241509471,25,25,QR_Q_F_purity,mechanism_cell
14,5,0.9967051393364411,25,25,QR_Q_F_purity,mechanism_cell
14,6,0.8308108467359342,25,25,QR_Q_F_purity,mechanism_cell
14,7,0.7122177463512019,25,25,QR_Q_F_purity,mechanism_cell
14,8,0.62321344298113,25,25,QR_Q_F_purity,mechanism_cell
14,9,0.55398473165418,25,25,QR_Q_F_purity,mechanism_cell
15,1,0.9978476148423683,25,25,QR_Q_F_purity,mechanism_cell
15,2,0.9980293195462204,25,25,QR_Q_F_purity,mechanism_cell
15,3,0.998122786194995,25,25,QR_Q_F_purity,mechanism_cell
15,4,0.9956100711106367,25,25,QR_Q_F_purity,mechanism_cell
15,5,0.9930082952154087,25,25,QR_Q_F_purity,mechanism_cell
15,6,0.8302112741613538,25,25,QR_Q_F_purity,mechanism_cell
15,7,0.7124337715028214,25,25,QR_Q_F_purity,mechanism_cell
15,8,0.6234092286307312,25,25,QR_Q_F_purity,mechanism_cell
15,9,0.5541634084747316,25,25,QR_Q_F_purity,mechanism_cell
16,1,0.9981938127266372,25,25,QR_Q_F_purity,mechanism_cell
16,2,0.9981315401278438,25,25,QR_Q_F_purity,mechanism_cell
16,3,0.9980681473961891,25,25,QR_Q_F_purity,mechanism_cell
16,4,0.9976951268612365,25,25,QR_Q_F_purity,mechanism_cell
16,5,0.9957491400318977,25,25,QR_Q_F_purity,mechanism_cell
16,6,0.8303573143805991,25,25,QR_Q_F_purity,mechanism_cell
16,7,0.7123597080881708,25,25,QR_Q_F_purity,mechanism_cell
16,8,0.6233487852784808,25,25,QR_Q_F_purity,mechanism_cell
16,9,0.554116759788321,25,25,QR_Q_F_purity,mechanism_cell
17,1,0.9982196792189442,25,25,QR_Q_F_purity,mechanism_cell
17,2,0.9977640492626663,25,25,QR_Q_F_purity,mechanism_cell
17,3,0.9975035559966511,25,25,QR_Q_F_purity,mechanism_cell
17,4,0.9973527262233407,25,25,QR_Q_F_purity,mechanism_cell
17,5,0.9956222109318661,25,25,QR_Q_F_purity,mechanism_cell
17,6,0.8302565025390151,25,25,QR_Q_F_purity,mechanism_cell
17,7,0.7123561273256723,25,25,QR_Q_F_purity,mechanism_cell
17,8,0.6233256065312827,25,25,QR_Q_F_purity,mechanism_cell
17,9,0.5540845878150349,25,25,QR_Q_F_purity,mechanism_cell
18,1,0.9987896862916252,25,25,QR_Q_F_purity,mechanism_cell
18,2,0.9984267559357063,25,25,QR_Q_F_purity,mechanism_cell
18,3,0.9976619598401958,25,25,QR_Q_F_purity,mechanism_cell
18,4,0.9974618410365075,25,25,QR_Q_F_purity,mechanism_cell
18,5,0.9962354196471017,25,25,QR_Q_F_purity,mechanism_cell
18,6,0.8305777376167123,25,25,QR_Q_F_purity,mechanism_cell
18,7,0.7124629425741338,25,25,QR_Q_F_purity,mechanism_cell
18,8,0.6234274288282244,25,25,QR_Q_F_purity,mechanism_cell
18,9,0.5541670537944607,25,25,QR_Q_F_purity,mechanism_cell
19,1,0.9985934313858627,25,25,QR_Q_F_purity,mechanism_cell
19,2,0.9983631822384289,25,25,QR_Q_F_purity,mechanism_cell
19,3,0.9980649719808029,25,25,QR_Q_F_purity,mechanism_cell
19,4,0.9978673542692996,25,25,QR_Q_F_purity,mechanism_cell
19,5,0.9966833712880147,25,25,QR_Q_F_purity,mechanism_cell
19,6,0.8310218655980455,25,25,QR_Q_F_purity,mechanism_cell
19,7,0.712585975820673,25,25,QR_Q_F_purity,mechanism_cell
19,8,0.6235289241023634,25,25,QR_Q_F_purity,mechanism_cell
19,9,0.55426154571634,25,25,QR_Q_F_purity,mechanism_cell
0,1,5.64,25,25,d_hat,observable
0,2,5.0,25,25,d_hat,observable
0,3,4.0,25,25,d_hat,observable
0,4,3.0,25,25,d_hat,observable
0,5,2.0,25,25,d_hat,observable
0,6,1.84,25,25,d_hat,observable
0,7,2.28,25,25,d_hat,observable
0,8,2.24,25,25,d_hat,observable
0,9,2.16,25,25,d_hat,observable
1,1,5.64,25,25,d_hat,observable
1,2,5.0,25,25,d_hat,observable
1,3,4.0,25,25,d_hat,observable
1,4,3.0,25,25,d_hat,observable
1,5,2.0,25,25,d_hat,observable
1,6,1.32,25,25,d_hat,observable
1,7,2.32,25,25,d_hat,observable
1,8,2.28,25,25,d_hat,observable
1,9,2.48,25,25,d_hat,observable
2,1,5.6,25,25,d_hat,observable
2,2,5.0,25,25,d_hat,observable
2,3,4.0,25,25,d_hat,observable
2,4,3.0,25,25,d_hat,observable
2,5,2.04,25,25,d_hat,observable
2,6,1.84,25,25,d_hat,observable
2,7,2.36,25,25,d_hat,observable
2,8,2.24,25,25,d_hat,observable
2,9,2.48,25,25,d_hat,observable
3,1,5.2,25,25,d_hat,observable
3,2,5.0,25,25,d_hat,observable
3,3,4.0,25,25,d_hat,observable
3,4,3.0,25,25,d_hat,observable
3,5,2.0,25,25,d_hat,observable
3,6,2.28,25,25,d_hat,observable
3,7,2.48,25,25,d_hat,observable
3,8,2.4,25,25,d_hat,observable
3,9,2.2,25,25,d_hat,observable
4,1,5.96,25,25,d_hat,observable
4,2,5.0,25,25,d_hat,observable
4,3,4.0,25,25,d_hat,observable
4,4,3.0,25,25,d_hat,observable
4,5,2.0,25,25,d_hat,observable
4,6,2.08,25,25,d_hat,observable
4,7,2.92,25,25,d_hat,observable
4,8,2.8,25,25,d_hat,observable
4,9,2.92,25,25,d_hat,observable
5,1,5.08,25,25,d_hat,observable
5,2,5.0,25,25,d_hat,observable
5,3,4.0,25,25,d_hat,observable
5,4,3.0,25,25,d_hat,observable
5,5,2.0,25,25,d_hat,observable
5,6,1.76,25,25,d_hat,observable
5,7,2.16,25,25,d_hat,observable
5,8,2.52,25,25,d_hat,observable
5,9,2.48,25,25,d_hat,observable
6,1,5.0,25,25,d_hat,observable
6,2,5.0,25,25,d_hat,observable
6,3,4.0,25,25,d_hat,observable
6,4,3.0,25,25,d_hat,observable
6,5,2.28,25,25,d_hat,observable
6,6,1.96,25,25,d_hat,observable
6,7,2.72,25,25,d_hat,observable
6,8,2.76,25,25,d_hat,observable
6,9,2.6,25,25,d_hat,observable
7,1,5.0,25,25,d_hat,observable
7,2,4.88,25,25,d_hat,observable
7,3,4.0,25,25,d_hat,observable
7,4,3.0,25,25,d_hat,observable
7,5,2.0,25,25,d_hat,observable
7,6,1.92,25,25,d_hat,observable
7,7,2.56,25,25,d_hat,observable
7,8,2.64,25,25,d_hat,observable
7,9,2.76,25,25,d_hat,observable
8,1,4.88,25,25,d_hat,observable
8,2,5.0,25,25,d_hat,observable
8,3,4.0,25,25,d_hat,observable
8,4,3.0,25,25,d_hat,observable
8,5,2.0,25,25,d_hat,observable
8,6,1.88,25,25,d_hat,observable
8,7,2.4,25,25,d_hat,observable
8,8,2.44,25,25,d_hat,observable
8,9,2.56,25,25,d_hat,observable
9,1,6.0,25,25,d_hat,observable
9,2,5.0,25,25,d_hat,observable
9,3,4.0,25,25,d_hat,observable
9,4,3.0,25,25,d_hat,observable
9,5,2.04,25,25,d_hat,observable
9,6,2.28,25,25,d_hat,observable
9,7,2.72,25,25,d_hat,observable
9,8,2.6,25,25,d_hat,observable
9,9,2.92,25,25,d_hat,observable
10,1,5.88,25,25,d_hat,observable
10,2,5.0,25,25,d_hat,observable
10,3,4.0,25,25,d_hat,observable
10,4,3.0,25,25,d_hat,observable
10,5,2.0,25,25,d_hat,observable
10,6,1.0,25,25,d_hat,observable
10,7,1.84,25,25,d_hat,observable
10,8,2.12,25,25,d_hat,observable
10,9,2.16,25,25,d_hat,observable
11,1,5.64,25,25,d_hat,observable
11,2,5.0,25,25,d_hat,observable
11,3,4.0,25,25,d_hat,observable
11,4,3.0,25,25,d_hat,observable
11,5,2.04,25,25,d_hat,observable
11,6,2.24,25,25,d_hat,observable
11,7,2.2,25,25,d_hat,observable
11,8,2.24,25,25,d_hat,observable
11,9,2.56,25,25,d_hat,observable
12,1,6.0,25,25,d_hat,observable
12,2,5.0,25,25,d_hat,observable
12,3,4.0,25,25,d_hat,observable
12,4,3.0,25,25,d_hat,observable
12,5,2.0,25,25,d_hat,observable
12,6,1.96,25,25,d_hat,observable
12,7,2.0,25,25,d_hat,observable
12,8,2.08,25,25,d_hat,observable
12,9,2.08,25,25,d_hat,observable
13,1,6.0,25,25,d_hat,observable
13,2,5.0,25,25,d_hat,observable
13,3,4.0,25,25,d_hat,observable
13,4,3.0,25,25,d_hat,observable
13,5,2.0,25,25,d_hat,observable
13,6,1.44,25,25,d_hat,observable
13,7,2.16,25,25,d_hat,observable
13,8,2.16,25,25,d_hat,observable
13,9,2.0,25,25,d_hat,observable
14,1,4.56,25,25,d_hat,observable
14,2,4.8,25,25,d_hat,observable
14,3,4.0,25,25,d_hat,observable
14,4,3.0,25,25,d_hat,observable
14,5,2.52,25,25,d_hat,observable
14,6,2.16,25,25,d_hat,observable
14,7,2.2,25,25,d_hat,observable
14,8,2.08,25,25,d_hat,observable
14,9,2.2,25,25,d_hat,observable
15,1,6.0,25,25,d_hat,observable
15,2,5.0,25,25,d_hat,observable
15,3,4.0,25,25,d_hat,observable
15,4,3.0,25,25,d_hat,observable
15,5,2.0,25,25,d_hat,observable
15,6,1.08,25,25,d_hat,observable
15,7,2.04,25,25,d_hat,observable
15,8,1.8,25,25,d_hat,observable
15,9,1.76,25,25,d_hat,observable
16,1,5.92,25,25,d_hat,observable
16,2,5.0,25,25,d_hat,observable
16,3,4.0,25,25,d_hat,observable
16,4,3.0,25,25,d_hat,observable
16,5,2.0,25,25,d_hat,observable
16,6,1.12,25,25,d_hat,observable
16,7,1.84,25,25,d_hat,observable
16,8,1.72,25,25,d_hat,observable
16,9,1.96,25,25,d_hat,observable
17,1,5.72,25,25,d_hat,observable
17,2,5.0,25,25,d_hat,observable
17,3,4.0,25,25,d_hat,observable
17,4,3.0,25,25,d_hat,observable
17,5,2.0,25,25,d_hat,observable
17,6,1.16,25,25,d_hat,observable
17,7,2.2,25,25,d_hat,observable
17,8,2.36,25,25,d_hat,observable
17,9,2.16,25,25,d_hat,observable
18,1,5.48,25,25,d_hat,observable
18,2,5.0,25,25,d_hat,observable
18,3,4.0,25,25,d_hat,observable
18,4,3.0,25,25,d_hat,observable
18,5,2.08,25,25,d_hat,observable
18,6,1.76,25,25,d_hat,observable
18,7,2.2,25,25,d_hat,observable
18,8,2.32,25,25,d_hat,observable
18,9,2.24,25,25,d_hat,observable
19,1,4.48,25,25,d_hat,observable
19,2,4.8,25,25,d_hat,observable
19,3,4.0,25,25,d_hat,observable
19,4,3.0,25,25,d_hat,observable
19,5,2.0,25,25,d_hat,observable
19,6,1.68,25,25,d_hat,observable
19,7,2.68,25,25,d_hat,observable
19,8,2.76,25,25,d_hat,observable
19,9,2.76,25,25,d_hat,observable
0,1,54.83100757995593,25,25,selected_excess_spectral_mass,observable
0,2,44.25976615739636,25,25,selected_excess_spectral_mass,observable
0,3,29.796184077512407,25,25,selected_excess_spectral_mass,observable
0,4,17.926057646680587,25,25,selected_excess_spectral_mass,observable
0,5,7.657470840855544,25,25,selected_excess_spectral_mass,observable
0,6,2.6731072716741546,25,25,selected_excess_spectral_mass,observable
0,7,0.11143018030902542,25,25,selected_excess_spectral_mass,observable
0,8,0.09479726999329717,25,25,selected_excess_spectral_mass,observable
0,9,0.08747437277614184,25,25,selected_excess_spectral_mass,observable
1,1,54.16930301083637,25,25,selected_excess_spectral_mass,observable
1,2,44.223506220806186,25,25,selected_excess_spectral_mass,observable
1,3,30.867232521518602,25,25,selected_excess_spectral_mass,observable
1,4,14.916295602580803,25,25,selected_excess_spectral_mass,observable
1,5,6.339909863352189,25,25,selected_excess_spectral_mass,observable
1,6,2.972220956526317,25,25,selected_excess_spectral_mass,observable
1,7,0.0927705727922676,25,25,selected_excess_spectral_mass,observable
1,8,0.09011400430866362,25,25,selected_excess_spectral_mass,observable
1,9,0.09068404303235657,25,25,selected_excess_spectral_mass,observable
2,1,53.56584669096184,25,25,selected_excess_spectral_mass,observable
2,2,44.03690482738203,25,25,selected_excess_spectral_mass,observable
2,3,28.159254085599283,25,25,selected_excess_spectral_mass,observable
2,4,14.644333745648403,25,25,selected_excess_spectral_mass,observable
2,5,5.436500505515502,25,25,selected_excess_spectral_mass,observable
2,6,2.636662617567036,25,25,selected_excess_spectral_mass,observable
2,7,0.12176665356113305,25,25,selected_excess_spectral_mass,observable
2,8,0.09705715018373111,25,25,selected_excess_spectral_mass,observable
2,9,0.09293240383739042,25,25,selected_excess_spectral_mass,observable
3,1,57.31021483295961,25,25,selected_excess_spectral_mass,observable
3,2,46.58148440316213,25,25,selected_excess_spectral_mass,observable
3,3,32.65919210273305,25,25,selected_excess_spectral_mass,observable
3,4,14.871285123398293,25,25,selected_excess_spectral_mass,observable
3,5,7.774774175681769,25,25,selected_excess_spectral_mass,observable
3,6,3.13542452662659,25,25,selected_excess_spectral_mass,observable
3,7,0.1384796311120289,25,25,selected_excess_spectral_mass,observable
3,8,0.12016614519211298,25,25,selected_excess_spectral_mass,observable
3,9,0.10056652850297225,25,25,selected_excess_spectral_mass,observable
4,1,53.703522687173724,25,25,selected_excess_spectral_mass,observable
4,2,42.14851347564441,25,25,selected_excess_spectral_mass,observable
4,3,29.63017034622583,25,25,selected_excess_spectral_mass,observable
4,4,16.263425716913282,25,25,selected_excess_spectral_mass,observable
4,5,8.40749816722608,25,25,selected_excess_spectral_mass,observable
4,6,3.056331983457058,25,25,selected_excess_spectral_mass,observable
4,7,0.1755407920603404,25,25,selected_excess_spectral_mass,observable
4,8,0.143980326929738,25,25,selected_excess_spectral_mass,observable
4,9,0.14352466852462092,25,25,selected_excess_spectral_mass,observable
5,1,53.45379790966944,25,25,selected_excess_spectral_mass,observable
5,2,43.090180965654255,25,25,selected_excess_spectral_mass,observable
5,3,30.18678836997874,25,25,selected_excess_spectral_mass,observable
5,4,16.18640631994471,25,25,selected_excess_spectral_mass,observable
5,5,6.6756352097815945,25,25,selected_excess_spectral_mass,observable
5,6,2.5071259233766865,25,25,selected_excess_spectral_mass,observable
5,7,0.09066342720285718,25,25,selected_excess_spectral_mass,observable
5,8,0.09348995798261345,25,25,selected_excess_spectral_mass,observable
5,9,0.10319117139807844,25,25,selected_excess_spectral_mass,observable
6,1,53.578371408212014,25,25,selected_excess_spectral_mass,observable
6,2,44.0949288162805,25,25,selected_excess_spectral_mass,observable
6,3,31.737803536147226,25,25,selected_excess_spectral_mass,observable
6,4,15.692803149441726,25,25,selected_excess_spectral_mass,observable
6,5,5.215611364402162,25,25,selected_excess_spectral_mass,observable
6,6,2.199276634999856,25,25,selected_excess_spectral_mass,observable
6,7,0.15920772272560504,25,25,selected_excess_spectral_mass,observable
6,8,0.12541506913165487,25,25,selected_excess_spectral_mass,observable
6,9,0.12549602117198125,25,25,selected_excess_spectral_mass,observable
7,1,54.70558364157389,25,25,selected_excess_spectral_mass,observable
7,2,41.53618814832432,25,25,selected_excess_spectral_mass,observable
7,3,29.009293452315628,25,25,selected_excess_spectral_mass,observable
7,4,14.241368254462634,25,25,selected_excess_spectral_mass,observable
7,5,4.327455729230983,25,25,selected_excess_spectral_mass,observable
7,6,1.3967075268621776,25,25,selected_excess_spectral_mass,observable
7,7,0.11212947150239967,25,25,selected_excess_spectral_mass,observable
7,8,0.10660599418307244,25,25,selected_excess_spectral_mass,observable
7,9,0.1142285720996667,25,25,selected_excess_spectral_mass,observable
8,1,55.23372380656972,25,25,selected_excess_spectral_mass,observable
8,2,44.70239235073545,25,25,selected_excess_spectral_mass,observable
8,3,30.090188882078795,25,25,selected_excess_spectral_mass,observable
8,4,13.61796551159757,25,25,selected_excess_spectral_mass,observable
8,5,4.84884178187619,25,25,selected_excess_spectral_mass,observable
8,6,2.0955800770886883,25,25,selected_excess_spectral_mass,observable
8,7,0.10378444759541111,25,25,selected_excess_spectral_mass,observable
8,8,0.09818551353981983,25,25,selected_excess_spectral_mass,observable
8,9,0.10050396099154225,25,25,selected_excess_spectral_mass,observable
9,1,50.490580900084026,25,25,selected_excess_spectral_mass,observable
9,2,39.47236873517297,25,25,selected_excess_spectral_mass,observable
9,3,27.691704060801435,25,25,selected_excess_spectral_mass,observable
9,4,15.121363656835836,25,25,selected_excess_spectral_mass,observable
9,5,5.958104050136548,25,25,selected_excess_spectral_mass,observable
9,6,2.6383286625525013,25,25,selected_excess_spectral_mass,observable
9,7,0.1608391278233797,25,25,selected_excess_spectral_mass,observable
9,8,0.12453433500086968,25,25,selected_excess_spectral_mass,observable
9,9,0.11529350754958972,25,25,selected_excess_spectral_mass,observable
10,1,56.60716580968663,25,25,selected_excess_spectral_mass,observable
10,2,47.25082880023171,25,25,selected_excess_spectral_mass,observable
10,3,34.25427065142252,25,25,selected_excess_spectral_mass,observable
10,4,15.891974796626249,25,25,selected_excess_spectral_mass,observable
10,5,6.780965864864316,25,25,selected_excess_spectral_mass,observable
10,6,3.077603563898738,25,25,selected_excess_spectral_mass,observable
10,7,0.06479947666958893,25,25,selected_excess_spectral_mass,observable
10,8,0.0689718876398803,25,25,selected_excess_spectral_mass,observable
10,9,0.08078786360105367,25,25,selected_excess_spectral_mass,observable
11,1,53.13770088149117,25,25,selected_excess_spectral_mass,observable
11,2,44.131691730811205,25,25,selected_excess_spectral_mass,observable
11,3,31.51549327534118,25,25,selected_excess_spectral_mass,observable
11,4,14.750107928504185,25,25,selected_excess_spectral_mass,observable
11,5,5.604602620119426,25,25,selected_excess_spectral_mass,observable
11,6,2.686991578980316,25,25,selected_excess_spectral_mass,observable
11,7,0.1372128031592124,25,25,selected_excess_spectral_mass,observable
11,8,0.10664987513268091,25,25,selected_excess_spectral_mass,observable
11,9,0.0956315592653833,25,25,selected_excess_spectral_mass,observable
12,1,52.12566228083956,25,25,selected_excess_spectral_mass,observable
12,2,41.71855251669752,25,25,selected_excess_spectral_mass,observable
12,3,29.178892424109286,25,25,selected_excess_spectral_mass,observable
12,4,14.420568317518091,25,25,selected_excess_spectral_mass,observable
12,5,6.002726821160902,25,25,selected_excess_spectral_mass,observable
12,6,2.3109299957129887,25,25,selected_excess_spectral_mass,observable
12,7,0.11709709559077412,25,25,selected_excess_spectral_mass,observable
12,8,0.07704682053328459,25,25,selected_excess_spectral_mass,observable
12,9,0.0780061650582485,25,25,selected_excess_spectral_mass,observable
13,1,52.71121499582975,25,25,selected_excess_spectral_mass,observable
13,2,41.29054155158064,25,25,selected_excess_spectral_mass,observable
13,3,30.87314552869899,25,25,selected_excess_spectral_mass,observable
13,4,18.82964747429538,25,25,selected_excess_spectral_mass,observable
13,5,8.432410723197735,25,25,selected_excess_spectral_mass,observable
13,6,2.668000482724574,25,25,selected_excess_spectral_mass,observable
13,7,0.09258448337363454,25,25,selected_excess_spectral_mass,observable
13,8,0.07890426018003427,25,25,selected_excess_spectral_mass,observable
13,9,0.0764673512464767,25,25,selected_excess_spectral_mass,observable
14,1,55.76492336584807,25,25,selected_excess_spectral_mass,observable
14,2,44.826437874880014,25,25,selected_excess_spectral_mass,observable
14,3,30.316673824363612,25,25,selected_excess_spectral_mass,observable
14,4,11.256874621354655,25,25,selected_excess_spectral_mass,observable
14,5,3.896107127192295,25,25,selected_excess_spectral_mass,observable
14,6,1.5275549473747843,25,25,selected_excess_spectral_mass,observable
14,7,0.16832238942657188,25,25,selected_excess_spectral_mass,observable
14,8,0.09299267730628256,25,25,selected_excess_spectral_mass,observable
14,9,0.07743991591139351,25,25,selected_excess_spectral_mass,observable
15,1,56.35939984841274,25,25,selected_excess_spectral_mass,observable
15,2,47.95635167972922,25,25,selected_excess_spectral_mass,observable
15,3,32.82458542854941,25,25,selected_excess_spectral_mass,observable
15,4,18.691564932224896,25,25,selected_excess_spectral_mass,observable
15,5,10.670405741188093,25,25,selected_excess_spectral_mass,observable
15,6,3.2513859228577164,25,25,selected_excess_spectral_mass,observable
15,7,0.06548413936811273,25,25,selected_excess_spectral_mass,observable
15,8,0.06153403016660218,25,25,selected_excess_spectral_mass,observable
15,9,0.05536544770357374,25,25,selected_excess_spectral_mass,observable
16,1,54.12835969947968,25,25,selected_excess_spectral_mass,observable
16,2,43.6961907402823,25,25,selected_excess_spectral_mass,observable
16,3,31.797785690070505,25,25,selected_excess_spectral_mass,observable
16,4,15.859222682576606,25,25,selected_excess_spectral_mass,observable
16,5,6.416468635518597,25,25,selected_excess_spectral_mass,observable
16,6,2.885222840293673,25,25,selected_excess_spectral_mass,observable
16,7,0.07061738980593116,25,25,selected_excess_spectral_mass,observable
16,8,0.05918612892099453,25,25,selected_excess_spectral_mass,observable
16,9,0.052204417816873926,25,25,selected_excess_spectral_mass,observable
17,1,53.869051120036886,25,25,selected_excess_spectral_mass,observable
17,2,43.08573309415709,25,25,selected_excess_spectral_mass,observable
17,3,30.192857916958516,25,25,selected_excess_spectral_mass,observable
17,4,16.955951041348744,25,25,selected_excess_spectral_mass,observable
17,5,7.459898027436541,25,25,selected_excess_spectral_mass,observable
17,6,2.72411931193884,25,25,selected_excess_spectral_mass,observable
17,7,0.07318798226324758,25,25,selected_excess_spectral_mass,observable
17,8,0.08787382076301639,25,25,selected_excess_spectral_mass,observable
17,9,0.08985442113640114,25,25,selected_excess_spectral_mass,observable
18,1,53.327943914956585,25,25,selected_excess_spectral_mass,observable
18,2,43.77906932456553,25,25,selected_excess_spectral_mass,observable
18,3,32.68347875252892,25,25,selected_excess_spectral_mass,observable
18,4,15.383320723410725,25,25,selected_excess_spectral_mass,observable
18,5,6.83771932382276,25,25,selected_excess_spectral_mass,observable
18,6,2.7000646948384377,25,25,selected_excess_spectral_mass,observable
18,7,0.11540399201895445,25,25,selected_excess_spectral_mass,observable
18,8,0.07232877635495792,25,25,selected_excess_spectral_mass,observable
18,9,0.07972507602124257,25,25,selected_excess_spectral_mass,observable
19,1,57.756052589790094,25,25,selected_excess_spectral_mass,observable
19,2,47.451813499711946,25,25,selected_excess_spectral_mass,observable
19,3,34.18918461217581,25,25,selected_excess_spectral_mass,observable
19,4,14.590432823178887,25,25,selected_excess_spectral_mass,observable
19,5,4.585531781072694,25,25,selected_excess_spectral_mass,observable
19,6,1.9413444544863772,25,25,selected_excess_spectral_mass,observable
19,7,0.1295650077990429,25,25,selected_excess_spectral_mass,observable
19,8,0.12739909385677542,25,25,selected_excess_spectral_mass,observable
19,9,0.12252440121122499,25,25,selected_excess_spectral_mass,observable
0,1,5.331125794565839,25,25,gap_4_5,observable
0,2,1.4879675182082877,25,25,gap_4_5,observable
0,3,1.7145633416021135,25,25,gap_4_5,observable
0,4,0.06087582511314285,25,25,gap_4_5,observable
0,5,0.02350555269674797,25,25,gap_4_5,observable
0,6,0.022589038844615886,25,25,gap_4_5,observable
0,7,0.030118464747743264,25,25,gap_4_5,observable
0,8,0.02604411172593464,25,25,gap_4_5,observable
0,9,0.02039124145472168,25,25,gap_4_5,observable
1,1,4.555002577389733,25,25,gap_4_5,observable
1,2,0.653688456183535,25,25,gap_4_5,observable
1,3,1.6629630857105357,25,25,gap_4_5,observable
1,4,0.036789168571470035,25,25,gap_4_5,observable
1,5,0.032989517874469,25,25,gap_4_5,observable
1,6,0.024493653988684066,25,25,gap_4_5,observable
1,7,0.025871339818470663,25,25,gap_4_5,observable
1,8,0.025823539147505126,25,25,gap_4_5,observable
1,9,0.022628937277690317,25,25,gap_4_5,observable
2,1,5.728367762850925,25,25,gap_4_5,observable
2,2,0.44127619710430926,25,25,gap_4_5,observable
2,3,1.4906153664368063,25,25,gap_4_5,observable
2,4,0.05696458246458638,25,25,gap_4_5,observable
2,5,0.0421747080422146,25,25,gap_4_5,observable
2,6,0.030701684072118516,25,25,gap_4_5,observable
2,7,0.026422974898795984,25,25,gap_4_5,observable
2,8,0.028792271289232528,25,25,gap_4_5,observable
2,9,0.01860299500789505,25,25,gap_4_5,observable
3,1,2.5105791696328366,25,25,gap_4_5,observable
3,2,1.0107980013302962,25,25,gap_4_5,observable
3,3,1.9961035496268957,25,25,gap_4_5,observable
3,4,0.0707265357289199,25,25,gap_4_5,observable
3,5,0.05891911561232013,25,25,gap_4_5,observable
3,6,0.032052889837737554,25,25,gap_4_5,observable
3,7,0.03688652325681391,25,25,gap_4_5,observable
3,8,0.020119305210376637,25,25,gap_4_5,observable
3,9,0.022893214760742246,25,25,gap_4_5,observable
4,1,2.9108856090635955,25,25,gap_4_5,observable
4,2,1.8084626096010916,25,25,gap_4_5,observable
4,3,2.0538024714688574,25,25,gap_4_5,observable
4,4,0.044998791475039004,25,25,gap_4_5,observable
4,5,0.043125434176217115,25,25,gap_4_5,observable
4,6,0.053466484467435745,25,25,gap_4_5,observable
4,7,0.02864505772220551,25,25,gap_4_5,observable
4,8,0.02131793210553913,25,25,gap_4_5,observable
4,9,0.026269691866816873,25,25,gap_4_5,observable
5,1,4.382741153594292,25,25,gap_4_5,observable
5,2,1.1908035246720399,25,25,gap_4_5,observable
5,3,1.477701462476444,25,25,gap_4_5,observable
5,4,0.042290344596755666,25,25,gap_4_5,observable
5,5,0.0525254780645679,25,25,gap_4_5,observable
5,6,0.02117497205078974,25,25,gap_4_5,observable
5,7,0.0342621573505231,25,25,gap_4_5,observable
5,8,0.03839889537595565,25,25,gap_4_5,observable
5,9,0.02427804070834985,25,25,gap_4_5,observable
6,1,5.830663716310161,25,25,gap_4_5,observable
6,2,0.7909067134524101,25,25,gap_4_5,observable
6,3,1.2486462546524828,25,25,gap_4_5,observable
6,4,0.0535189217706752,25,25,gap_4_5,observable
6,5,0.040742850829064994,25,25,gap_4_5,observable
6,6,0.030972680716566746,25,25,gap_4_5,observable
6,7,0.04313479874419416,25,25,gap_4_5,observable
6,8,0.029748839339142755,25,25,gap_4_5,observable
6,9,0.02790621303182721,25,25,gap_4_5,observable
7,1,4.8690025193188555,25,25,gap_4_5,observable
7,2,0.837257993671011,25,25,gap_4_5,observable
7,3,0.9448890854822793,25,25,gap_4_5,observable
7,4,0.05747932316642989,25,25,gap_4_5,observable
7,5,0.032118518065414305,25,25,gap_4_5,observable
7,6,0.030557247033063558,25,25,gap_4_5,observable
7,7,0.026799595683657494,25,25,gap_4_5,observable
7,8,0.02319165312510355,25,25,gap_4_5,observable
7,9,0.031149844026526995,25,25,gap_4_5,observable
8,1,4.330906858429575,25,25,gap_4_5,observable
8,2,0.5112182300230796,25,25,gap_4_5,observable
8,3,1.2465479561023467,25,25,gap_4_5,observable
8,4,0.03839804145588043,25,25,gap_4_5,observable
8,5,0.038791058341376805,25,25,gap_4_5,observable
8,6,0.031640663011453254,25,25,gap_4_5,observable
8,7,0.021688675574575003,25,25,gap_4_5,observable
8,8,0.024817663151743195,25,25,gap_4_5,observable
8,9,0.023435536426328275,25,25,gap_4_5,observable
9,1,5.038707167576241,25,25,gap_4_5,observable
9,2,0.7810137618321121,25,25,gap_4_5,observable
9,3,1.6104720308565257,25,25,gap_4_5,observable
9,4,0.076880051357092,25,25,gap_4_5,observable
9,5,0.052521679146745,25,25,gap_4_5,observable
9,6,0.02896376786188085,25,25,gap_4_5,observable
9,7,0.027305017795999607,25,25,gap_4_5,observable
9,8,0.024395049558293923,25,25,gap_4_5,observable
9,9,0.026158400455080923,25,25,gap_4_5,observable
10,1,3.978450026676199,25,25,gap_4_5,observable
10,2,0.7183487008260535,25,25,gap_4_5,observable
10,3,1.789526623898167,25,25,gap_4_5,observable
10,4,0.04136008359280453,25,25,gap_4_5,observable
10,5,0.022199144977063524,25,25,gap_4_5,observable
10,6,0.02789843383744014,25,25,gap_4_5,observable
10,7,0.029901937274367837,25,25,gap_4_5,observable
10,8,0.02780595218594241,25,25,gap_4_5,observable
10,9,0.023625727066782138,25,25,gap_4_5,observable
11,1,4.055807188688276,25,25,gap_4_5,observable
11,2,0.8017152426643911,25,25,gap_4_5,observable
11,3,1.4329787044154525,25,25,gap_4_5,observable
11,4,0.08626795235705093,25,25,gap_4_5,observable
11,5,0.06150128386948131,25,25,gap_4_5,observable
11,6,0.03208674378050593,25,25,gap_4_5,observable
11,7,0.023114224263885267,25,25,gap_4_5,observable
11,8,0.02193421970927254,25,25,gap_4_5,observable
11,9,0.02874706211771078,25,25,gap_4_5,observable
12,1,3.955668281650718,25,25,gap_4_5,observable
12,2,0.8672170554799156,25,25,gap_4_5,observable
12,3,1.5955248203082562,25,25,gap_4_5,observable
12,4,0.06126788351114043,25,25,gap_4_5,observable
12,5,0.0398830561828425,25,25,gap_4_5,observable
12,6,0.02555272385034246,25,25,gap_4_5,observable
12,7,0.02811260538692101,25,25,gap_4_5,observable
12,8,0.021592871148134084,25,25,gap_4_5,observable
12,9,0.02691020178998342,25,25,gap_4_5,observable
13,1,4.618447772114626,25,25,gap_4_5,observable
13,2,2.009852790542276,25,25,gap_4_5,observable
13,3,1.8896159464441658,25,25,gap_4_5,observable
13,4,0.05868685841481515,25,25,gap_4_5,observable
13,5,0.03392079332718742,25,25,gap_4_5,observable
13,6,0.028983139098769345,25,25,gap_4_5,observable
13,7,0.025580210948955972,25,25,gap_4_5,observable
13,8,0.01846269175523131,25,25,gap_4_5,observable
13,9,0.019935870907500732,25,25,gap_4_5,observable
14,1,3.3736664634612143,25,25,gap_4_5,observable
14,2,0.4628260292219403,25,25,gap_4_5,observable
14,3,0.990923126001661,25,25,gap_4_5,observable
14,4,0.06649397852450757,25,25,gap_4_5,observable
14,5,0.06094672534426581,25,25,gap_4_5,observable
14,6,0.02699547449177231,25,25,gap_4_5,observable
14,7,0.022475148316043317,25,25,gap_4_5,observable
14,8,0.021298564135361887,25,25,gap_4_5,observable
14,9,0.027057051146218324,25,25,gap_4_5,observable
15,1,2.190600919229892,25,25,gap_4_5,observable
15,2,2.7585343411635446,25,25,gap_4_5,observable
15,3,2.1480148422447116,25,25,gap_4_5,observable
15,4,0.03107865117004831,25,25,gap_4_5,observable
15,5,0.028030690606078167,25,25,gap_4_5,observable
15,6,0.03157831367973979,25,25,gap_4_5,observable
15,7,0.021578133184938047,25,25,gap_4_5,observable
15,8,0.022305298237011592,25,25,gap_4_5,observable
15,9,0.020671272691029276,25,25,gap_4_5,observable
16,1,5.17232664064696,25,25,gap_4_5,observable
16,2,0.774108106319492,25,25,gap_4_5,observable
16,3,1.7141991482185788,25,25,gap_4_5,observable
16,4,0.03710648625637429,25,25,gap_4_5,observable
16,5,0.03510613325864289,25,25,gap_4_5,observable
16,6,0.025408522595051494,25,25,gap_4_5,observable
16,7,0.020382740499569195,25,25,gap_4_5,observable
16,8,0.02679317513321275,25,25,gap_4_5,observable
16,9,0.028299251999381898,25,25,gap_4_5,observable
17,1,5.388633266958301,25,25,gap_4_5,observable
17,2,1.657510117935603,25,25,gap_4_5,observable
17,3,1.613256508796973,25,25,gap_4_5,observable
17,4,0.04249562707218046,25,25,gap_4_5,observable
17,5,0.025106861823082558,25,25,gap_4_5,observable
17,6,0.02125694749230929,25,25,gap_4_5,observable
17,7,0.03456207719961391,25,25,gap_4_5,observable
17,8,0.028573992902153192,25,25,gap_4_5,observable
17,9,0.02299572398330714,25,25,gap_4_5,observable
18,1,4.229080329921507,25,25,gap_4_5,observable
18,2,1.1697237696204228,25,25,gap_4_5,observable
18,3,1.6313110435601186,25,25,gap_4_5,observable
18,4,0.07748542761457235,25,25,gap_4_5,observable
18,5,0.03877286163696619,25,25,gap_4_5,observable
18,6,0.03252243883072093,25,25,gap_4_5,observable
18,7,0.030461509241751273,25,25,gap_4_5,observable
18,8,0.025693994161079564,25,25,gap_4_5,observable
18,9,0.024077135379416047,25,25,gap_4_5,observable
19,1,4.8082635984001225,25,25,gap_4_5,observable
19,2,0.5337177705771592,25,25,gap_4_5,observable
19,3,1.0693785103905586,25,25,gap_4_5,observable
19,4,0.03664242325601503,25,25,gap_4_5,observable
19,5,0.030340621005711218,25,25,gap_4_5,observable
19,6,0.026832146284708546,25,25,gap_4_5,observable
19,7,0.03668830005136981,25,25,gap_4_5,observable
19,8,0.02697190669267204,25,25,gap_4_5,observable
19,9,0.01841591207800717,25,25,gap_4_5,observable
0,1,4.754234514681688,25,25,lambda4_over_edge,observable
0,2,2.2022563440781355,25,25,lambda4_over_edge,observable
0,3,1.7480157125520634,25,25,lambda4_over_edge,observable
0,4,0.8765386952416455,25,25,lambda4_over_edge,observable
0,5,0.9222929027323904,25,25,lambda4_over_edge,observable
0,6,0.9543236558801218,25,25,lambda4_over_edge,observable
0,7,0.9775963576430658,25,25,lambda4_over_edge,observable
0,8,0.9776831770218625,25,25,lambda4_over_edge,observable
0,9,0.9790941897458572,25,25,lambda4_over_edge,observable
1,1,3.973777180292099,25,25,lambda4_over_edge,observable
1,2,1.7138439632978575,25,25,lambda4_over_edge,observable
1,3,1.719297432798696,25,25,lambda4_over_edge,observable
1,4,0.8792267164216393,25,25,lambda4_over_edge,observable
1,5,0.9332179487596047,25,25,lambda4_over_edge,observable
1,6,0.9510622467250757,25,25,lambda4_over_edge,observable
1,7,0.9766590531553002,25,25,lambda4_over_edge,observable
1,8,0.9816969105648939,25,25,lambda4_over_edge,observable
1,9,0.9847046166748443,25,25,lambda4_over_edge,observable
2,1,4.568867643631866,25,25,lambda4_over_edge,observable
2,2,1.5200804875570022,25,25,lambda4_over_edge,observable
2,3,1.6636128857452257,25,25,lambda4_over_edge,observable
2,4,0.8970807040783824,25,25,lambda4_over_edge,observable
2,5,0.9467099379620927,25,25,lambda4_over_edge,observable
2,6,0.9573096862899688,25,25,lambda4_over_edge,observable
2,7,0.975938145402447,25,25,lambda4_over_edge,observable
2,8,0.9787354662109954,25,25,lambda4_over_edge,observable
2,9,0.9816973423621765,25,25,lambda4_over_edge,observable
3,1,2.9894752536658444,25,25,lambda4_over_edge,observable
3,2,2.045033373940635,25,25,lambda4_over_edge,observable
3,3,1.9031059210913974,25,25,lambda4_over_edge,observable
3,4,0.9060380191436294,25,25,lambda4_over_edge,observable
3,5,0.9390934613746643,25,25,lambda4_over_edge,observable
3,6,0.9571281022743883,25,25,lambda4_over_edge,observable
3,7,0.9820333893645875,25,25,lambda4_over_edge,observable
3,8,0.9793307658389349,25,25,lambda4_over_edge,observable
3,9,0.986528650538066,25,25,lambda4_over_edge,observable
4,1,3.6290879131907228,25,25,lambda4_over_edge,observable
4,2,2.529160877055956,25,25,lambda4_over_edge,observable
4,3,1.9496084690853415,25,25,lambda4_over_edge,observable
4,4,0.8782191187537991,25,25,lambda4_over_edge,observable
4,5,0.9363482666011965,25,25,lambda4_over_edge,observable
4,6,0.9750029931339844,25,25,lambda4_over_edge,observable
4,7,0.9881152279455182,25,25,lambda4_over_edge,observable
4,8,0.9897849089729776,25,25,lambda4_over_edge,observable
4,9,0.9945140191588726,25,25,lambda4_over_edge,observable
5,1,4.078919383402397,25,25,lambda4_over_edge,observable
5,2,1.9950411720378105,25,25,lambda4_over_edge,observable
5,3,1.6049176868396784,25,25,lambda4_over_edge,observable
5,4,0.8714694949107299,25,25,lambda4_over_edge,observable
5,5,0.9370283562740092,25,25,lambda4_over_edge,observable
5,6,0.9559615118086359,25,25,lambda4_over_edge,observable
5,7,0.9813136143061925,25,25,lambda4_over_edge,observable
5,8,0.9832852792742428,25,25,lambda4_over_edge,observable
5,9,0.9799693917860293,25,25,lambda4_over_edge,observable
6,1,4.62235958284529,25,25,lambda4_over_edge,observable
6,2,1.5998768721441439,25,25,lambda4_over_edge,observable
6,3,1.4596025319605102,25,25,lambda4_over_edge,observable
6,4,0.8812548569341699,25,25,lambda4_over_edge,observable
6,5,0.9462561570759489,25,25,lambda4_over_edge,observable
6,6,0.9684956190849343,25,25,lambda4_over_edge,observable
6,7,0.9869818146098024,25,25,lambda4_over_edge,observable
6,8,0.9820540554427106,25,25,lambda4_over_edge,observable
6,9,0.9844964608551579,25,25,lambda4_over_edge,observable
7,1,3.9307712057836044,25,25,lambda4_over_edge,observable
7,2,1.5428766979570006,25,25,lambda4_over_edge,observable
7,3,1.30328485631712,25,25,lambda4_over_edge,observable
7,4,0.8798396361939668,25,25,lambda4_over_edge,observable
7,5,0.9510105829496124,25,25,lambda4_over_edge,observable
7,6,0.975334716751434,25,25,lambda4_over_edge,observable
7,7,0.9824424603057557,25,25,lambda4_over_edge,observable
7,8,0.984494836884169,25,25,lambda4_over_edge,observable
7,9,0.9885856573321056,25,25,lambda4_over_edge,observable
8,1,3.6193564700700995,25,25,lambda4_over_edge,observable
8,2,1.4391368644114955,25,25,lambda4_over_edge,observable
8,3,1.4781016918528964,25,25,lambda4_over_edge,observable
8,4,0.8929443235945793,25,25,lambda4_over_edge,observable
8,5,0.9521093487270816,25,25,lambda4_over_edge,observable
8,6,0.9631768981685211,25,25,lambda4_over_edge,observable
8,7,0.9782809639431158,25,25,lambda4_over_edge,observable
8,8,0.983994683470262,25,25,lambda4_over_edge,observable
8,9,0.9873142753037909,25,25,lambda4_over_edge,observable
9,1,4.334456058444268,25,25,lambda4_over_edge,observable
9,2,1.8789582103907372,25,25,lambda4_over_edge,observable
9,3,1.7425695111661983,25,25,lambda4_over_edge,observable
9,4,0.9103736883009402,25,25,lambda4_over_edge,observable
9,5,0.9504652878939072,25,25,lambda4_over_edge,observable
9,6,0.960059737525375,25,25,lambda4_over_edge,observable
9,7,0.9829175689791206,25,25,lambda4_over_edge,observable
9,8,0.9851899594897623,25,25,lambda4_over_edge,observable
9,9,0.9896687426643208,25,25,lambda4_over_edge,observable
10,1,3.6649410619129985,25,25,lambda4_over_edge,observable
10,2,1.7565805214680095,25,25,lambda4_over_edge,observable
10,3,1.755711406255432,25,25,lambda4_over_edge,observable
10,4,0.8613019215987202,25,25,lambda4_over_edge,observable
10,5,0.916278149129876,25,25,lambda4_over_edge,observable
10,6,0.9508260143970307,25,25,lambda4_over_edge,observable
10,7,0.974648351731133,25,25,lambda4_over_edge,observable
10,8,0.9756624425767891,25,25,lambda4_over_edge,observable
10,9,0.9758837413609618,25,25,lambda4_over_edge,observable
11,1,3.680145757280238,25,25,lambda4_over_edge,observable
11,2,1.7460647673758063,25,25,lambda4_over_edge,observable
11,3,1.591726852206669,25,25,lambda4_over_edge,observable
11,4,0.9034836920390161,25,25,lambda4_over_edge,observable
11,5,0.9523059017718992,25,25,lambda4_over_edge,observable
11,6,0.9539691684932844,25,25,lambda4_over_edge,observable
11,7,0.9773274276197119,25,25,lambda4_over_edge,observable
11,8,0.9809058644801106,25,25,lambda4_over_edge,observable
11,9,0.9862439599180337,25,25,lambda4_over_edge,observable
12,1,3.6394448591261632,25,25,lambda4_over_edge,observable
12,2,1.8750952147955693,25,25,lambda4_over_edge,observable
12,3,1.6839306202670181,25,25,lambda4_over_edge,observable
12,4,0.8889265507970064,25,25,lambda4_over_edge,observable
12,5,0.9362969016333865,25,25,lambda4_over_edge,observable
12,6,0.9620740494736253,25,25,lambda4_over_edge,observable
12,7,0.9773499174356398,25,25,lambda4_over_edge,observable
12,8,0.9770050616127645,25,25,lambda4_over_edge,observable
12,9,0.9828134931584497,25,25,lambda4_over_edge,observable
13,1,4.822545221004939,25,25,lambda4_over_edge,observable
13,2,2.693120621527744,25,25,lambda4_over_edge,observable
13,3,1.8395837691883379,25,25,lambda4_over_edge,observable
13,4,0.8572228757983555,25,25,lambda4_over_edge,observable
13,5,0.9148404516025068,25,25,lambda4_over_edge,observable
13,6,0.954005556432558,25,25,lambda4_over_edge,observable
13,7,0.9720186343142271,25,25,lambda4_over_edge,observable
13,8,0.9759851263500653,25,25,lambda4_over_edge,observable
13,9,0.9826059483746167,25,25,lambda4_over_edge,observable
14,1,2.959169896102186,25,25,lambda4_over_edge,observable
14,2,1.298773322081267,25,25,lambda4_over_edge,observable
14,3,1.3401673882800238,25,25,lambda4_over_edge,observable
14,4,0.922352628793802,25,25,lambda4_over_edge,observable
14,5,0.9502473570364325,25,25,lambda4_over_edge,observable
14,6,0.9524849438174547,25,25,lambda4_over_edge,observable
14,7,0.9701096199230212,25,25,lambda4_over_edge,observable
14,8,0.9751463819802219,25,25,lambda4_over_edge,observable
14,9,0.9817619205356553,25,25,lambda4_over_edge,observable
15,1,3.704400450029816,25,25,lambda4_over_edge,observable
15,2,3.0529083141718996,25,25,lambda4_over_edge,observable
15,3,1.9712141110367158,25,25,lambda4_over_edge,observable
15,4,0.8502768855568719,25,25,lambda4_over_edge,observable
15,5,0.9075900876419283,25,25,lambda4_over_edge,observable
15,6,0.9519517229403089,25,25,lambda4_over_edge,observable
15,7,0.9693941427346793,25,25,lambda4_over_edge,observable
15,8,0.9737186671535812,25,25,lambda4_over_edge,observable
15,9,0.9786351052893981,25,25,lambda4_over_edge,observable
16,1,4.375823202625703,25,25,lambda4_over_edge,observable
16,2,1.83184759517158,25,25,lambda4_over_edge,observable
16,3,1.728178483598428,25,25,lambda4_over_edge,observable
16,4,0.8556202463220636,25,25,lambda4_over_edge,observable
16,5,0.9192663894696402,25,25,lambda4_over_edge,observable
16,6,0.9412808300939752,25,25,lambda4_over_edge,observable
16,7,0.9717756684479436,25,25,lambda4_over_edge,observable
16,8,0.9765653407788111,25,25,lambda4_over_edge,observable
16,9,0.9784158639615724,25,25,lambda4_over_edge,observable
17,1,4.772127328133443,25,25,lambda4_over_edge,observable
17,2,2.3009797665292466,25,25,lambda4_over_edge,observable
17,3,1.6924946283124294,25,25,lambda4_over_edge,observable
17,4,0.8573380500438769,25,25,lambda4_over_edge,observable
17,5,0.9167069568656052,25,25,lambda4_over_edge,observable
17,6,0.9517197471180939,25,25,lambda4_over_edge,observable
17,7,0.9778973147493261,25,25,lambda4_over_edge,observable
17,8,0.9756283835609335,25,25,lambda4_over_edge,observable
17,9,0.9775653198948991,25,25,lambda4_over_edge,observable
18,1,4.010946934304272,25,25,lambda4_over_edge,observable
18,2,1.9980131372612675,25,25,lambda4_over_edge,observable
18,3,1.6560505385388422,25,25,lambda4_over_edge,observable
18,4,0.8943614894134783,25,25,lambda4_over_edge,observable
18,5,0.9308098379725339,25,25,lambda4_over_edge,observable
18,6,0.9565668233804758,25,25,lambda4_over_edge,observable
18,7,0.9765613639469827,25,25,lambda4_over_edge,observable
18,8,0.9777976102747026,25,25,lambda4_over_edge,observable
18,9,0.9822819042123884,25,25,lambda4_over_edge,observable
19,1,3.7757703597430425,25,25,lambda4_over_edge,observable
19,2,1.3488645722145325,25,25,lambda4_over_edge,observable
19,3,1.3422346112548025,25,25,lambda4_over_edge,observable
19,4,0.8750431138516458,25,25,lambda4_over_edge,observable
19,5,0.9453268618199502,25,25,lambda4_over_edge,observable
19,6,0.9671633679995837,25,25,lambda4_over_edge,observable
19,7,0.9874851057775967,25,25,lambda4_over_edge,observable
19,8,0.9842737255940703,25,25,lambda4_over_edge,observable
19,9,0.9863650549055859,25,25,lambda4_over_edge,observable
0,1,0.7886658430646211,25,25,residual_variance_ratio,observable
0,2,0.597714969373352,25,25,residual_variance_ratio,observable
0,3,0.43663960882109293,25,25,residual_variance_ratio,observable
0,4,0.34413912254148543,25,25,residual_variance_ratio,observable
0,5,0.2902723363628542,25,25,residual_variance_ratio,observable
0,6,0.26723935824105743,25,25,residual_variance_ratio,observable
0,7,0.2542692049756091,25,25,residual_variance_ratio,observable
0,8,0.24962733824627456,25,25,residual_variance_ratio,observable
0,9,0.24514193382639626,25,25,residual_variance_ratio,observable
1,1,0.805653011656181,25,25,residual_variance_ratio,observable
1,2,0.6138036015245599,25,25,residual_variance_ratio,observable
1,3,0.45578377820592436,25,25,residual_variance_ratio,observable
1,4,0.3410953330327088,25,25,residual_variance_ratio,observable
1,5,0.29342030407324327,25,25,residual_variance_ratio,observable
1,6,0.2760893905588418,25,25,residual_variance_ratio,observable
1,7,0.2624952355112881,25,25,residual_variance_ratio,observable
1,8,0.2577502963918201,25,25,residual_variance_ratio,observable
1,9,0.25309206068624573,25,25,residual_variance_ratio,observable
2,1,0.7717477225643944,25,25,residual_variance_ratio,observable
2,2,0.5811378846815661,25,25,residual_variance_ratio,observable
2,3,0.42668043879321504,25,25,residual_variance_ratio,observable
2,4,0.3276554407056833,25,25,residual_variance_ratio,observable
2,5,0.27889601975964523,25,25,residual_variance_ratio,observable
2,6,0.26435130242206883,25,25,residual_variance_ratio,observable
2,7,0.25244576055113827,25,25,residual_variance_ratio,observable
2,8,0.24783928568744307,25,25,residual_variance_ratio,observable
2,9,0.24332952389743004,25,25,residual_variance_ratio,observable
3,1,0.7600825409209867,25,25,residual_variance_ratio,observable
3,2,0.5609372197321363,25,25,residual_variance_ratio,observable
3,3,0.41537989046712626,25,25,residual_variance_ratio,observable
3,4,0.29047315642262606,25,25,residual_variance_ratio,observable
3,5,0.25777815714546226,25,25,residual_variance_ratio,observable
3,6,0.2386826537938792,25,25,residual_variance_ratio,observable
3,7,0.2259453973192296,25,25,residual_variance_ratio,observable
3,8,0.22181526448407193,25,25,residual_variance_ratio,observable
3,9,0.2177681985237256,25,25,residual_variance_ratio,observable
4,1,0.6512522951457419,25,25,residual_variance_ratio,observable
4,2,0.4786317003107568,25,25,residual_variance_ratio,observable
4,3,0.36314693009187826,25,25,residual_variance_ratio,observable
4,4,0.2828869274909184,25,25,residual_variance_ratio,observable
4,5,0.24798900246193878,25,25,residual_variance_ratio,observable
4,6,0.22682586654425513,25,25,residual_variance_ratio,observable
4,7,0.2144322361618659,25,25,residual_variance_ratio,observable
4,8,0.21045360010787525,25,25,residual_variance_ratio,observable
4,9,0.20661756184218352,25,25,residual_variance_ratio,observable
5,1,0.7941651397410253,25,25,residual_variance_ratio,observable
5,2,0.6115753134860286,25,25,residual_variance_ratio,observable
5,3,0.4584309682715853,25,25,residual_variance_ratio,observable
5,4,0.34691796312633505,25,25,residual_variance_ratio,observable
5,5,0.2964275477683092,25,25,residual_variance_ratio,observable
5,6,0.27617888523689754,25,25,residual_variance_ratio,observable
5,7,0.263715073217398,25,25,residual_variance_ratio,observable
5,8,0.2589409146862808,25,25,residual_variance_ratio,observable
5,9,0.254285685719706,25,25,residual_variance_ratio,observable
6,1,0.7672987814997182,25,25,residual_variance_ratio,observable
6,2,0.5922366168157218,25,25,residual_variance_ratio,observable
6,3,0.4551160535903564,25,25,residual_variance_ratio,observable
6,4,0.3382107075485002,25,25,residual_variance_ratio,observable
6,5,0.28587897769745607,25,25,residual_variance_ratio,observable
6,6,0.27002066734495866,25,25,residual_variance_ratio,observable
6,7,0.25880869723171035,25,25,residual_variance_ratio,observable
6,8,0.25400687593678584,25,25,residual_variance_ratio,observable
6,9,0.2493886413881522,25,25,residual_variance_ratio,observable
7,1,0.7763706209073158,25,25,residual_variance_ratio,observable
7,2,0.5754631567257011,25,25,residual_variance_ratio,observable
7,3,0.43593839427362396,25,25,residual_variance_ratio,observable
7,4,0.32711064788377603,25,25,residual_variance_ratio,observable
7,5,0.2795477226001808,25,25,residual_variance_ratio,observable
7,6,0.26522043545839635,25,25,residual_variance_ratio,observable
7,7,0.25639823576013204,25,25,residual_variance_ratio,observable
7,8,0.25173423515268917,25,25,residual_variance_ratio,observable
7,9,0.2471925367746538,25,25,residual_variance_ratio,observable
8,1,0.7662632266940745,25,25,residual_variance_ratio,observable
8,2,0.5754305852582324,25,25,residual_variance_ratio,observable
8,3,0.4180007815602401,25,25,residual_variance_ratio,observable
8,4,0.3017469864230209,25,25,residual_variance_ratio,observable
8,5,0.2614913132872786,25,25,residual_variance_ratio,observable
8,6,0.24822716946059042,25,25,residual_variance_ratio,observable
8,7,0.23832003557289944,25,25,residual_variance_ratio,observable
8,8,0.23402966909924244,25,25,residual_variance_ratio,observable
8,9,0.22981772581146412,25,25,residual_variance_ratio,observable
9,1,0.781347495573472,25,25,residual_variance_ratio,observable
9,2,0.6062783690786636,25,25,residual_variance_ratio,observable
9,3,0.46089384281694346,25,25,residual_variance_ratio,observable
9,4,0.3591677980086429,25,25,residual_variance_ratio,observable
9,5,0.3092841967830483,25,25,residual_variance_ratio,observable
9,6,0.291213039916276,25,25,residual_variance_ratio,observable
9,7,0.27735334662517636,25,25,residual_variance_ratio,observable
9,8,0.2722475552693723,25,25,residual_variance_ratio,observable
9,9,0.2672780033543622,25,25,residual_variance_ratio,observable
10,1,0.775320007032473,25,25,residual_variance_ratio,observable
10,2,0.5936329633518752,25,25,residual_variance_ratio,observable
10,3,0.44268572427442926,25,25,residual_variance_ratio,observable
10,4,0.3069285585086582,25,25,residual_variance_ratio,observable
10,5,0.2646210830523956,25,25,residual_variance_ratio,observable
10,6,0.24807813035386114,25,25,residual_variance_ratio,observable
10,7,0.2353282217023544,25,25,residual_variance_ratio,observable
10,8,0.23113151398695886,25,25,residual_variance_ratio,observable
10,9,0.22701284530133897,25,25,residual_variance_ratio,observable
11,1,0.7807997372370126,25,25,residual_variance_ratio,observable
11,2,0.5958330981664907,25,25,residual_variance_ratio,observable
11,3,0.4427233879362032,25,25,residual_variance_ratio,observable
11,4,0.3214198639952408,25,25,residual_variance_ratio,observable
11,5,0.2772929126805239,25,25,residual_variance_ratio,observable
11,6,0.2621267543471776,25,25,residual_variance_ratio,observable
11,7,0.2503272183937764,25,25,residual_variance_ratio,observable
11,8,0.24571846023310492,25,25,residual_variance_ratio,observable
11,9,0.24126852175547284,25,25,residual_variance_ratio,observable
12,1,0.7351408146877694,25,25,residual_variance_ratio,observable
12,2,0.5516696178807787,25,25,residual_variance_ratio,observable
12,3,0.41678651180272297,25,25,residual_variance_ratio,observable
12,4,0.3024222243835944,25,25,residual_variance_ratio,observable
12,5,0.2634572640854108,25,25,residual_variance_ratio,observable
12,6,0.24723414076876737,25,25,residual_variance_ratio,observable
12,7,0.23656175272858884,25,25,residual_variance_ratio,observable
12,8,0.23221499885309146,25,25,residual_variance_ratio,observable
12,9,0.22802383182128666,25,25,residual_variance_ratio,observable
13,1,0.7567817311638695,25,25,residual_variance_ratio,observable
13,2,0.5641199728929817,25,25,residual_variance_ratio,observable
13,3,0.4448519356290936,25,25,residual_variance_ratio,observable
13,4,0.35378250423306495,25,25,residual_variance_ratio,observable
13,5,0.29829357930774136,25,25,residual_variance_ratio,observable
13,6,0.27191245271517195,25,25,residual_variance_ratio,observable
13,7,0.25870833982012215,25,25,residual_variance_ratio,observable
13,8,0.25401700281058387,25,25,residual_variance_ratio,observable
13,9,0.24946726773915612,25,25,residual_variance_ratio,observable
14,1,0.7721540075750543,25,25,residual_variance_ratio,observable
14,2,0.5669914924643542,25,25,residual_variance_ratio,observable
14,3,0.3974696052552846,25,25,residual_variance_ratio,observable
14,4,0.28115804345702416,25,25,residual_variance_ratio,observable
14,5,0.24872058905350028,25,25,residual_variance_ratio,observable
14,6,0.2374190716175102,25,25,residual_variance_ratio,observable
14,7,0.22954870384666143,25,25,residual_variance_ratio,observable
14,8,0.2252673975713122,25,25,residual_variance_ratio,observable
14,9,0.22119957929777237,25,25,residual_variance_ratio,observable
15,1,0.7912560088749754,25,25,residual_variance_ratio,observable
15,2,0.6034591955694106,25,25,residual_variance_ratio,observable
15,3,0.43434447331717096,25,25,residual_variance_ratio,observable
15,4,0.32927324159380933,25,25,residual_variance_ratio,observable
15,5,0.28626302759299954,25,25,residual_variance_ratio,observable
15,6,0.2527610650392007,25,25,residual_variance_ratio,observable
15,7,0.2383639042917738,25,25,residual_variance_ratio,observable
15,8,0.23409707479267058,25,25,residual_variance_ratio,observable
15,9,0.22990607974401772,25,25,residual_variance_ratio,observable
16,1,0.788308786613026,25,25,residual_variance_ratio,observable
16,2,0.5918109742137737,25,25,residual_variance_ratio,observable
16,3,0.4485732595393872,25,25,residual_variance_ratio,observable
16,4,0.3285815812711504,25,25,residual_variance_ratio,observable
16,5,0.2812259622516952,25,25,residual_variance_ratio,observable
16,6,0.26379995521951977,25,25,residual_variance_ratio,observable
16,7,0.251012942189728,25,25,residual_variance_ratio,observable
16,8,0.246508700333925,25,25,residual_variance_ratio,observable
16,9,0.2421116026784996,25,25,residual_variance_ratio,observable
17,1,0.7865021815386648,25,25,residual_variance_ratio,observable
17,2,0.5937425017649823,25,25,residual_variance_ratio,observable
17,3,0.44986883511748843,25,25,residual_variance_ratio,observable
17,4,0.34526596018196254,25,25,residual_variance_ratio,observable
17,5,0.29338283141600197,25,25,residual_variance_ratio,observable
17,6,0.27110470232762063,25,25,residual_variance_ratio,observable
17,7,0.25779286404082885,25,25,residual_variance_ratio,observable
17,8,0.2531635178676558,25,25,residual_variance_ratio,observable
17,9,0.2486265314629926,25,25,residual_variance_ratio,observable
18,1,0.7604447039015372,25,25,residual_variance_ratio,observable
18,2,0.571054216969262,25,25,residual_variance_ratio,observable
18,3,0.4391618646889248,25,25,residual_variance_ratio,observable
18,4,0.32366415408204596,25,25,residual_variance_ratio,observable
18,5,0.278366523828275,25,25,residual_variance_ratio,observable
18,6,0.2594165022468593,25,25,residual_variance_ratio,observable
18,7,0.2467808311838759,25,25,residual_variance_ratio,observable
18,8,0.2422015941917165,25,25,residual_variance_ratio,observable
18,9,0.23784510902766393,25,25,residual_variance_ratio,observable
19,1,0.7949981888144528,25,25,residual_variance_ratio,observable
19,2,0.6038974261868675,25,25,residual_variance_ratio,observable
19,3,0.4436453554609968,25,25,residual_variance_ratio,observable
19,4,0.3003271673666204,25,25,residual_variance_ratio,observable
19,5,0.25693394612041165,25,25,residual_variance_ratio,observable
19,6,0.24429438949206375,25,25,residual_variance_ratio,observable
19,7,0.23499156799027024,25,25,residual_variance_ratio,observable
19,8,0.23072979095408908,25,25,residual_variance_ratio,observable
19,9,0.22657105438470793,25,25,residual_variance_ratio,observable
